u-g,g-r,r-i,i-z,class
1.3360009999999978,0.4895580000000006,0.10863499999999959,0.06855200000000039,star
0.4319999999999986,-0.10899999999999821,-0.1910000000000025,-0.07199999999999918,wd
0.38899999999999935,0.120000000000001,0.26500000000000057,-0.062000000000001165,qso
0.8753980000000006,0.2582899999999988,0.07767099999999871,0.035883000000001886,star
0.9071110000000004,0.2867660000000001,0.11201600000000056,0.023565999999998866,star
-0.397000000000002,-0.49299999999999855,-0.39000000000000057,-0.4989999999999988,wd
0.40000000000000213,-0.009000000000000341,-0.2740000000000009,0.05699999999999861,wd
1.4657319999999991,0.5466429999999995,0.21469499999999897,0.07575100000000035,star
2.5626929999999994,1.2010930000000002,0.5321979999999993,0.23561100000000046,star
1.0722099999999983,0.42279800000000023,0.12012,0.05034400000000261,star
0.4579999999999984,0.3290000000000006,0.43799999999999883,0.22299999999999898,qso
0.5560000000000009,0.11400000000000077,-0.14700000000000202,0.5150000000000006,qso
0.5129999999999981,0.14300000000000068,0.0070000000000014495,-0.027000000000001023,wd
1.1473769999999988,0.39341500000000096,0.1277609999999978,0.044814000000000576,star
0.352999999999998,-0.09099999999999753,-0.2270000000000003,-0.02500000000000213,wd
0.2749999999999986,0.27800000000000225,-0.020000000000003126,0.4180000000000028,qso
1.821047,0.7326370000000004,0.24375399999999914,0.14718799999999987,star
0.03200000000000003,0.2560000000000002,0.02400000000000091,-0.09100000000000108,qso
0.19900000000000162,-0.3260000000000005,-0.30600000000000094,-0.1750000000000007,wd
0.1390000000000029,0.14399999999999835,0.3240000000000016,-0.02500000000000213,qso
1.3809359999999984,0.5286599999999986,0.18039500000000075,0.10496200000000044,star
0.2859999999999978,-0.1479999999999997,-0.18299999999999983,-0.16699999999999804,wd
0.5629999999999988,-0.18100000000000094,-0.23799999999999955,-0.0329999999999977,wd
0.9100459999999977,0.2326119999999996,0.09268800000000255,-0.01763700000000057,star
0.504999999999999,0.10500000000000043,0.022999999999999687,0.12300000000000111,qso
0.45200000000000173,0.021000000000000796,0.007999999999999119,-0.30900000000000105,wd
0.559000000000001,-0.2140000000000022,-0.19199999999999662,-0.02500000000000213,wd
0.15499999999999758,0.19900000000000162,-0.013999999999999346,0.0779999999999994,qso
0.370000000000001,0.06500000000000128,-0.06899999999999906,-0.0730000000000004,wd
0.14000000000000057,-0.3810000000000002,-0.2900000000000027,-0.4089999999999989,wd
0.13700000000000045,0.006000000000000227,-0.18100000000000094,-0.15700000000000003,wd
-0.26399999999999935,-0.2940000000000005,0.2710000000000008,0.3249999999999993,wd
0.40000000000000213,0.010999999999999233,-0.04899999999999949,-0.14500000000000313,wd
0.33999999999999986,-0.08600000000000207,-0.23300000000000054,-0.24499999999999744,wd
-0.15600000000000236,-0.46799999999999997,-0.2839999999999989,-0.20599999999999952,wd
1.012483999999997,0.32477200000000295,0.14348599999999934,-0.0005020000000008906,star
-0.17599999999999838,-0.38700000000000045,-0.3190000000000026,-0.23699999999999832,wd
0.3329999999999984,-0.21999999999999886,-0.20899999999999963,-0.31400000000000006,wd
0.00999999999999801,0.017000000000003013,0.23899999999999721,0.08699999999999974,qso
0.26000000000000156,-0.3279999999999994,-0.2579999999999991,-0.16400000000000148,wd
1.514098999999998,0.6223920000000014,0.1919499999999985,0.1185779999999994,star
1.216000000000001,0.33500000000000085,0.22699999999999676,0.3370000000000033,qso
0.23899999999999721,-0.39699999999999847,-0.2630000000000017,-0.3509999999999991,wd
0.6449999999999996,0.23500000000000298,0.06700000000000017,-0.015000000000000568,wd
0.09100000000000108,-0.40600000000000236,-0.21199999999999974,-0.347999999999999,wd
1.2621900000000004,0.43508500000000083,0.13271800000000056,0.05361999999999867,star
2.5881390000000017,1.1424199999999978,0.4245099999999997,0.20973000000000042,star
1.227650999999998,0.3901810000000019,0.1651229999999977,0.03773299999999935,star
0.3559999999999981,0.28100000000000236,0.2680000000000007,-0.03300000000000125,qso
0.20500000000000185,0.29100000000000037,0.03500000000000014,0.0,qso
1.3267919999999975,0.45581200000000166,0.20941200000000038,0.08862299999999834,star
0.3379999999999974,0.06400000000000006,0.20800000000000196,0.06299999999999883,qso
-0.15700000000000003,-0.39399999999999835,-0.29900000000000304,-0.28999999999999915,wd
-0.15000000000000213,-0.1869999999999976,-0.27500000000000213,0.26500000000000057,wd
0.19500000000000028,-0.23699999999999832,-0.20899999999999963,-0.09800000000000253,wd
0.35999999999999943,-0.2309999999999981,-0.23500000000000298,-0.19299999999999784,wd
1.0505280000000017,0.3560169999999996,0.11777499999999996,0.0416710000000009,star
1.7504899999999992,0.8193170000000016,0.2831629999999983,0.17384100000000302,star
0.4430000000000014,-0.1460000000000008,-0.1559999999999988,-0.19900000000000162,wd
2.233799000000001,0.9605939999999968,0.3530430000000031,0.1640279999999983,star
0.4319999999999986,-0.05099999999999838,-0.07200000000000273,-0.11499999999999844,wd
0.18299999999999983,-0.129999999999999,-0.16600000000000037,-0.20500000000000185,wd
0.2140000000000022,0.1750000000000007,0.019999999999999574,0.08199999999999719,qso
1.3922209999999993,0.5321580000000026,0.20230499999999907,0.08460399999999879,star
-0.06099999999999994,-0.25900000000000034,-0.32500000000000284,-0.05799999999999983,wd
0.5440000000000005,-0.23100000000000165,-0.2339999999999982,-0.04200000000000159,wd
0.2220000000000013,-0.11499999999999844,0.04399999999999693,-0.125,qso
0.5990000000000002,0.23600000000000065,0.09199999999999875,-0.013999999999999346,wd
0.2560000000000002,0.06799999999999784,0.10000000000000142,-0.047999999999998266,qso
2.3593650000000004,1.019997,0.40572300000000006,0.18122400000000027,star
1.2873589999999986,0.4068310000000004,0.2519960000000001,0.05058600000000091,star
0.23600000000000065,-0.0470000000000006,-0.11499999999999844,-0.1750000000000007,wd
1.0847490000000022,0.40109700000000004,0.13512199999999908,0.10010499999999922,star
1.1023099999999992,0.42744100000000174,0.12352600000000002,0.034696999999999534,star
2.173618000000001,0.8363060000000004,0.3082409999999989,0.14555000000000007,star
1.5430739999999972,0.5489520000000034,0.16056599999999932,0.0743589999999994,star
0.1180000000000021,0.1559999999999988,-0.08099999999999952,0.036999999999999034,qso
0.5999999999999979,0.4770000000000003,0.4400000000000013,0.20400000000000063,qso
0.8980390000000007,0.3316420000000022,0.11245199999999755,0.055355000000002264,star
0.9429879999999997,0.2877210000000012,0.11121199999999831,0.029258999999999702,star
0.8302270000000007,0.23298099999999877,0.11148999999999987,-0.024111000000001326,star
0.3420000000000023,0.07199999999999918,0.06800000000000139,0.1479999999999997,qso
0.4400000000000013,-0.16799999999999926,-0.17900000000000205,-0.2710000000000008,wd
-0.2809999999999988,-0.485000000000003,-0.3559999999999981,-0.26699999999999946,wd
0.06400000000000006,0.11599999999999966,0.254999999999999,0.10999999999999943,qso
2.423003999999999,0.9573199999999993,0.37453100000000106,0.22371099999999977,star
1.3188060000000021,0.5284480000000009,0.18614299999999773,0.058400999999999925,star
-0.010999999999999233,0.07600000000000051,0.2630000000000017,-0.013000000000001677,qso
0.490000000000002,0.15499999999999758,0.021000000000000796,0.036999999999999034,wd
2.4561269999999986,1.1561419999999991,0.4387660000000011,0.26926899999999954,star
0.08199999999999719,0.2410000000000032,-0.08600000000000207,-0.1739999999999995,qso
0.23400000000000176,0.11199999999999832,0.23100000000000165,0.05699999999999861,qso
0.14000000000000057,0.14399999999999835,0.16400000000000148,0.18299999999999983,qso
0.31700000000000017,-0.0030000000000001137,0.16799999999999926,0.045000000000001705,qso
-0.15899999999999892,-0.3990000000000009,-0.3879999999999981,-0.240000000000002,wd
0.3309999999999995,-0.19500000000000028,-0.24899999999999878,-0.13600000000000279,wd
0.9903660000000016,0.37499799999999794,0.1462340000000033,0.03996099999999814,star
0.2530000000000001,0.2920000000000016,0.23000000000000043,0.21699999999999875,qso
0.11100000000000065,-0.2959999999999994,-0.245000000000001,-0.036000000000001364,wd
0.40700000000000003,0.05900000000000105,0.2809999999999988,-0.019999999999999574,qso
0.26399999999999935,-0.11899999999999977,0.09399999999999764,-0.125,qso
0.4430000000000014,0.07000000000000028,-0.04200000000000159,-0.13100000000000023,wd
0.8881429999999995,0.3138100000000019,0.08180199999999971,0.03030099999999969,star
0.4499999999999993,-0.04199999999999804,-0.12300000000000111,-0.13299999999999912,wd
1.2368740000000003,0.572696999999998,0.21114900000000247,0.07348199999999849,star
0.3249999999999993,0.08699999999999974,-0.0259999999999998,0.11599999999999966,qso
1.2942199999999993,0.5446600000000004,0.1906630000000007,0.037921999999998235,star
0.13100000000000023,0.24200000000000088,0.04200000000000159,0.04199999999999804,qso
0.4099999999999966,-0.21499999999999986,-0.13599999999999923,-0.24200000000000088,wd
1.0988109999999978,0.4063950000000016,0.1414369999999998,0.03514099999999942,star
1.1344659999999998,0.4820670000000007,0.19677100000000003,0.07489200000000018,star
2.620796000000002,1.4030559999999994,0.7543869999999995,0.42993200000000087,star
-0.03599999999999781,-0.16000000000000014,-0.21600000000000108,-0.5539999999999985,wd
-0.0400000000000027,-0.3780000000000001,-0.23799999999999955,-0.27199999999999847,wd
1.1645090000000025,0.4404899999999987,0.17069200000000073,-0.004770000000000607,star
0.3960000000000008,-0.3680000000000021,-0.3960000000000008,0.593,wd
0.21300000000000097,0.0730000000000004,-0.1180000000000021,-0.15700000000000003,wd
-0.03500000000000014,-0.0329999999999977,0.2579999999999991,0.2049999999999983,qso
0.5030000000000001,-0.010000000000001563,-0.10699999999999932,-0.12300000000000111,wd
1.5678349999999988,0.6006800000000005,0.19851999999999848,0.061666000000000665,star
0.2190000000000012,-0.23499999999999943,-0.2289999999999992,-0.23000000000000043,wd
0.16300000000000026,-0.29799999999999827,-0.3420000000000023,-0.23600000000000065,wd
1.7968050000000027,0.7002409999999983,0.2611120000000007,0.10839999999999961,star
2.112023999999998,0.9453720000000008,0.2523099999999996,0.205349,star
0.6429999999999971,0.21799999999999997,0.14500000000000313,-0.08000000000000185,wd
0.3869999999999969,-0.2069999999999972,-0.24099999999999966,-0.18400000000000105,wd
1.3418460000000003,0.4705699999999986,0.16457800000000056,0.045868999999999716,star
0.2789999999999999,-0.3260000000000005,-0.277000000000001,-0.3069999999999986,wd
0.30100000000000193,0.134999999999998,0.2870000000000026,0.1529999999999987,qso
1.392001999999998,0.5157340000000019,0.2651059999999994,0.14681500000000014,star
1.1797180000000012,0.41654399999999825,0.1787280000000031,0.022014999999999674,star
0.1620000000000026,0.134999999999998,0.03900000000000148,0.23799999999999955,qso
0.08399999999999963,0.36299999999999955,-0.0589999999999975,-0.01699999999999946,qso
0.2579999999999991,-0.1999999999999993,-0.21399999999999864,-0.2220000000000013,wd
0.21399999999999864,-0.27199999999999847,-0.23900000000000077,-0.03300000000000125,wd
1.2933829999999986,0.43962099999999893,0.15817400000000248,0.06628199999999751,star
0.3710000000000022,0.1059999999999981,-0.0779999999999994,-0.16199999999999903,wd
1.8338300000000025,0.7167169999999992,0.2754110000000001,0.11634699999999931,star
-0.06400000000000006,-0.34299999999999997,-0.1999999999999993,-0.26000000000000156,wd
0.40600000000000236,0.11399999999999721,0.2610000000000028,-0.0940000000000012,qso
0.31299999999999883,0.40400000000000347,0.14299999999999713,0.03200000000000003,qso
0.011999999999996902,0.22900000000000276,0.6600000000000001,0.5209999999999972,wd
1.3704609999999988,0.44571000000000005,0.14466300000000132,0.03165199999999935,star
0.3349999999999973,-0.13700000000000045,-0.4339999999999975,0.0519999999999996,wd
0.3000000000000007,0.04800000000000182,0.0470000000000006,0.09799999999999898,qso
0.16499999999999915,0.06700000000000017,0.23600000000000065,0.00999999999999801,qso
0.028000000000002245,-0.0030000000000001137,0.23000000000000043,0.06899999999999906,qso
0.2699999999999996,0.03300000000000125,0.11199999999999832,0.15900000000000247,qso
0.2859999999999978,0.11899999999999977,-0.23900000000000077,0.13600000000000279,wd
0.16999999999999815,0.10800000000000054,0.2759999999999998,0.09299999999999997,qso
0.15199999999999747,0.0519999999999996,0.1910000000000025,0.00999999999999801,qso
0.23799999999999955,0.16300000000000026,-0.11499999999999844,0.0990000000000002,qso
1.9793480000000017,0.7595780000000012,0.29232399999999714,0.14852800000000244,star
-0.006999999999997897,-0.46300000000000097,-0.2680000000000007,0.06299999999999883,wd
0.2530000000000001,0.1509999999999998,0.25400000000000134,0.0470000000000006,qso
0.33800000000000097,0.10200000000000031,-0.036999999999999034,-0.060000000000002274,wd
-0.04499999999999815,0.3520000000000003,-0.012000000000000455,-0.10900000000000176,qso
0.39899999999999736,-0.17099999999999937,-0.21499999999999986,-0.23999999999999844,wd
0.4039999999999999,0.10999999999999943,-0.019999999999999574,0.047999999999998266,wd
0.15899999999999892,0.3359999999999985,0.0020000000000024443,-0.06900000000000261,qso
2.1419539999999984,0.817140000000002,0.26848899999999887,0.09688700000000061,star
0.9206490000000009,0.2626570000000008,0.09507899999999836,0.04280900000000187,star
0.12900000000000134,-0.07900000000000063,0.01899999999999835,0.11500000000000199,qso
0.31400000000000006,0.28999999999999915,0.45200000000000173,0.10899999999999821,qso
1.7982760000000013,0.8036619999999992,0.259976,0.13759800000000055,star
1.1799880000000016,0.4522939999999984,0.18185800000000185,0.13860700000000037,star
0.24299999999999855,0.07900000000000063,-0.1039999999999992,0.17599999999999838,qso
1.5661319999999996,0.6368289999999988,0.22972700000000046,0.06288100000000085,star
0.2129999999999974,0.07900000000000063,0.2170000000000023,0.04899999999999949,qso
1.9690119999999993,0.7775950000000016,0.31035400000000024,0.18029099999999687,star
0.39099999999999824,-0.17999999999999972,-0.21399999999999864,-0.31400000000000006,wd
1.1749759999999974,0.4360910000000011,0.1505270000000003,0.0715369999999993,star
2.6049830000000007,1.3366219999999984,0.5743170000000006,0.3044290000000007,star
0.24200000000000088,0.09499999999999886,0.1479999999999997,-0.01699999999999946,qso
0.20599999999999952,0.120000000000001,0.06800000000000139,0.26599999999999824,qso
0.5499999999999972,0.03200000000000003,0.1700000000000017,0.03399999999999892,qso
0.16300000000000026,-0.3290000000000006,-0.2970000000000006,-0.34199999999999875,wd
0.16000000000000014,0.10000000000000142,0.11199999999999832,-0.010999999999999233,qso
0.1559999999999988,0.010000000000001563,0.20599999999999952,0.004000000000001336,qso
0.011999999999996902,-0.12199999999999989,0.13200000000000145,-0.08099999999999952,qso
-0.33999999999999986,-0.43900000000000006,-0.34499999999999886,-0.14000000000000057,wd
1.0079999999999991,0.9130000000000003,0.9319999999999986,0.6120000000000001,wd
1.795334999999998,0.6604750000000017,0.410933,0.1139790000000005,star
0.38200000000000145,-0.30900000000000105,-0.2579999999999991,-0.21100000000000207,wd
-0.12899999999999778,-0.3979999999999997,-0.3390000000000022,-0.26500000000000057,wd
0.3099999999999987,-0.0259999999999998,0.2610000000000028,-0.028999999999999915,qso
0.18200000000000216,-0.28200000000000003,-0.1490000000000009,-0.31400000000000006,wd
-0.05100000000000193,-0.3769999999999989,-0.28300000000000125,-0.23799999999999955,wd
0.2740000000000009,0.20500000000000185,0.045999999999999375,0.023999999999997357,qso
2.430268999999999,0.9670480000000019,0.3439369999999986,0.1853460000000009,star
0.938917,0.3237520000000025,0.14013499999999723,0.06013500000000249,star
2.4603099999999998,1.1751959999999997,0.3757009999999994,0.26421700000000037,star
1.3659740000000014,0.4273720000000001,0.16273800000000094,0.05262100000000025,star
0.03999999999999915,0.1479999999999997,0.20700000000000074,0.30799999999999983,qso
0.17099999999999937,0.15800000000000125,0.18599999999999994,-0.08099999999999952,qso
0.1980000000000004,0.6169999999999973,0.5840000000000032,0.34199999999999875,wd
0.4510000000000005,-0.1930000000000014,-0.23600000000000065,-0.10099999999999909,wd
0.22399999999999665,0.1650000000000027,0.16000000000000014,0.352999999999998,qso
1.690576,0.6645779999999988,0.2183969999999995,0.10616500000000073,star
1.4804110000000001,0.571788999999999,0.20670600000000228,0.1008110000000002,star
1.5170709999999978,0.5413050000000013,0.18343600000000038,0.1445559999999979,star
1.6842080000000017,0.6024510000000003,0.2164609999999989,0.09888100000000044,star
1.1995660000000008,0.5450170000000014,0.14047199999999904,0.0759280000000011,star
0.29699999999999704,0.11200000000000188,0.3099999999999987,-0.06199999999999761,qso
0.03200000000000003,0.23999999999999844,0.13500000000000156,0.47199999999999775,qso
-0.030000000000001137,0.1880000000000024,0.36799999999999855,0.12700000000000244,qso
0.3329999999999984,-0.17299999999999827,-0.20200000000000173,-0.22100000000000009,wd
0.10699999999999932,-0.014999999999997016,0.2289999999999992,0.03500000000000014,qso
0.9486579999999982,0.227329000000001,0.3317510000000006,-0.005859000000000947,star
1.1780800000000013,0.4500710000000012,0.15965500000000077,0.05939099999999797,star
-0.17999999999999972,-0.38400000000000034,-0.3520000000000003,-0.39599999999999724,wd
0.20200000000000173,0.03900000000000148,0.19599999999999795,-0.021999999999998465,qso
0.277000000000001,-0.060000000000002274,0.10300000000000153,-0.0940000000000012,qso
0.588000000000001,0.41300000000000026,0.9390000000000001,0.6829999999999998,wd
0.13100000000000023,-0.0519999999999996,0.18799999999999883,-0.08200000000000074,qso
0.48200000000000287,0.16999999999999815,0.11400000000000077,-0.04800000000000182,wd
0.9262939999999986,0.2298019999999994,0.06193100000000129,0.026364000000000942,star
0.3279999999999994,0.10500000000000043,0.12599999999999767,0.25,qso
0.9914890000000014,0.3431949999999979,0.1330990000000014,0.04962699999999742,star
1.1541580000000025,0.501498999999999,0.19915999999999912,0.11480300000000199,star
-0.1869999999999976,-0.4250000000000007,-0.1720000000000006,0.1180000000000021,wd
0.5280000000000022,0.04499999999999815,0.07200000000000273,0.04099999999999682,qso
0.04899999999999949,0.03400000000000247,0.3039999999999985,-0.0010000000000012221,qso
1.3594149999999985,0.4823440000000012,0.19588299999999848,0.0962100000000028,star
-0.0070000000000014495,0.08699999999999974,-0.07000000000000028,0.5650000000000013,qso
0.24299999999999855,0.15700000000000003,0.2220000000000013,0.13599999999999923,qso
1.771457999999999,0.674042,0.31203300000000134,0.09615399999999852,star
0.04100000000000037,0.26099999999999923,0.010000000000001563,-0.17800000000000082,qso
0.013999999999999346,0.2710000000000008,0.023999999999997357,-0.09499999999999886,qso
1.7195070000000001,0.6716499999999979,0.27735400000000077,0.14529499999999906,star
1.423019,0.6054990000000018,0.18880499999999856,0.13417400000000157,star
1.0940109999999983,0.3771860000000018,0.15169199999999883,0.024990000000000734,star
0.6069999999999993,0.15499999999999758,0.022000000000002018,0.3099999999999987,qso
0.5549999999999997,1.1529999999999987,0.583000000000002,0.12299999999999756,qso
0.1960000000000015,-0.3240000000000016,-0.25099999999999767,-0.20899999999999963,wd
0.26599999999999824,0.21600000000000108,0.08599999999999852,0.30900000000000105,qso
0.3509999999999991,-0.2220000000000013,-0.2889999999999979,-0.2240000000000002,wd
0.43200000000000216,0.09499999999999886,-0.045000000000001705,0.21000000000000085,qso
2.100214000000001,0.8955289999999998,0.32592200000000027,0.15771900000000016,star
-0.17600000000000193,-0.41699999999999804,-0.38000000000000256,-0.16699999999999804,wd
1.2192840000000018,0.4345409999999994,0.15946699999999936,0.06629500000000021,star
0.9578089999999975,0.41037000000000035,0.15949100000000271,0.05682199999999682,star
0.21100000000000207,-0.1509999999999998,0.19899999999999807,0.10800000000000054,qso
0.3780000000000001,0.5279999999999987,0.8080000000000016,0.5439999999999987,wd
0.13800000000000168,0.1559999999999988,0.17999999999999972,0.013999999999999346,qso
2.7845440000000004,1.4049439999999969,0.8500460000000007,0.45497800000000055,star
1.2192930000000004,0.4489920000000005,0.1274860000000011,0.08790499999999923,star
0.23400000000000176,-0.23300000000000054,-0.21300000000000097,-0.33999999999999986,wd
1.5443909999999974,0.5818960000000004,0.20655299999999954,0.10667800000000227,star
1.0083649999999977,0.32457199999999986,0.1451740000000008,0.05608000000000146,star
0.08399999999999963,0.10000000000000142,0.18999999999999773,0.08300000000000196,qso
1.234774999999999,0.5382689999999997,0.2357219999999991,0.11367600000000166,star
2.289179999999998,0.9463870000000014,0.3090899999999994,0.16022300000000023,star
2.076651000000002,0.8646489999999982,0.278042000000001,0.15954799999999913,star
0.26699999999999946,-0.009000000000000341,0.04600000000000293,0.03200000000000003,qso
0.49099999999999966,-0.13000000000000256,-0.21099999999999852,-0.24399999999999977,wd
0.1479999999999997,0.3390000000000022,0.3069999999999986,0.30900000000000105,qso
0.35999999999999943,-0.03900000000000148,-0.1819999999999986,0.11200000000000188,wd
0.10200000000000031,-0.32800000000000296,-0.14199999999999946,0.15600000000000236,wd
0.21000000000000085,-0.2680000000000007,-0.22300000000000253,-0.30299999999999727,wd
0.5570000000000022,-0.08100000000000307,-0.17499999999999716,-0.267000000000003,wd
0.10099999999999909,0.4939999999999998,0.33200000000000074,0.1999999999999993,wd
0.18700000000000117,-0.19399999999999906,-0.2610000000000028,0.054000000000002046,wd
0.49299999999999855,0.0020000000000024443,0.3059999999999974,0.2680000000000007,qso
0.09699999999999775,-0.03399999999999892,0.2289999999999992,0.13899999999999935,qso
0.09700000000000131,-0.30700000000000216,-0.31599999999999895,-0.13700000000000045,wd
0.25400000000000134,0.05600000000000094,0.04399999999999693,0.16400000000000148,qso
0.20200000000000173,0.0990000000000002,0.11799999999999855,0.2240000000000002,qso
-0.013999999999999346,0.3490000000000002,0.134999999999998,0.028000000000002245,qso
0.1960000000000015,0.01899999999999835,0.1479999999999997,-0.038000000000000256,qso
1.1005459999999978,0.3918340000000029,0.1439099999999982,0.044494000000000256,star
0.09700000000000131,0.13799999999999812,0.19000000000000128,-0.018000000000000682,qso
0.24299999999999855,0.010000000000001563,0.23300000000000054,0.3460000000000001,qso
-0.08599999999999852,-0.33500000000000085,-0.254999999999999,-0.1509999999999998,wd
2.593329999999998,1.120631000000003,0.45632499999999787,0.2072130000000012,star
2.516309999999997,1.3233010000000007,0.6726070000000011,0.3508879999999994,star
0.9565889999999975,0.32818700000000334,0.10462999999999667,0.044714000000002585,star
0.12900000000000134,0.27199999999999847,0.11600000000000321,-0.03100000000000236,qso
0.24600000000000222,-0.05100000000000193,-0.1280000000000001,-0.652000000000001,wd
0.5410000000000004,-0.15700000000000003,-0.1509999999999998,-0.1960000000000015,wd
0.5410000000000004,0.05100000000000193,0.02499999999999858,0.2579999999999991,qso
-0.2809999999999988,-0.45700000000000074,-0.38000000000000256,-0.2959999999999994,wd
0.06400000000000006,0.2950000000000017,0.10999999999999943,0.029999999999997584,qso
1.3246490000000009,0.47692400000000035,0.16296700000000008,0.02274599999999971,star
0.05799999999999983,-0.28999999999999915,-0.20899999999999963,-0.23100000000000165,wd
0.3689999999999998,-0.22100000000000009,0.125,-0.01899999999999835,qso
0.5129999999999981,0.1739999999999995,0.02300000000000324,-0.0940000000000012,wd
0.38599999999999923,0.2759999999999998,0.30500000000000327,0.07399999999999807,qso
1.4497009999999975,0.6581690000000009,0.28924900000000164,0.14294999999999902,star
0.4029999999999987,0.09100000000000108,-0.0070000000000014495,0.010999999999999233,wd
0.9136279999999992,0.32322699999999926,0.1137010000000025,0.048575999999997066,star
1.215641999999999,0.44725599999999943,0.11822000000000088,0.03114000000000061,star
0.18499999999999872,-0.030999999999998806,0.16900000000000048,0.11299999999999955,qso
1.0780829999999995,0.3693350000000031,0.13785000000000025,0.0028549999999967213,star
-0.0010000000000012221,0.38700000000000045,-0.010000000000001563,0.06400000000000006,qso
0.3990000000000009,-0.20800000000000196,-0.20199999999999818,-0.23100000000000165,wd
1.0022870000000026,0.084225,-0.02757100000000179,-0.0452060000000003,star
0.1750000000000007,0.0779999999999994,-0.053000000000000824,0.3410000000000011,qso
0.2240000000000002,0.08000000000000185,0.1739999999999995,0.05000000000000071,qso
0.5329999999999977,0.740000000000002,1.0730000000000004,0.6600000000000001,wd
0.12099999999999866,0.15899999999999892,0.03200000000000003,0.18299999999999983,qso
0.05999999999999872,-0.09699999999999775,0.16699999999999804,0.038000000000000256,qso
1.3464020000000012,0.4838540000000009,0.12437299999999851,0.02850900000000145,star
0.3730000000000011,-0.2560000000000002,-0.17300000000000182,-0.21199999999999974,wd
0.11899999999999977,-0.3500000000000014,-0.3279999999999994,0.03999999999999915,wd
0.0070000000000014495,0.1579999999999977,0.5390000000000015,0.02400000000000091,qso
0.038000000000000256,0.05100000000000193,0.3960000000000008,-0.1930000000000014,qso
1.246656999999999,0.44186300000000145,0.15647300000000008,0.053274999999999295,star
0.022999999999999687,-0.2980000000000018,-0.2469999999999999,-0.21999999999999886,wd
0.5680000000000014,-0.019000000000001904,-0.16900000000000048,0.22000000000000242,wd
0.26099999999999923,0.2920000000000016,0.08299999999999841,0.028999999999999915,qso
1.0882319999999979,0.3833580000000012,0.10040000000000049,0.038888999999999285,star
0.2270000000000003,-0.010999999999999233,0.26200000000000045,0.08099999999999952,qso
0.18599999999999994,0.3810000000000002,-0.05000000000000071,-0.08899999999999864,qso
2.5536969999999997,1.360709,0.4677820000000015,0.33204600000000006,star
0.10500000000000043,0.20599999999999952,-0.0030000000000001137,0.20700000000000074,qso
0.41199999999999903,0.0019999999999988916,-0.03300000000000125,-0.22399999999999665,wd
0.44399999999999906,-0.125,-0.012999999999998124,-0.16499999999999915,wd
0.38599999999999923,0.13400000000000034,-0.04800000000000182,-0.07699999999999818,wd
-0.10099999999999909,-0.23700000000000188,-0.3049999999999997,-0.2289999999999992,wd
0.5560000000000009,-0.21000000000000085,-0.13599999999999923,-0.2859999999999978,wd
1.7278580000000012,0.6735299999999995,0.27480899999999764,0.12340000000000018,star
0.9294370000000001,0.2420170000000006,0.1185969999999994,0.0647100000000016,star
0.21199999999999974,-0.011999999999996902,0.1529999999999987,-0.010000000000001563,qso
1.1661389999999976,0.49837499999999935,0.21389800000000037,0.08830800000000139,star
0.2749999999999986,-0.2190000000000012,-0.21499999999999986,-0.26399999999999935,wd
1.591984,0.6262570000000025,0.2570929999999976,0.13073200000000185,star
0.4450000000000003,-0.06199999999999761,-0.18100000000000094,-0.054999999999999716,wd
1.1647010000000009,0.42678499999999886,0.19634399999999985,0.060899000000000925,star
0.2510000000000012,-0.08600000000000207,-0.12299999999999756,-0.04600000000000293,wd
0.17999999999999972,0.019000000000001904,0.16899999999999693,-0.007999999999999119,qso
1.307457000000003,0.46017499999999956,0.1963279999999994,0.005331999999999226,star
2.2310000000000016,0.24399999999999977,0.09399999999999764,-0.028999999999999915,qso
1.3551709999999986,0.4971350000000001,0.17820700000000045,-0.004754999999999399,star
0.125,0.3960000000000008,-0.36400000000000077,-0.24399999999999977,qso
1.1580729999999981,0.3988700000000023,-0.03394300000000072,0.21139399999999853,star
0.33500000000000085,0.23699999999999832,0.06299999999999883,0.2270000000000003,qso
1.3384,0.5576239999999988,0.19798600000000022,0.15582200000000057,star
-0.2680000000000007,-0.3929999999999989,-0.36100000000000065,-0.33300000000000196,wd
0.22100000000000009,0.2220000000000013,0.3559999999999981,-0.05699999999999861,qso
2.616344999999999,1.1516200000000012,0.4554849999999995,0.2378499999999999,star
0.9796890000000005,0.2581939999999996,0.09055700000000044,0.05184799999999967,star
0.3329999999999984,0.1910000000000025,0.0779999999999994,0.004000000000001336,qso
1.8905239999999992,0.7532619999999994,0.2745360000000012,0.15134699999999945,star
0.2220000000000013,0.26200000000000045,0.08699999999999974,0.08099999999999952,qso
0.08999999999999986,0.04100000000000037,0.28200000000000003,-0.06799999999999784,qso
1.6730920000000005,0.7163940000000011,0.347372,0.14244099999999804,star
1.2312089999999998,0.5363160000000011,0.21230699999999914,0.08316500000000104,star
0.012000000000000455,0.015000000000000568,0.19099999999999895,0.13100000000000023,qso
0.27699999999999747,0.03100000000000236,-0.07600000000000051,-0.13200000000000145,wd
0.10500000000000043,-0.2270000000000003,-0.26500000000000057,-0.29199999999999804,wd
2.051863000000001,0.8100769999999997,0.29488800000000026,0.13970100000000052,star
0.3769999999999989,-0.02699999999999747,-0.21000000000000085,0.09100000000000108,qso
0.4740000000000002,0.6640000000000015,0.2359999999999971,0.43200000000000216,qso
0.33200000000000074,-0.24200000000000088,-0.26099999999999923,-0.21199999999999974,wd
0.1789999999999985,0.21499999999999986,-0.11399999999999721,-0.043000000000002814,qso
0.13400000000000034,0.012999999999998124,0.05100000000000193,-0.11400000000000077,qso
0.4750000000000014,-0.10900000000000176,-0.11999999999999744,-0.06500000000000128,wd
0.40700000000000003,-0.012000000000000455,0.03200000000000003,0.11599999999999966,qso
-0.23499999999999943,-0.2970000000000006,0.3069999999999986,0.48900000000000077,wd
1.5895599999999988,0.6324559999999995,0.27021099999999976,0.12002700000000033,star
0.4800000000000004,0.04299999999999926,0.23400000000000176,-0.019000000000001904,qso
2.435942999999998,1.2821369999999987,0.5547690000000021,0.24062399999999862,star
0.43400000000000105,0.16900000000000048,0.3569999999999993,0.06700000000000017,qso
0.16300000000000026,0.014999999999997016,-0.11599999999999966,-0.04199999999999804,wd
0.1529999999999987,0.1280000000000001,0.37900000000000134,-0.16000000000000014,qso
-0.1039999999999992,-0.05799999999999983,0.31099999999999994,0.06299999999999883,qso
0.2740000000000009,0.2749999999999986,0.0730000000000004,0.5250000000000021,qso
0.3089999999999975,0.19700000000000273,0.2859999999999978,-0.1059999999999981,qso
1.7852360000000012,0.6348539999999989,0.24539799999999978,0.12406299999999959,star
0.4839999999999982,0.05600000000000094,0.6110000000000007,0.4969999999999999,wd
1.3573000000000022,0.48666199999999904,0.17528000000000077,0.03838299999999961,star
0.07900000000000063,0.13700000000000045,0.03599999999999781,-0.027000000000001023,qso
1.5759240000000005,0.6477809999999984,0.26244400000000034,0.11709400000000159,star
0.24799999999999756,-0.2859999999999978,-0.17900000000000205,-0.12899999999999778,wd
-0.05699999999999861,-0.3030000000000008,-0.21099999999999852,0.01699999999999946,wd
2.1394020000000005,0.8864829999999984,0.29266400000000026,0.09084099999999928,star
0.18900000000000006,-0.3049999999999997,-0.28000000000000114,-0.04199999999999804,wd
0.36999999999999744,0.16900000000000048,0.03300000000000125,0.14099999999999824,qso
-0.019999999999999574,0.33200000000000074,0.015000000000000568,-0.0990000000000002,qso
1.4984520000000003,0.6582119999999989,0.2706360000000032,0.1476099999999967,star
-0.13300000000000267,0.18500000000000227,0.27399999999999736,0.1880000000000024,qso
0.3460000000000001,0.2680000000000007,-0.015000000000000568,0.10600000000000165,qso
0.2469999999999999,0.13700000000000045,0.23300000000000054,0.021999999999998465,qso
1.0622289999999985,0.4275000000000002,0.11878700000000109,0.03368399999999916,star
0.009000000000000341,-0.015000000000000568,-0.13299999999999912,-0.23799999999999955,wd
-0.11799999999999855,0.29199999999999804,0.10100000000000264,0.12399999999999878,qso
0.4759999999999991,0.13899999999999935,-0.045999999999999375,-0.0470000000000006,wd
0.28500000000000014,0.1620000000000026,-0.006000000000000227,0.13400000000000034,qso
0.19699999999999918,0.11599999999999966,0.129999999999999,0.0020000000000024443,qso
0.4089999999999989,0.4269999999999996,0.3760000000000012,-0.030000000000001137,qso
0.15399999999999991,-0.1269999999999989,-0.22900000000000276,0.04100000000000037,wd
0.8490000000000002,0.18500000000000227,-0.19000000000000128,0.26200000000000045,qso
0.3099999999999987,0.07000000000000028,0.16399999999999793,0.25700000000000145,qso
0.44299999999999784,0.1479999999999997,-0.046999999999997044,0.07000000000000028,qso
-0.3829999999999991,-0.5090000000000003,-0.34499999999999886,-0.2220000000000013,wd
0.3460000000000001,0.004999999999999005,-0.13700000000000045,-0.23199999999999932,wd
0.2829999999999977,-0.20400000000000063,0.4330000000000034,0.597999999999999,wd
-0.06400000000000006,-0.16799999999999926,0.23799999999999955,0.3979999999999997,wd
0.4819999999999993,0.4480000000000004,0.2889999999999979,0.277000000000001,qso
-0.07700000000000173,-0.29100000000000037,-0.2079999999999984,-0.33200000000000074,wd
0.11999999999999744,0.365000000000002,0.39199999999999946,0.027999999999998693,qso
-0.06700000000000017,-0.46699999999999875,-0.245000000000001,0.010000000000001563,wd
0.4259999999999984,-0.09299999999999997,-0.09299999999999997,-0.18100000000000094,wd
1.340909,0.5243909999999996,0.24848099999999995,0.07535899999999884,star
0.5539999999999985,-0.04899999999999949,-0.10200000000000031,-0.07000000000000028,wd
-0.1039999999999992,-0.402000000000001,-0.3569999999999993,-0.254999999999999,wd
1.4274249999999995,0.5944240000000001,0.19982700000000264,0.08087299999999686,star
0.4209999999999994,-0.0940000000000012,-0.09299999999999997,-0.11599999999999966,wd
1.0987740000000024,0.41410399999999825,0.08223800000000026,0.09855800000000059,star
0.9454789999999988,0.38445600000000013,0.172072,0.05603200000000186,star
0.41000000000000014,-0.15000000000000213,-0.19399999999999906,-0.09700000000000131,wd
0.3230000000000004,0.15399999999999991,0.11899999999999977,0.17299999999999827,qso
1.1807920000000003,0.4446849999999998,0.12849399999999989,0.10012500000000202,star
1.2988510000000009,0.4309499999999993,0.15719700000000003,0.05761900000000075,star
0.4980000000000011,-0.3290000000000006,-0.28999999999999915,-0.3260000000000005,wd
0.23200000000000287,0.007999999999999119,-0.13899999999999935,0.06199999999999761,wd
2.165647,0.8494649999999986,0.33222900000000166,0.1692430000000016,star
0.16799999999999926,0.10600000000000165,0.2909999999999968,0.08100000000000307,qso
0.2900000000000027,0.39299999999999713,0.36400000000000077,0.08600000000000207,qso
0.05099999999999838,-0.19299999999999784,-0.2530000000000001,-0.40100000000000335,wd
0.18100000000000094,0.16900000000000048,0.02699999999999747,-0.009000000000000341,qso
-0.25,-0.4540000000000006,-0.3149999999999977,-0.3210000000000015,wd
1.1268840000000004,0.4516719999999985,0.1379640000000002,0.03394300000000072,star
1.5262399999999978,0.6022640000000017,0.2045729999999999,0.09837100000000021,star
0.15399999999999991,-0.013999999999999346,0.1960000000000015,0.04299999999999926,qso
0.4469999999999992,-0.2029999999999994,-0.20700000000000074,-0.38700000000000045,wd
0.24099999999999966,-0.15700000000000003,-0.3069999999999986,0.027000000000001023,wd
0.4430000000000014,-0.11400000000000077,-0.13799999999999812,-0.21000000000000085,wd
0.27099999999999724,0.12199999999999989,0.21000000000000085,-0.027000000000001023,qso
0.20500000000000185,-0.23799999999999955,-0.28000000000000114,-0.24899999999999878,wd
1.1117589999999993,0.3683890000000005,0.13173499999999905,0.039187999999999334,star
0.1579999999999977,-0.04999999999999716,0.24099999999999966,0.010999999999999233,qso
0.5230000000000032,0.17499999999999716,0.0030000000000001137,-0.010999999999999233,wd
0.42499999999999716,0.07700000000000173,0.03399999999999892,-0.14999999999999858,wd
0.4490000000000016,-0.1440000000000019,-0.14399999999999835,-0.13200000000000145,wd
1.9774709999999978,0.8263390000000008,0.30484700000000053,0.153829,star
0.48300000000000054,-0.0730000000000004,0.11200000000000188,0.129999999999999,qso
0.09499999999999886,0.21199999999999974,-0.06400000000000006,-0.16699999999999804,qso
-0.10600000000000165,-0.36999999999999744,-0.2610000000000028,-0.3089999999999975,wd
0.8873120000000014,0.2113189999999996,0.08381499999999775,0.05259500000000017,star
0.4380000000000024,-0.07900000000000063,0.04899999999999949,-0.006000000000000227,qso
1.8739019999999975,0.6791750000000008,0.2903500000000001,0.13998500000000114,star
0.0940000000000012,-0.3569999999999993,-0.30400000000000205,-0.33699999999999974,wd
0.5339999999999989,0.5139999999999993,0.5629999999999988,0.22900000000000276,qso
0.5660000000000025,0.07399999999999807,-0.030999999999998806,0.20199999999999818,qso
0.45500000000000185,0.07499999999999929,-0.10899999999999821,0.25099999999999767,qso
0.26599999999999824,0.04299999999999926,0.3080000000000034,0.06299999999999883,qso
0.05600000000000094,0.45899999999999963,-0.006000000000000227,-0.047999999999998266,qso
1.4821189999999973,0.5465260000000001,0.24443400000000182,0.0975149999999978,star
1.0880009999999984,0.41069399999999945,0.1907810000000012,0.12580499999999972,star
-0.022000000000002018,0.12400000000000233,0.31599999999999895,0.19099999999999895,qso
0.10699999999999932,0.038999999999997925,0.2270000000000003,-0.1819999999999986,qso
-0.1999999999999993,-0.41300000000000026,-0.3059999999999974,-0.16900000000000048,wd
1.1724429999999977,0.4288260000000008,0.16951300000000202,0.04528099999999924,star
0.17799999999999727,0.10700000000000287,0.16499999999999915,0.012999999999998124,qso
1.0927100000000003,0.33432200000000023,0.1328169999999993,0.008058000000001897,star
0.4819999999999993,0.0,-0.0470000000000006,-0.08800000000000097,wd
0.2510000000000012,0.036999999999999034,0.10000000000000142,0.06799999999999784,qso
2.1931819999999966,0.9156530000000025,0.35355200000000053,0.1885679999999983,star
0.06400000000000006,-0.33699999999999974,-0.29999999999999716,-0.24600000000000222,wd
0.38200000000000145,0.33200000000000074,0.021999999999998465,0.20000000000000284,qso
1.2590000000000003,0.22799999999999798,0.11200000000000188,-0.19500000000000028,qso
0.2940000000000005,-0.1819999999999986,-0.31099999999999994,-0.15200000000000102,wd
-0.06900000000000261,0.2610000000000028,0.11299999999999955,0.06899999999999906,qso
-0.24399999999999977,0.47199999999999775,-0.1280000000000001,0.0710000000000015,qso
1.6781010000000016,0.6994439999999997,0.24318099999999987,0.13702400000000026,star
0.5569999999999986,0.129999999999999,0.04800000000000182,-0.06400000000000006,wd
0.012000000000000455,0.2749999999999986,0.5259999999999998,-0.3829999999999991,qso
0.3509999999999991,-0.012999999999998124,0.0990000000000002,0.35999999999999943,qso
0.4239999999999995,-0.05699999999999861,-0.07699999999999818,-0.12300000000000111,wd
1.0787849999999999,0.3965219999999974,0.14367900000000233,0.07205399999999784,star
-0.4369999999999976,-0.45700000000000074,-0.3049999999999997,-0.23700000000000188,wd
-0.18499999999999872,-0.4690000000000012,-0.33699999999999974,-0.4710000000000001,wd
0.820806000000001,0.3040219999999998,0.13116799999999884,0.0013950000000022555,star
0.2079999999999984,-0.010999999999999233,0.1769999999999996,0.007999999999999119,qso
1.1987780000000008,0.45291500000000084,0.21426300000000076,0.0571919999999988,star
0.2430000000000021,0.008999999999996788,-0.14199999999999946,-0.22499999999999787,wd
0.2170000000000023,-0.2630000000000017,-0.24399999999999977,-0.19500000000000028,wd
0.28600000000000136,-0.04899999999999949,0.11899999999999977,0.25099999999999767,qso
0.04199999999999804,-0.39199999999999946,-0.26799999999999713,-0.4410000000000025,wd
0.12400000000000233,-0.10800000000000054,-0.1280000000000001,-0.17999999999999972,wd
0.17099999999999937,0.254999999999999,-0.07000000000000028,-0.03599999999999781,qso
1.4741690000000034,0.5649090000000001,0.2110929999999982,0.11032499999999956,star
1.0981810000000003,0.38833999999999946,0.15649400000000213,0.06837799999999916,star
-0.0400000000000027,-0.3349999999999973,-0.22800000000000153,-0.3269999999999982,wd
0.43299999999999983,-0.013999999999999346,0.12400000000000233,-0.0870000000000033,qso
0.8325479999999992,0.2660139999999984,0.10514000000000223,0.0030520000000002767,star
1.2147979999999983,0.4850960000000022,0.23936799999999891,0.060988999999999294,star
2.853092,1.3525030000000022,0.601483,0.3458919999999992,star
1.5906120000000001,0.6938680000000002,0.2687930000000005,0.12678199999999862,star
0.4539999999999971,-0.029999999999997584,-0.05799999999999983,-0.053000000000000824,wd
0.24600000000000222,0.08099999999999952,0.15199999999999747,0.053000000000000824,qso
1.8687149999999981,0.693994,0.23271599999999992,0.1452600000000004,star
0.4349999999999987,-0.19500000000000028,-0.24299999999999855,-0.21300000000000097,wd
0.2829999999999977,-0.2809999999999988,-0.2940000000000005,-0.22100000000000009,wd
0.3879999999999999,-0.06700000000000017,-0.06799999999999962,-0.1850000000000005,wd
1.208699000000001,0.4011040000000001,0.1771010000000004,0.05457099999999926,star
0.2660000000000018,0.5509999999999984,0.8399999999999999,0.5280000000000022,wd
0.15800000000000125,0.06599999999999895,0.19200000000000017,0.047999999999998266,qso
1.1351389999999988,0.4248979999999989,0.2027990000000024,0.06635299999999944,star
1.1770950000000013,0.45121199999999817,0.15235500000000002,0.07829500000000067,star
0.36400000000000077,-0.28600000000000136,0.19700000000000273,0.24499999999999744,qso
1.8680900000000022,0.6716709999999999,0.21627200000000002,0.06915700000000058,star
0.20899999999999963,0.11100000000000065,0.05099999999999838,0.18599999999999994,qso
-0.09199999999999875,-0.23199999999999932,-0.28800000000000026,-0.16300000000000026,wd
0.31200000000000117,-0.04499999999999815,0.10099999999999909,0.06799999999999784,qso
0.4140000000000015,0.3520000000000003,0.1999999999999993,0.4720000000000013,qso
0.32099999999999795,-0.44899999999999807,-0.19200000000000017,0.05900000000000105,wd
-0.1869999999999976,-0.4939999999999998,-0.2940000000000005,-0.3470000000000013,wd
0.38200000000000145,0.09600000000000009,-0.04299999999999926,-0.10300000000000153,wd
2.083745999999998,0.8203850000000017,0.312303,0.14342199999999927,star
0.08600000000000207,0.25299999999999656,0.0400000000000027,-0.0259999999999998,qso
1.1384849999999993,0.4077990000000007,0.10355300000000156,0.0642019999999981,star
1.3471609999999998,0.5422530000000023,0.19296599999999842,0.071631,star
0.4569999999999972,-0.12399999999999878,-0.1039999999999992,-0.2430000000000021,wd
0.18799999999999883,0.20200000000000173,0.1750000000000007,0.10799999999999699,qso
0.5340000000000025,0.2569999999999979,0.06400000000000006,0.012000000000000455,wd
-0.43900000000000006,-0.5620000000000012,-0.32700000000000173,-0.2629999999999981,wd
0.21000000000000085,-0.030999999999998806,0.7219999999999978,0.6739999999999995,wd
-0.31299999999999883,-0.4819999999999993,-0.3240000000000016,-0.25400000000000134,wd
1.2018090000000008,0.44106299999999976,0.16022900000000107,0.05953799999999987,star
1.3615649999999988,0.4555170000000004,0.12599300000000113,0.02456899999999962,star
1.1270659999999992,0.4165820000000018,0.14377199999999846,0.055464000000000624,star
0.3049999999999997,0.05600000000000094,-0.013000000000001677,-0.03200000000000003,wd
0.06099999999999994,-0.31700000000000017,-0.1880000000000024,-0.15199999999999747,wd
0.1739999999999995,-0.28699999999999903,-0.2980000000000018,-0.37099999999999866,wd
1.808561000000001,0.6677160000000004,0.22550399999999904,0.12202800000000025,star
0.10500000000000043,0.28200000000000003,0.009000000000000341,-0.15800000000000125,qso
0.1739999999999995,0.03500000000000014,0.1559999999999988,-0.11299999999999955,qso
0.9990559999999995,0.34133500000000083,0.11705599999999805,0.07372100000000259,star
0.24099999999999966,0.022999999999999687,0.10900000000000176,0.21099999999999852,qso
0.0710000000000015,-0.0519999999999996,0.33800000000000097,-0.0400000000000027,qso
-0.08399999999999963,-0.4510000000000005,-0.2950000000000017,-0.08099999999999952,wd
1.2136150000000008,0.4780679999999986,0.18639200000000145,0.0592769999999998,star
0.9984189999999984,0.33684900000000084,0.08595299999999995,0.032254999999999256,star
0.015000000000000568,-0.22800000000000153,-0.17599999999999838,-0.23700000000000188,wd
0.40700000000000003,0.06400000000000006,-0.03500000000000014,-0.129999999999999,wd
0.39000000000000057,0.05000000000000071,-0.0470000000000006,-0.06300000000000239,wd
0.578000000000003,0.7149999999999999,0.44599999999999795,0.2660000000000018,qso
1.2469999999999999,0.16100000000000136,0.054999999999999716,0.1999999999999993,qso
0.18400000000000105,-0.0010000000000012221,0.240000000000002,-0.03500000000000014,qso
0.2579999999999991,-0.3309999999999995,-0.2469999999999999,-0.2530000000000001,wd
0.1460000000000008,0.5689999999999991,0.3730000000000011,0.7109999999999985,wd
-0.13299999999999912,-0.41000000000000014,-0.3099999999999987,-0.2989999999999995,wd
0.1440000000000019,0.1769999999999996,-0.04400000000000048,0.010999999999999233,qso
0.120000000000001,0.3249999999999993,-0.036000000000001364,-0.16000000000000014,qso
0.21499999999999986,0.05799999999999983,0.15700000000000003,-0.1280000000000001,qso
0.1440000000000019,0.0779999999999994,0.1980000000000004,0.2309999999999981,qso
1.2953779999999995,0.5663370000000008,0.23179700000000025,0.11064999999999969,star
-0.2980000000000018,-0.4969999999999999,-0.29499999999999815,-0.3460000000000001,wd
0.3100000000000023,0.09399999999999764,0.1509999999999998,-0.09499999999999886,qso
0.10500000000000043,0.2560000000000002,0.4289999999999985,0.06800000000000139,qso
1.2415519999999987,0.46021100000000104,0.2124120000000005,0.020662000000001512,star
2.230810999999999,0.8867600000000007,0.31124800000000086,0.15994999999999848,star
0.19099999999999895,-0.2789999999999999,-0.3240000000000016,-0.4079999999999977,wd
0.17600000000000193,0.20599999999999952,0.2940000000000005,-0.0020000000000024443,qso
-0.0940000000000012,-0.4059999999999988,-0.30600000000000094,0.015000000000000568,wd
0.48799999999999955,0.3030000000000008,0.16999999999999815,-0.1039999999999992,qso
1.3342759999999991,0.5358430000000034,0.21190699999999651,0.05829800000000063,star
-0.3200000000000003,-0.43599999999999994,-0.2890000000000015,-0.24899999999999878,wd
1.2202640000000002,0.4497429999999998,0.15437699999999843,0.017586000000001434,star
1.7481240000000007,0.7274260000000012,0.22375100000000003,0.10388599999999926,star
0.2740000000000009,-0.0030000000000001137,0.20500000000000185,0.5259999999999998,qso
0.0519999999999996,0.14499999999999957,0.29100000000000037,0.19000000000000128,qso
0.31200000000000117,0.16699999999999804,-0.013999999999999346,0.2779999999999987,qso
1.4517510000000016,0.5988159999999993,0.2005139999999983,0.08459700000000225,star
0.3009999999999984,0.15500000000000114,0.05999999999999872,0.29100000000000037,qso
0.2980000000000018,0.38400000000000034,0.06099999999999994,0.06700000000000017,qso
1.4070220000000013,0.5343229999999988,0.19199000000000055,0.07702600000000004,star
0.021999999999998465,-0.134999999999998,-0.14000000000000057,-0.23900000000000077,wd
1.3659999999999997,0.18900000000000006,-0.015000000000000568,0.028999999999999915,qso
0.11799999999999855,-0.0010000000000012221,0.2430000000000021,-0.06899999999999906,qso
1.1533259999999999,0.4122099999999982,0.1489590000000014,0.03636700000000026,star
0.15600000000000236,0.3719999999999999,0.08899999999999864,0.036000000000001364,qso
0.7159999999999975,0.48100000000000165,0.4770000000000003,0.1999999999999993,qso
0.2840000000000025,0.13599999999999923,0.054999999999999716,-0.08599999999999852,wd
0.4289999999999985,0.06400000000000006,0.0010000000000012221,-0.10300000000000153,wd
0.4289999999999985,-0.23199999999999932,-0.17999999999999972,-0.2980000000000018,wd
0.10000000000000142,-0.0519999999999996,0.28999999999999915,-0.06099999999999994,qso
0.3180000000000014,0.26200000000000045,0.21899999999999764,-0.11499999999999844,qso
0.2980000000000018,-0.10200000000000031,-0.20800000000000196,0.045000000000001705,wd
0.028999999999999915,0.08999999999999986,0.2259999999999991,-0.0519999999999996,qso
0.549000000000003,0.0329999999999977,0.28600000000000136,0.18999999999999773,qso
1.358896999999999,0.6186919999999994,0.2606579999999994,0.07672499999999971,star
0.4090000000000025,-0.06300000000000239,-0.13799999999999812,-0.11599999999999966,wd
0.08899999999999864,0.07900000000000063,0.2740000000000009,0.07900000000000063,qso
0.4800000000000004,0.44099999999999895,0.365000000000002,0.10099999999999909,qso
2.526881999999997,1.076550000000001,0.37495799999999946,0.19531000000000098,star
0.34199999999999875,-0.0030000000000001137,-0.028999999999999915,-0.045999999999999375,wd
0.2010000000000005,0.4750000000000014,0.02499999999999858,-0.18999999999999773,qso
-0.05299999999999727,-0.04400000000000048,0.33999999999999986,0.1529999999999987,qso
2.3515680000000003,1.0840879999999977,0.4213900000000024,0.20110199999999878,star
0.5390000000000015,0.19099999999999895,0.23000000000000043,0.39000000000000057,qso
0.4519999999999982,0.08900000000000219,-0.0010000000000012221,-0.10200000000000031,wd
2.4097229999999996,1.000637000000001,0.370042999999999,0.17617700000000092,star
0.00999999999999801,-0.3539999999999992,-0.3099999999999987,-0.277000000000001,wd
1.5762289999999979,0.598904000000001,0.17540900000000015,0.06461499999999987,star
-0.18799999999999883,-0.3780000000000001,-0.3490000000000002,-0.2710000000000008,wd
0.1720000000000006,0.037000000000002586,0.18599999999999994,-0.062000000000001165,qso
-0.06099999999999994,-0.2759999999999998,-0.14300000000000068,-0.4220000000000006,wd
0.375,0.18299999999999983,0.24299999999999855,-0.06899999999999906,qso
1.604998000000002,0.5821760000000005,0.1950099999999999,0.07882199999999884,star
0.18100000000000094,0.33699999999999974,-0.0070000000000014495,0.17100000000000293,qso
1.1324080000000016,0.40101299999999895,0.07956499999999878,0.037880000000001246,star
2.0321019999999983,0.773341000000002,0.2979409999999998,0.09112799999999943,star
1.194351000000001,0.3757969999999986,0.13786200000000015,0.0317690000000006,star
0.3000000000000007,-0.0030000000000001137,-0.0470000000000006,-0.01699999999999946,wd
-0.1980000000000004,-0.4450000000000003,-0.277000000000001,-0.24299999999999855,wd
1.258739000000002,0.5806690000000003,0.23367899999999864,0.05724899999999877,star
0.5839999999999996,0.10099999999999909,0.009000000000000341,-0.0259999999999998,wd
0.4319999999999986,0.0030000000000001137,-0.003999999999997783,0.254999999999999,qso
1.4585159999999995,0.5235550000000018,0.19027699999999825,0.16008800000000178,star
0.44099999999999895,0.08600000000000207,-0.010000000000001563,-0.11899999999999977,wd
0.5180000000000007,0.20899999999999963,0.028999999999999915,-0.09700000000000131,wd
-0.17999999999999972,-0.43400000000000105,-0.3069999999999986,-0.6180000000000021,wd
1.156788999999998,0.3352529999999998,0.15499200000000002,0.013583000000000567,star
0.4759999999999991,0.1739999999999995,-0.004000000000001336,-0.16799999999999926,wd
0.1960000000000015,-0.06400000000000006,0.19599999999999795,-0.05699999999999861,qso
0.9563689999999987,0.25324600000000075,0.12955499999999986,-0.01470600000000033,star
0.1579999999999977,0.3130000000000024,-0.0519999999999996,0.03599999999999781,qso
0.31899999999999906,0.08300000000000196,0.11999999999999744,-0.04100000000000037,qso
0.10200000000000031,-0.30600000000000094,-0.2729999999999997,-0.2920000000000016,wd
0.02500000000000213,0.01899999999999835,0.2220000000000013,0.036999999999999034,qso
0.4039999999999999,-0.31700000000000017,-0.2049999999999983,-0.34299999999999997,wd
2.1894799999999996,0.8925289999999997,0.3057339999999993,0.12878599999999985,star
-0.29100000000000037,-0.45899999999999963,-0.397000000000002,0.08400000000000318,wd
1.922968000000001,0.7375550000000004,0.2677359999999993,0.14889000000000152,star
1.251971000000001,0.4170479999999994,0.13355400000000017,0.004012000000001237,star
0.13800000000000168,0.06599999999999895,0.2530000000000001,0.1039999999999992,qso
0.49599999999999866,0.09100000000000108,0.03599999999999781,0.2610000000000028,qso
0.43900000000000006,0.4059999999999988,0.15500000000000114,0.08800000000000097,qso
1.295337,0.4860389999999981,0.16639900000000196,0.05955399999999855,star
0.3360000000000021,0.10999999999999943,-0.04299999999999926,-0.07400000000000162,wd
0.2920000000000016,-0.27800000000000225,-0.2519999999999989,-0.1670000000000016,wd
0.4529999999999994,-0.13799999999999812,-0.1769999999999996,-0.20700000000000074,wd
0.5329999999999977,0.0070000000000014495,0.23600000000000065,0.036999999999999034,qso
0.41699999999999804,-0.046999999999997044,-0.060000000000002274,-0.19299999999999784,wd
0.4559999999999995,-0.09199999999999875,-0.09799999999999898,-0.2839999999999989,wd
0.4740000000000002,0.05900000000000105,-0.0940000000000012,-0.07000000000000028,wd
-0.036000000000001364,0.14000000000000057,0.3539999999999992,0.2530000000000001,qso
0.14099999999999824,0.04200000000000159,0.2569999999999979,-0.08699999999999974,qso
2.153072999999999,0.9058449999999993,0.2976290000000006,0.16391700000000142,star
0.33300000000000196,-0.036000000000001364,0.2259999999999991,0.14199999999999946,qso
-0.0799999999999983,-0.12199999999999989,0.5309999999999988,0.565999999999999,wd
2.6454260000000005,1.3836689999999976,0.6590530000000001,0.3802960000000013,star
0.4170000000000016,-0.04400000000000048,0.18299999999999983,0.0730000000000004,qso
0.517000000000003,0.5529999999999973,1.029,0.6700000000000017,wd
0.120000000000001,-0.30200000000000315,-0.1999999999999993,-0.08500000000000085,wd
0.3559999999999981,0.28000000000000114,0.02499999999999858,0.04899999999999949,qso
-0.08899999999999864,0.20099999999999696,0.02300000000000324,0.05299999999999727,qso
0.0710000000000015,-0.30600000000000094,-0.2699999999999996,-0.23499999999999943,wd
0.3670000000000009,0.07699999999999818,-0.05999999999999872,0.08099999999999952,qso
1.2363459999999975,0.4152470000000008,0.1604100000000006,0.08467599999999997,star
1.5234279999999991,0.5597819999999984,0.2104820000000025,0.06784099999999782,star
0.027000000000001023,0.2560000000000002,0.3200000000000003,0.12199999999999989,qso
0.09800000000000253,-0.277000000000001,-0.2630000000000017,-0.2859999999999978,wd
0.9272520000000029,0.29750800000000055,0.10407599999999917,0.05640999999999963,star
1.2193550000000002,0.4004089999999998,0.1585959999999993,0.06187299999999851,star
-0.04100000000000037,-0.010000000000001563,0.33000000000000185,0.054999999999999716,qso
1.2645710000000001,0.5390959999999989,0.1592640000000003,0.08742200000000011,star
-0.11500000000000199,0.036999999999999034,0.24700000000000344,0.06299999999999883,qso
1.5175030000000014,0.6417809999999982,0.2550110000000032,0.09626599999999996,star
1.710557999999999,0.6379379999999983,0.27777599999999936,0.11868700000000132,star
0.12199999999999989,-0.3030000000000008,-0.23000000000000043,-0.1739999999999995,wd
1.0310810000000004,0.25046399999999913,0.07495600000000024,-0.03379800000000088,star
0.37099999999999866,0.1680000000000028,-0.0020000000000024443,0.15399999999999991,qso
0.1319999999999979,-0.29399999999999693,-0.2660000000000018,-0.3019999999999996,wd
0.2610000000000028,0.3379999999999974,0.15000000000000213,0.08800000000000097,qso
0.532,0.44200000000000017,0.3299999999999983,0.3490000000000002,qso
1.4536259999999999,0.5418270000000014,0.3394180000000002,0.001398999999999262,star
0.15100000000000335,-0.30500000000000327,-0.25099999999999767,-0.1180000000000021,wd
1.2057080000000013,0.44680699999999973,0.13827699999999865,0.06897999999999982,star
0.379999999999999,0.008000000000002672,0.44299999999999784,0.2740000000000009,qso
1.163537999999999,0.4167759999999987,0.13844900000000138,0.12052499999999888,star
-0.013999999999999346,0.2699999999999996,0.1509999999999998,-0.0730000000000004,qso
0.29199999999999804,-0.053999999999998494,0.04200000000000159,-0.02400000000000091,qso
0.9650960000000026,0.3645399999999981,0.14984700000000117,0.04304300000000083,star
1.1427870000000002,0.42146799999999907,0.21566300000000105,-0.006594000000001543,star
0.1839999999999975,-0.24399999999999977,0.26200000000000045,0.472999999999999,wd
-0.09799999999999898,-0.33500000000000085,-0.28200000000000003,-0.29299999999999926,wd
-0.0030000000000001137,-0.384999999999998,-0.30600000000000094,-0.3670000000000009,wd
0.896684999999998,0.2793840000000003,0.066554,0.009146999999998684,star
0.12700000000000244,0.26200000000000045,0.019999999999999574,-0.08600000000000207,qso
0.07399999999999807,0.045999999999999375,0.11200000000000188,-0.0070000000000014495,qso
0.1750000000000007,0.22499999999999787,0.0920000000000023,-0.06900000000000261,qso
0.495000000000001,0.26599999999999824,0.2789999999999999,0.06700000000000017,qso
0.2699999999999996,-0.29299999999999926,-0.22000000000000242,-0.3249999999999993,wd
1.3791979999999988,0.5154360000000011,0.13429800000000114,0.059134999999999494,star
1.0572490000000023,0.4100590000000004,0.35157299999999836,-0.1045979999999993,star
0.19699999999999918,0.02499999999999858,0.25400000000000134,0.129999999999999,qso
0.23500000000000298,0.12899999999999778,0.04400000000000048,0.379999999999999,qso
-0.129999999999999,0.39699999999999847,0.07000000000000028,-0.10699999999999932,qso
0.45800000000000196,-0.02300000000000324,-0.09399999999999764,-0.006000000000000227,wd
2.4344060000000027,1.0582239999999992,0.41106599999999816,0.19528299999999987,star
0.19000000000000128,-0.23900000000000077,-0.3509999999999991,-0.2480000000000011,wd
0.607999999999997,0.5410000000000004,0.588000000000001,0.370000000000001,wd
1.589535999999999,0.5758940000000017,0.2312119999999993,0.13435799999999887,star
0.11400000000000077,0.16000000000000014,0.27399999999999736,0.18400000000000105,qso
1.2608940000000004,0.565256999999999,0.2194420000000008,0.09658499999999925,star
1.0663969999999985,0.3208120000000001,0.1383050000000008,0.04119900000000065,star
1.806000000000001,0.9540000000000006,0.593,0.3520000000000003,qso
0.15499999999999758,0.21199999999999974,-0.04999999999999716,-0.16300000000000026,qso
1.881895,0.7603679999999979,0.25500700000000087,0.09599500000000027,star
1.9882810000000006,0.7619490000000013,0.27930100000000024,0.14657000000000053,star
0.021999999999998465,-0.375,-0.2579999999999991,-0.28699999999999903,wd
0.2699999999999996,0.33399999999999963,-0.013000000000001677,0.09299999999999997,qso
0.06800000000000139,-0.07700000000000173,0.1460000000000008,-0.053000000000000824,qso
0.18299999999999983,-0.02699999999999747,0.2680000000000007,-0.011000000000002785,qso
-0.4120000000000008,-0.5150000000000006,-0.34999999999999787,-0.33000000000000185,wd
0.38599999999999923,0.19500000000000028,0.038000000000000256,0.25400000000000134,qso
0.15199999999999747,-0.3049999999999997,-0.28500000000000014,-0.30799999999999983,wd
0.2950000000000017,-0.2729999999999997,-0.2980000000000018,-0.19699999999999918,wd
0.2950000000000017,-0.30600000000000094,-0.26500000000000057,-0.26599999999999824,wd
1.2292730000000027,0.49713299999999805,0.24833500000000086,0.06040000000000134,star
0.3719999999999999,-0.009000000000000341,0.09500000000000242,-0.02400000000000091,qso
0.4029999999999987,-0.1789999999999985,-0.20300000000000296,-0.23999999999999844,wd
0.05699999999999861,0.08699999999999974,-0.06700000000000017,0.3500000000000014,qso
0.2920000000000016,0.2629999999999981,0.4140000000000015,0.38500000000000156,qso
-0.08399999999999963,-0.3490000000000002,-0.30799999999999983,-0.2989999999999995,wd
0.2469999999999999,0.17900000000000205,0.19200000000000017,0.04499999999999815,qso
-0.07400000000000162,0.267000000000003,-0.012000000000000455,-0.06099999999999994,qso
0.536999999999999,0.5410000000000004,1.1660000000000004,0.8559999999999981,wd
0.8986720000000012,0.42682100000000034,0.17467599999999806,0.09155499999999961,star
1.0629600000000003,0.44959799999999817,0.2005390000000027,0.06703499999999707,star
0.4180000000000028,0.09199999999999875,-0.036000000000001364,-0.07499999999999929,wd
0.28200000000000003,-0.27199999999999847,-0.1819999999999986,-0.03300000000000125,wd
1.1743769999999998,0.4353110000000022,0.17426299999999983,0.09454299999999805,star
2.319386999999999,0.929591000000002,0.32879999999999754,0.1909830000000028,star
0.38899999999999935,0.46199999999999974,0.3249999999999993,0.23199999999999932,qso
1.0775389999999998,0.3784359999999989,0.16344700000000145,0.03230399999999989,star
1.1399669999999986,0.44397900000000234,0.14167600000000036,0.13107300000000066,star
0.3410000000000011,-0.04800000000000182,-0.05600000000000094,-0.1059999999999981,wd
0.43400000000000105,0.1410000000000018,-0.009000000000000341,-0.07700000000000173,wd
0.24200000000000088,0.0030000000000001137,0.43900000000000006,0.18799999999999883,qso
1.1471020000000003,0.41587200000000024,0.16690900000000042,0.044760999999999385,star
0.20700000000000074,0.33800000000000097,0.17599999999999838,0.5309999999999988,qso
0.477999999999998,-0.2560000000000002,-0.19399999999999906,-0.30600000000000094,wd
0.2789999999999999,-0.15500000000000114,0.08399999999999963,-0.10999999999999943,qso
0.38899999999999935,-0.08099999999999952,-0.267000000000003,-0.18999999999999773,wd
0.26099999999999923,-0.11400000000000077,0.25500000000000256,-0.19400000000000261,qso
1.330127000000001,0.476818999999999,0.21115500000000154,0.07463200000000114,star
0.36299999999999955,-0.14399999999999835,-0.19700000000000273,-0.04299999999999926,wd
-0.07199999999999918,0.3910000000000018,-0.03100000000000236,-0.06599999999999895,qso
0.5069999999999979,-0.1750000000000007,-0.16000000000000014,-0.09799999999999898,wd
-0.06300000000000239,-0.3200000000000003,-0.2049999999999983,-0.30799999999999983,wd
2.412609,0.9410139999999991,0.2914790000000007,0.1685149999999993,star
-0.1280000000000001,-0.31400000000000006,-0.3689999999999998,-0.16199999999999903,wd
1.3064169999999997,0.4237409999999997,0.15538600000000002,0.06039800000000284,star
0.06800000000000139,0.027999999999998693,0.24099999999999966,-0.004999999999999005,qso
2.249296000000001,0.9344539999999988,0.3559420000000024,0.23443400000000025,star
1.1282940000000004,0.4916380000000018,0.17835799999999935,0.10934899999999814,star
0.4569999999999972,0.10400000000000276,-0.0010000000000012221,-0.08000000000000185,wd
0.7949999999999982,0.23300000000000054,0.28300000000000125,0.08399999999999963,qso
0.5570000000000022,0.16499999999999915,0.03300000000000125,-0.060000000000002274,wd
0.37299999999999756,0.21499999999999986,-0.02699999999999747,0.18900000000000006,qso
2.464852999999998,1.001857000000001,0.43030400000000135,0.22565799999999925,star
0.33500000000000085,0.29499999999999815,0.4200000000000017,-0.05000000000000071,qso
1.9397300000000008,0.7680400000000009,0.282392999999999,0.12396000000000029,star
0.125,0.2339999999999982,0.20500000000000185,0.4209999999999994,qso
1.495742,0.585623,0.23153500000000093,0.10779299999999914,star
0.14999999999999858,0.0920000000000023,0.003999999999997783,0.23100000000000165,qso
0.9906159999999993,0.4178449999999998,0.21145800000000037,0.08982899999999816,star
0.33699999999999974,0.2560000000000002,0.07199999999999918,-0.028000000000002245,qso
1.4702659999999987,0.5708280000000023,0.21008499999999763,0.10729100000000003,star
1.9833320000000008,0.7770860000000006,0.3106150000000003,0.13820199999999971,star
0.9076020000000007,0.27498100000000036,0.090838999999999,0.00862899999999911,star
0.2710000000000008,0.30100000000000193,-0.06099999999999994,0.05799999999999983,qso
0.023999999999997357,-0.33999999999999986,-0.3059999999999974,-0.28300000000000125,wd
0.4140000000000015,0.2530000000000001,0.2469999999999999,0.05299999999999727,qso
1.5021839999999997,0.5336949999999998,0.20820999999999934,0.07465799999999945,star
1.037231000000002,0.3716809999999988,0.171362000000002,0.060666999999998694,star
0.1700000000000017,0.16600000000000037,0.22999999999999687,0.20900000000000318,qso
0.2809999999999988,-0.007999999999999119,0.18100000000000094,0.012000000000000455,qso
0.4559999999999995,0.047999999999998266,-0.05699999999999861,0.19500000000000028,qso
2.7136749999999985,1.154947,0.5498640000000012,0.3158619999999992,star
0.2859999999999978,0.11299999999999955,-0.0259999999999998,0.14000000000000057,qso
0.009000000000000341,0.21399999999999864,-0.013999999999999346,-0.11100000000000065,qso
0.17599999999999838,0.31299999999999883,0.07500000000000284,0.014999999999997016,qso
0.09600000000000009,-0.20000000000000284,-0.12899999999999778,-0.21100000000000207,wd
1.065999999999999,-0.14399999999999835,0.06899999999999906,0.3039999999999985,qso
0.09600000000000009,0.15199999999999747,0.004000000000001336,-0.0070000000000014495,qso
0.5079999999999991,-0.07099999999999795,-0.09799999999999898,-0.33000000000000185,wd
1.4223999999999997,0.5352420000000002,0.18716999999999828,0.06965500000000091,star
0.402000000000001,-0.18300000000000338,-0.1839999999999975,-0.24099999999999966,wd
0.5330000000000013,0.16699999999999804,0.23900000000000077,0.07900000000000063,qso
0.1460000000000008,-0.05000000000000071,-0.17900000000000205,-0.19399999999999906,wd
-0.0470000000000006,-0.22299999999999898,-0.2049999999999983,-0.1910000000000025,wd
0.46499999999999986,-0.1509999999999998,-0.11199999999999832,-0.10000000000000142,wd
2.533825,1.2963730000000027,0.49017100000000013,0.3282759999999989,star
1.0684320000000014,0.36044300000000007,0.1262029999999985,0.03497300000000081,star
0.05900000000000105,0.12099999999999866,-0.08800000000000097,0.08900000000000219,qso
0.9873499999999993,0.2803650000000033,0.14007599999999698,-0.00414299999999912,star
0.8668289999999992,0.3825250000000011,0.13408599999999993,0.05738699999999852,star
0.08800000000000097,-0.18900000000000006,0.006000000000000227,0.07399999999999984,qso
0.33000000000000185,0.20599999999999952,0.0779999999999994,0.19099999999999895,qso
-0.06400000000000006,0.00999999999999801,0.27800000000000225,0.0329999999999977,qso
0.44200000000000017,-0.2759999999999998,-0.23999999999999844,-0.20899999999999963,wd
-0.007999999999999119,0.3569999999999993,0.07600000000000051,-0.08600000000000207,qso
2.1641080000000024,0.841189,0.32124299999999906,0.144601999999999,star
0.3569999999999993,-0.24899999999999878,-0.19400000000000261,-0.2560000000000002,wd
1.287903,0.5361979999999988,0.17527000000000115,0.06191199999999952,star
1.4225270000000023,0.5158119999999968,0.2332060000000027,0.08694200000000052,star
0.16199999999999903,0.08200000000000074,0.2920000000000016,0.038999999999997925,qso
1.5093119999999978,0.5840530000000008,0.15775500000000164,0.09121799999999958,star
0.06099999999999994,0.07700000000000173,0.384999999999998,0.06900000000000261,qso
2.682960999999999,1.4131660000000004,0.770548999999999,0.3860930000000007,star
0.2079999999999984,0.277000000000001,0.036999999999999034,0.09500000000000242,qso
1.0470299999999995,0.31658000000000186,0.1090309999999981,0.07429600000000036,star
0.06700000000000017,0.2779999999999987,0.05000000000000071,-0.11799999999999855,qso
2.152090000000001,0.9750230000000002,0.4617140000000006,0.16999799999999965,star
0.33100000000000307,0.046999999999997044,-0.21899999999999764,0.14999999999999858,wd
1.0625670000000014,0.3906799999999997,0.1414030000000004,0.05885499999999766,star
-0.13700000000000045,-0.4239999999999995,-0.3509999999999991,-0.23600000000000065,wd
0.40600000000000236,0.1319999999999979,-0.030999999999998806,0.03500000000000014,wd
0.2740000000000009,0.08699999999999974,0.21699999999999875,0.05100000000000193,qso
1.1385499999999986,0.4002219999999994,0.15618900000000124,0.058626999999997764,star
1.0583859999999987,0.35742700000000127,0.16282599999999903,0.022316999999999254,star
-0.3960000000000008,-0.4740000000000002,-0.3319999999999972,-0.4090000000000025,wd
0.38300000000000267,-0.043000000000002814,-0.06899999999999906,-0.15200000000000102,wd
0.490000000000002,0.07900000000000063,0.3149999999999977,0.13800000000000168,qso
0.14999999999999858,-0.2970000000000006,-0.28200000000000003,-0.16699999999999804,wd
0.08900000000000219,-0.0470000000000006,0.34399999999999764,0.0730000000000004,qso
0.19500000000000028,-0.07000000000000028,0.02500000000000213,0.26099999999999923,wd
0.2619999999999969,0.245000000000001,0.08800000000000097,0.053999999999998494,qso
0.5560000000000009,0.3719999999999999,0.35999999999999943,0.05999999999999872,qso
0.8415759999999999,0.22355700000000134,-0.3763070000000006,0.4296419999999994,star
0.2729999999999997,0.019000000000001904,-0.04400000000000048,-0.17999999999999972,wd
1.2179319999999976,0.46892700000000076,0.1613490000000013,0.029678000000000537,star
2.4670890000000014,0.9740599999999979,0.40865400000000207,0.20388200000000012,star
1.0277659999999997,0.036137000000000086,-0.045408000000000115,-0.11269899999999922,star
0.4220000000000006,-0.036999999999999034,-0.045000000000001705,-0.11499999999999844,wd
1.1780639999999991,0.39452400000000054,0.16150100000000123,0.036256999999999096,star
1.5764099999999992,0.6341569999999983,0.23171000000000141,0.02649000000000079,star
-0.14199999999999946,-0.28200000000000003,-0.2190000000000012,-0.31299999999999883,wd
1.3410489999999982,0.5190149999999996,0.24191500000000232,0.08243699999999876,star
0.4349999999999987,0.15100000000000335,0.22100000000000009,0.2849999999999966,qso
0.2029999999999994,0.05999999999999872,0.44399999999999906,0.05000000000000071,qso
1.134836,0.3316990000000004,0.1046510000000005,0.04286000000000101,star
1.1203230000000026,0.3385449999999999,0.15730299999999886,0.0416710000000009,star
1.1596920000000015,0.32012000000000107,0.07895999999999859,0.023117000000000942,star
0.33999999999999986,-0.021000000000000796,-0.06400000000000006,-0.120000000000001,wd
0.03200000000000003,0.0470000000000006,0.4610000000000021,-0.013000000000001677,qso
0.41100000000000136,0.06899999999999906,-0.007999999999999119,-0.04100000000000037,wd
0.2170000000000023,-0.365000000000002,-0.41999999999999815,-0.12100000000000222,wd
1.2215440000000015,0.44058899999999923,0.16427799999999948,0.059955000000000425,star
0.08599999999999852,-0.00999999999999801,0.20700000000000074,0.18799999999999883,qso
1.016649000000001,0.3828490000000002,0.13188200000000094,0.035211000000000325,star
0.07200000000000273,-0.015000000000000568,0.20400000000000063,-0.03100000000000236,qso
-0.05699999999999861,0.44099999999999895,0.006000000000000227,-0.05000000000000071,qso
0.47800000000000153,-0.17100000000000293,-0.22199999999999775,-0.2680000000000007,wd
1.2199720000000003,0.18369200000000063,0.45279500000000006,-0.004433999999999827,star
1.3036770000000004,0.4614539999999998,0.18740500000000004,0.009662999999999755,star
0.18799999999999883,0.03500000000000014,0.2170000000000023,0.06499999999999773,qso
0.3550000000000004,0.16999999999999815,0.3000000000000007,-0.04800000000000182,qso
-0.22299999999999898,-0.42299999999999827,-0.33999999999999986,-0.35400000000000276,wd
0.42900000000000205,-0.0070000000000014495,0.6129999999999995,0.6670000000000016,wd
-0.2480000000000011,0.4029999999999987,0.0470000000000006,0.07400000000000162,qso
0.3279999999999994,-0.3409999999999975,-0.2190000000000012,-0.11700000000000088,wd
0.4269999999999996,-0.21099999999999852,-0.20400000000000063,-0.28600000000000136,wd
0.5790000000000006,0.6149999999999984,0.5120000000000005,0.20599999999999952,qso
0.26699999999999946,0.22299999999999898,0.009000000000000341,0.06400000000000006,qso
1.2071110000000012,0.5094190000000012,0.17830299999999966,0.12870699999999857,star
2.345963000000001,0.9396179999999994,0.287882999999999,0.16304599999999958,star
-0.05999999999999872,-0.504999999999999,-0.31400000000000006,-0.2920000000000016,wd
0.30600000000000094,0.26500000000000057,-0.009000000000000341,0.21300000000000097,qso
-0.038000000000000256,-0.33800000000000097,-0.23799999999999955,-0.23900000000000077,wd
1.1972719999999981,0.3543520000000022,0.20559700000000092,0.07936099999999868,star
1.5004419999999996,0.6066460000000014,0.2440339999999992,0.13919399999999982,star
1.2542720000000003,0.42272599999999905,0.13837799999999945,0.021280000000000854,star
0.3490000000000002,-0.26500000000000057,-0.2840000000000025,-0.26099999999999923,wd
0.3200000000000003,0.21599999999999753,0.21600000000000108,0.18799999999999883,qso
0.9246820000000007,0.3647369999999981,0.10862099999999941,-0.0016609999999985803,star
0.532,0.1789999999999985,-0.01899999999999835,0.0009999999999976694,wd
1.2705710000000003,0.45074400000000026,0.21778099999999867,0.04980700000000127,star
0.2339999999999982,-0.027999999999998693,0.1509999999999998,0.013999999999999346,qso
0.40300000000000225,0.10200000000000031,-0.10900000000000176,0.05799999999999983,qso
2.5940340000000006,1.329471999999999,0.7164330000000003,0.4016319999999993,star
0.40500000000000114,0.24599999999999866,0.16799999999999926,0.21199999999999974,qso
0.26899999999999835,0.17600000000000193,0.17099999999999937,0.25900000000000034,qso
1.0885670000000012,0.31098799999999827,0.14614500000000064,0.04514700000000005,star
0.18799999999999883,0.11700000000000088,0.15000000000000213,0.18999999999999773,qso
0.005999999999996675,-0.3099999999999987,-0.2809999999999988,-0.17800000000000082,wd
0.30200000000000315,-0.20000000000000284,-0.21699999999999875,0.0470000000000006,wd
0.29199999999999804,0.09299999999999997,0.24200000000000088,-0.09600000000000009,qso
0.8163429999999998,0.3068810000000006,0.11407700000000176,0.028794999999998794,star
-0.2890000000000015,-0.3550000000000004,0.13400000000000034,0.08000000000000185,wd
0.2220000000000013,0.1769999999999996,0.08699999999999974,0.12600000000000122,qso
1.4446109999999983,0.44789100000000026,0.15953099999999942,0.0591260000000009,star
0.6700000000000017,0.007999999999999119,0.14300000000000068,0.17599999999999838,qso
-0.1739999999999995,-0.33200000000000074,0.05699999999999861,0.20800000000000196,wd
0.1819999999999986,0.1460000000000008,0.1999999999999993,-0.009000000000000341,qso
1.0394520000000007,0.39374100000000034,0.10712300000000141,0.05779499999999871,star
0.3949999999999996,-0.06800000000000139,-0.21699999999999875,0.08200000000000074,wd
0.259999999999998,0.16300000000000026,0.33500000000000085,0.10699999999999932,qso
1.62641,0.5714359999999985,0.22256400000000198,0.05529999999999902,star
-0.06700000000000017,-0.33399999999999963,-0.2170000000000023,-0.34499999999999886,wd
1.1359610000000018,0.39177899999999966,0.13394999999999868,0.057909999999999684,star
0.884361000000002,0.3033329999999985,0.08683600000000169,0.040738999999998526,star
0.3030000000000008,0.02499999999999858,0.015999999999998238,0.120000000000001,qso
0.41699999999999804,-0.028999999999999915,-0.09299999999999997,-0.18900000000000006,wd
0.13599999999999923,0.19000000000000128,0.027999999999998693,-0.2289999999999992,qso
0.3730000000000011,-0.21199999999999974,-0.21600000000000108,-0.19399999999999906,wd
0.925787999999999,0.28714500000000065,0.09586000000000006,0.06250200000000028,star
0.054999999999999716,-0.27399999999999736,-0.2630000000000017,-0.13400000000000034,wd
2.5797589999999992,1.1852650000000011,0.4166450000000008,0.22555399999999892,star
0.22300000000000253,-0.3410000000000011,-0.23900000000000077,-0.23999999999999844,wd
0.08000000000000185,0.0030000000000001137,0.2829999999999977,0.08400000000000318,qso
0.43100000000000094,-0.18499999999999872,-0.0400000000000027,-0.4399999999999977,wd
0.05600000000000094,0.09700000000000131,0.10999999999999943,-0.11500000000000199,qso
2.4091299999999976,1.0866800000000012,0.41082700000000116,0.210977999999999,star
1.1859000000000002,0.40563599999999767,0.15156300000000122,0.04523199999999861,star
2.0466499999999996,0.7830919999999999,0.29500400000000226,0.20053300000000007,star
0.15200000000000102,0.2579999999999991,0.1130000000000031,-0.05800000000000338,qso
0.09199999999999875,0.022000000000002018,0.21899999999999764,-0.03599999999999781,qso
2.6184840000000023,1.2845459999999989,0.6269269999999985,0.34732800000000097,star
-0.2660000000000018,-0.5089999999999968,-0.3150000000000013,-0.053999999999998494,wd
0.15399999999999991,0.2569999999999979,-0.02499999999999858,-0.14699999999999847,qso
0.32599999999999696,0.1930000000000014,0.39099999999999824,0.03200000000000003,qso
0.09599999999999653,-0.054999999999999716,-0.07499999999999929,-0.21799999999999997,wd
0.11299999999999955,-0.11599999999999966,-0.16600000000000037,-0.08699999999999974,wd
0.1460000000000008,0.5689999999999991,0.3730000000000011,0.7109999999999985,wd
1.442931999999999,0.47396800000000106,0.19104399999999977,0.06104799999999955,star
1.8816190000000006,0.7174320000000023,0.2633549999999971,0.137081000000002,star
0.14800000000000324,0.10499999999999687,0.2900000000000027,0.07599999999999696,qso
1.199770000000001,0.36444299999999785,0.1774009999999997,0.03580300000000136,star
0.19400000000000261,0.06799999999999784,0.25500000000000256,-0.11700000000000088,qso
1.5621379999999974,0.6316810000000004,0.2670020000000015,0.14133599999999902,star
0.4239999999999995,-0.2619999999999969,-0.18100000000000094,-0.3360000000000021,wd
0.09600000000000009,-0.3630000000000031,-0.27399999999999736,-0.060000000000002274,wd
0.22100000000000009,0.021000000000000796,0.19000000000000128,0.06299999999999883,qso
0.8625320000000016,0.3047770000000014,0.13447599999999937,0.030162999999998164,star
0.6469999999999985,0.5300000000000011,0.10300000000000153,0.07900000000000063,qso
0.4440000000000026,0.045999999999999375,-0.04299999999999926,-0.17999999999999972,wd
2.2296759999999978,0.9930900000000022,0.35413299999999914,0.1762340000000009,star
2.137999999999998,0.9027580000000022,0.3407020000000003,0.16832899999999817,star
1.2770299999999999,0.49464100000000144,0.1999619999999993,0.07584200000000152,star
-0.18499999999999872,-0.08200000000000074,0.5889999999999986,0.657,wd
0.4510000000000005,-0.013999999999999346,-0.0660000000000025,0.1490000000000009,qso
-0.3950000000000031,-0.532,-0.264999999999997,-0.3360000000000021,wd
0.38899999999999935,0.254999999999999,0.3689999999999998,0.02500000000000213,qso
0.39599999999999724,-0.07600000000000051,-0.07399999999999807,-0.01600000000000179,wd
-0.09999999999999787,0.028999999999999915,0.16699999999999804,0.19399999999999906,qso
0.9100510000000028,0.2885169999999988,0.08611099999999894,0.012629000000000445,star
0.3219999999999992,-0.28200000000000003,-0.2779999999999987,-0.25200000000000244,wd
0.1490000000000009,-0.34499999999999886,-0.3130000000000024,-0.2289999999999992,wd
0.44200000000000017,-0.045000000000001705,-0.06799999999999784,-0.08699999999999974,wd
0.42299999999999827,0.10200000000000031,0.07400000000000162,0.32399999999999807,qso
2.3010079999999995,0.9792360000000002,0.299353,0.19086299999999845,star
1.0019259999999974,0.43022900000000064,0.09491399999999928,0.05781299999999945,star
1.0665220000000026,0.45170399999999944,0.21721900000000005,0.11904099999999929,star
2.312198000000002,0.9765949999999997,0.24013499999999866,0.1936870000000006,star
1.1148800000000012,0.41010299999999944,0.11615100000000034,0.044325999999999866,star
-0.03999999999999915,0.06800000000000139,0.5899999999999999,0.509999999999998,wd
0.3080000000000034,0.015999999999998238,0.1789999999999985,-0.09299999999999997,qso
1.3405879999999968,0.49788400000000266,0.15185799999999716,0.07467600000000019,star
1.136524999999999,0.49854400000000254,0.20239499999999921,0.10976799999999898,star
0.1739999999999995,0.2029999999999994,-0.06899999999999906,0.045999999999999375,qso
0.19500000000000028,-0.24900000000000233,0.15600000000000236,0.16699999999999804,qso
0.3760000000000012,0.0470000000000006,0.1460000000000008,-0.1490000000000009,qso
2.160139000000001,0.8343989999999977,0.33089000000000013,0.09455700000000178,star
0.4540000000000006,-0.1559999999999988,-0.1960000000000015,-0.1839999999999975,wd
-0.1609999999999978,0.38700000000000045,-0.011000000000002785,0.014000000000002899,qso
1.4412929999999982,0.6562850000000005,0.28245700000000085,0.13780399999999915,star
-0.03300000000000125,0.18900000000000006,0.2749999999999986,-0.028999999999999915,qso
-0.1750000000000007,-0.0849999999999973,0.24899999999999878,0.23799999999999955,qso
1.1270890000000016,0.39702899999999985,0.14519699999999958,0.016808000000001044,star
0.04100000000000037,0.26699999999999946,0.03399999999999892,-0.11199999999999832,qso
0.3880000000000017,-0.21800000000000352,-0.23899999999999721,-0.22000000000000242,wd
0.16400000000000148,-0.16300000000000026,-0.1700000000000017,-0.14499999999999957,wd
0.15399999999999991,0.027999999999998693,-0.07700000000000173,0.04900000000000304,qso
1.263028000000002,0.4399979999999992,0.14498299999999986,0.05426099999999856,star
0.4800000000000004,-0.2010000000000005,-0.19699999999999918,-0.21199999999999974,wd
0.12200000000000344,0.24599999999999866,0.04199999999999804,-0.07199999999999918,qso
0.6849999999999987,0.0920000000000023,0.04899999999999949,0.25900000000000034,qso
0.375,-0.0259999999999998,-0.045999999999999375,-0.1750000000000007,wd
2.5833760000000012,1.2824719999999985,0.5899770000000011,0.3288999999999991,star
0.5289999999999999,0.33800000000000097,-0.01899999999999835,-0.0660000000000025,qso
0.6080000000000005,0.24399999999999977,0.16499999999999915,-0.018000000000000682,wd
0.9010180000000005,0.388104000000002,0.20905099999999877,0.05866400000000027,star
0.42600000000000193,0.8739999999999988,0.4140000000000015,0.2240000000000002,qso
0.06400000000000006,-0.06400000000000006,-0.028000000000002245,-0.39399999999999835,wd
0.37599999999999767,-0.0030000000000001137,-0.06499999999999773,-0.0710000000000015,wd
2.3671919999999993,0.9829270000000001,0.2965389999999992,0.17024499999999954,star
-0.010000000000001563,-0.347999999999999,-0.3230000000000004,-0.3000000000000007,wd
0.16100000000000136,0.036999999999999034,0.2710000000000008,0.12399999999999878,qso
1.1792160000000003,0.5088259999999991,0.19779000000000124,0.10324299999999909,star
1.4100510000000028,0.4610299999999974,0.16365200000000257,0.06103299999999834,star
2.2056369999999994,0.8203369999999985,0.31063100000000077,0.13590699999999956,star
0.9292380000000016,0.38559899999999914,0.13344899999999882,0.05359800000000092,star
0.46000000000000085,0.19200000000000017,0.15899999999999892,0.17999999999999972,qso
0.2469999999999999,-0.2380000000000031,-0.2519999999999989,-0.0470000000000006,wd
1.7684080000000009,0.7842899999999986,0.3441320000000019,0.2577670000000012,star
0.36999999999999744,-0.254999999999999,-0.2560000000000002,-0.24299999999999855,wd
2.338599000000002,0.986031999999998,0.37978800000000135,0.1798029999999997,star
1.074104000000002,0.35493999999999915,0.1418709999999983,0.009409000000001555,star
0.6320000000000014,0.04899999999999949,0.02500000000000213,0.2959999999999994,qso
0.4190000000000005,0.03100000000000236,0.1269999999999989,0.16900000000000048,qso
1.1186410000000002,0.3746020000000012,0.10993999999999993,0.04908000000000001,star
0.16899999999999693,0.18700000000000117,0.1460000000000008,0.23199999999999932,qso
0.43100000000000094,-0.04800000000000182,0.39000000000000057,0.6140000000000008,wd
0.17599999999999838,-0.2270000000000003,0.1700000000000017,0.37099999999999866,wd
0.49799999999999756,0.14300000000000068,0.010999999999999233,0.0020000000000024443,wd
1.9912209999999995,0.7891760000000012,0.24797099999999972,0.09187499999999815,star
0.08099999999999952,0.15200000000000102,0.47199999999999775,-0.2749999999999986,qso
0.16400000000000148,-0.19200000000000017,-0.1750000000000007,-0.18299999999999983,wd
-0.06700000000000017,-0.2699999999999996,-0.2510000000000012,-0.19299999999999784,wd
1.8446819999999988,0.6927440000000011,0.26960499999999854,0.1052880000000016,star
1.2359749999999998,0.5180070000000008,0.21265299999999954,0.058379999999999654,star
0.33500000000000085,-0.03999999999999915,-0.10999999999999943,-0.08699999999999974,wd
1.1713319999999996,0.42472399999999766,0.1700400000000002,0.05797800000000208,star
0.23100000000000165,0.2710000000000008,-0.02400000000000091,-0.13200000000000145,qso
0.9659589999999998,0.3539349999999999,0.04711399999999877,0.0592870000000012,star
0.14199999999999946,0.0519999999999996,0.22800000000000153,0.013999999999999346,qso
2.036311999999999,0.8147789999999979,0.2527430000000024,0.1844999999999999,star
0.352999999999998,0.08000000000000185,-0.18400000000000105,0.053999999999998494,qso
0.3099999999999987,-0.0589999999999975,-0.06099999999999994,0.129999999999999,qso
0.2970000000000006,-0.16799999999999926,0.03399999999999892,0.2519999999999989,wd
-0.007999999999999119,0.015999999999998238,0.2840000000000025,0.06199999999999761,qso
0.6130000000000031,-0.027000000000001023,0.08399999999999963,0.16799999999999926,qso
0.16799999999999926,0.0030000000000001137,0.21999999999999886,0.06099999999999994,qso
0.3769999999999989,-0.18200000000000216,-0.18799999999999883,-0.03999999999999915,wd
1.1874959999999994,0.4014109999999995,0.22173700000000096,0.016251999999997935,star
1.0001099999999994,0.37180700000000044,0.1135889999999975,0.07897700000000185,star
-0.03999999999999915,-0.2920000000000016,-0.18900000000000006,-0.3460000000000001,wd
0.4230000000000018,0.17299999999999827,0.1410000000000018,0.2859999999999978,qso
1.5428829999999998,0.5457940000000008,0.1818649999999984,0.07922599999999846,star
0.4330000000000034,-0.07400000000000162,0.04299999999999926,-0.1269999999999989,wd
0.25099999999999767,0.3160000000000025,0.09799999999999898,-0.0019999999999988916,qso
1.2865179999999974,0.48683600000000204,0.1723719999999993,0.0603820000000006,star
0.4599999999999973,-0.013999999999999346,-0.02499999999999858,-0.16199999999999903,qso
0.4480000000000004,-0.10999999999999943,-0.21199999999999974,-0.365000000000002,wd
1.2507529999999996,0.43688200000000066,0.1387079999999994,0.06896500000000039,star
0.24299999999999855,0.10700000000000287,0.2569999999999979,0.05100000000000193,qso
0.2410000000000032,-0.3950000000000031,-0.36799999999999855,-0.38899999999999935,wd
0.8833959999999994,0.273479,0.11308799999999941,0.009703999999999269,star
0.08500000000000085,-0.12300000000000111,-0.21000000000000085,0.02400000000000091,wd
0.45899999999999963,-0.05299999999999727,-0.03300000000000125,-0.054000000000002046,wd
0.3200000000000003,-0.0070000000000014495,-0.03200000000000003,-0.13799999999999812,wd
0.04899999999999949,0.19700000000000273,0.14099999999999824,0.02400000000000091,qso
0.08200000000000074,0.18299999999999983,-0.08999999999999986,-0.1739999999999995,qso
0.15899999999999892,0.45899999999999963,0.142000000000003,0.05099999999999838,qso
1.1120000000000019,0.10500000000000043,-0.008000000000002672,0.03200000000000003,qso
0.23499999999999943,0.277000000000001,0.17299999999999827,0.012000000000000455,qso
0.28800000000000026,0.1180000000000021,0.2289999999999992,0.02400000000000091,qso
0.24399999999999977,-0.3260000000000005,-0.277000000000001,-0.3299999999999983,wd
1.1456489999999988,0.4276660000000003,0.12755199999999967,-0.0064859999999988815,star
0.42799999999999727,-0.04400000000000048,-0.12299999999999756,-0.21199999999999974,wd
0.11799999999999855,-0.3689999999999998,-0.25,-0.245000000000001,wd
0.3839999999999968,-0.00999999999999801,-0.007999999999999119,-0.0030000000000001137,wd
0.48400000000000176,0.32299999999999685,0.43900000000000006,0.1410000000000018,qso
0.1960000000000015,0.08899999999999864,0.1980000000000004,0.037000000000002586,qso
0.19899999999999807,0.05000000000000071,0.277000000000001,0.022999999999999687,qso
0.5949999999999989,0.24599999999999866,-0.06899999999999906,-0.03399999999999892,qso
2.0404069999999983,0.7448700000000006,0.30136000000000074,0.12920100000000012,star
1.8252220000000001,0.6758600000000001,0.23967700000000036,0.11963699999999733,star
0.5539999999999985,0.7580000000000027,0.6229999999999976,0.38400000000000034,wd
0.1999999999999993,0.24399999999999977,0.0030000000000001137,0.07200000000000273,qso
0.43200000000000216,-0.16100000000000136,-0.16799999999999926,-0.21099999999999852,wd
0.31299999999999883,-0.3039999999999985,-0.2270000000000003,-0.2220000000000013,wd
1.7619860000000003,0.7288130000000024,0.25705699999999965,0.13570199999999843,star
0.5510000000000019,-0.04400000000000048,-0.04400000000000048,0.2890000000000015,qso
0.43400000000000105,-0.12199999999999989,-0.17300000000000182,-0.24799999999999756,wd
0.240000000000002,-0.3260000000000005,-0.16799999999999926,-0.08399999999999963,wd
0.125,0.16300000000000026,0.24499999999999744,-0.029999999999997584,qso
0.07699999999999818,-0.34199999999999875,-0.2779999999999987,-0.25400000000000134,wd
0.06800000000000139,-0.05100000000000193,0.10300000000000153,0.14199999999999946,qso
1.792192,0.5854160000000004,0.19781399999999927,0.011067000000000604,star
0.18799999999999883,0.20400000000000063,-0.013999999999999346,-0.13300000000000267,qso
0.9576969999999996,0.3258679999999998,0.13329200000000085,0.03078400000000059,star
0.3730000000000011,-0.13599999999999923,-0.053000000000000824,0.06599999999999895,wd
1.1068420000000003,0.4474410000000013,0.15874599999999717,0.018431000000003195,star
1.6135020000000004,0.6676069999999985,0.2739080000000005,0.13978100000000104,star
0.4059999999999988,-0.120000000000001,-0.08999999999999986,0.0010000000000012221,wd
0.913055,0.30283000000000015,0.10194999999999865,0.0025820000000003063,star
0.1670000000000016,0.1559999999999988,0.2220000000000013,0.054999999999999716,qso
1.5293290000000006,0.5277940000000001,0.22138400000000047,0.10783799999999744,star
0.13400000000000034,-0.021999999999998465,-0.054000000000002046,-0.06499999999999773,wd
1.0123500000000014,0.4023109999999974,0.17883899999999997,0.05641600000000224,star
1.5293080000000003,0.5997789999999998,0.17405199999999965,0.032732000000001094,star
0.34499999999999886,-0.19399999999999906,-0.34199999999999875,0.08500000000000085,wd
0.1490000000000009,0.11499999999999844,0.21600000000000108,0.12600000000000122,qso
0.23000000000000043,-0.3309999999999995,-0.16799999999999926,-0.25200000000000244,wd
1.2570000000000014,0.14499999999999957,0.015000000000000568,0.10699999999999932,qso
2.421139,1.1050840000000015,0.4320079999999997,0.2570060000000005,star
1.1635020000000011,0.39605299999999843,0.12123900000000276,0.02259600000000006,star
0.4299999999999997,-0.14699999999999847,-0.22000000000000242,-0.31899999999999906,wd
0.34999999999999787,-0.25900000000000034,-0.23499999999999943,-0.33999999999999986,wd
-0.027000000000001023,-0.38400000000000034,-0.3099999999999987,-0.28999999999999915,wd
0.16399999999999793,-0.028999999999999915,-0.07699999999999818,-0.2890000000000015,wd
1.1118340000000018,0.3906849999999995,0.1105470000000004,0.03047399999999989,star
1.1944899999999983,0.5065600000000003,0.1610750000000003,0.0826299999999982,star
0.6469999999999985,0.23799999999999955,0.2980000000000018,0.3299999999999983,qso
1.1276660000000014,0.3792259999999992,0.14010399999999912,0.04221800000000009,star
1.2042179999999973,0.48349800000000087,0.2175350000000016,0.09773799999999966,star
0.15200000000000102,0.06199999999999761,0.1930000000000014,0.027999999999998693,qso
0.997439,0.1288979999999995,0.10376899999999978,-0.01900399999999891,star
0.3829999999999991,-0.015999999999998238,0.021999999999998465,-0.3949999999999996,wd
0.3829999999999991,-0.06400000000000006,-0.06199999999999761,-0.1910000000000025,wd
1.0701959999999993,0.3823509999999999,0.10266500000000178,0.06249599999999944,star
0.3450000000000024,-0.2480000000000011,-0.2190000000000012,-0.22799999999999798,wd
0.4770000000000003,0.03500000000000014,-0.03500000000000014,-0.0470000000000006,wd
1.2560499999999983,0.426774,0.10902800000000035,0.013501999999999015,star
0.03599999999999781,0.3450000000000024,0.11599999999999966,-0.02500000000000213,qso
0.16400000000000148,-0.0070000000000014495,0.3030000000000008,0.062000000000001165,qso
0.40800000000000125,-0.0519999999999996,-0.09700000000000131,-0.08800000000000097,wd
0.18299999999999983,0.3550000000000004,0.21499999999999986,-0.08099999999999952,qso
1.4000199999999996,0.5132889999999986,0.21258400000000144,0.08193099999999909,star
0.21999999999999886,0.0710000000000015,0.2049999999999983,0.0920000000000023,qso
-0.04299999999999926,-0.25,-0.1960000000000015,0.0990000000000002,wd
0.006000000000000227,-0.36299999999999955,-0.26099999999999923,-0.4200000000000017,wd
1.1155679999999997,0.4405140000000003,0.2228740000000009,0.11245100000000008,star
0.33399999999999963,-0.04299999999999926,-0.03999999999999915,0.053000000000000824,qso
-0.13599999999999923,0.023999999999997357,0.48799999999999955,0.13600000000000279,qso
0.0779999999999994,0.04800000000000182,-0.01600000000000179,0.04600000000000293,qso
1.5910109999999982,0.62209,0.2183780000000013,0.10175100000000015,star
0.23699999999999832,0.022000000000002018,-0.08099999999999952,-0.1620000000000026,wd
1.3830279999999995,0.5480799999999988,0.21678400000000053,0.11797899999999828,star
0.21499999999999986,0.05000000000000071,0.20700000000000074,0.13400000000000034,qso
0.5440000000000005,0.13899999999999935,0.027000000000001023,0.029999999999997584,wd
0.4109999999999978,0.10600000000000165,-0.1280000000000001,0.14599999999999724,qso
0.4250000000000007,0.09499999999999886,0.120000000000001,0.3039999999999985,qso
0.20200000000000173,0.12599999999999767,0.12199999999999989,-0.04400000000000048,qso
0.2729999999999997,0.13299999999999912,-0.12199999999999989,0.07900000000000063,qso
1.5738149999999997,0.6217860000000002,0.21409200000000084,0.10918200000000056,star
1.689342,0.6592739999999999,0.25331299999999857,0.08714900000000014,star
0.3930000000000007,-0.23799999999999955,-0.05900000000000105,0.2220000000000013,wd
0.4839999999999982,-0.2889999999999979,-0.33300000000000196,0.3309999999999995,wd
1.6560559999999995,0.6717020000000016,0.2754589999999997,0.11682799999999993,star
-0.1460000000000008,-0.2710000000000008,-0.31899999999999906,-0.26500000000000057,wd
0.4120000000000026,-0.1880000000000024,-0.21999999999999886,-0.2809999999999988,wd
0.31599999999999895,0.045999999999999375,0.0020000000000024443,-0.12600000000000122,wd
0.40300000000000225,-0.11500000000000199,-0.11999999999999744,-0.09600000000000009,wd
0.08899999999999864,0.16400000000000148,0.20599999999999952,0.13799999999999812,qso
0.06500000000000128,0.07499999999999929,0.1059999999999981,0.07900000000000063,qso
0.2029999999999994,0.06199999999999761,0.2190000000000012,0.28999999999999915,qso
0.2569999999999979,0.11200000000000188,0.06499999999999773,0.20800000000000196,qso
0.19599999999999795,-0.014999999999997016,0.10899999999999821,0.12199999999999989,qso
1.1473429999999993,0.39243800000000206,0.15772499999999923,0.11700500000000069,star
1.9264849999999996,0.7475579999999997,0.2609250000000003,0.14236200000000032,star
-0.29999999999999716,-0.16900000000000048,0.2530000000000001,0.3099999999999987,wd
0.33500000000000085,0.12399999999999878,-0.03500000000000014,0.33200000000000074,qso
1.5134679999999996,0.6437230000000014,0.22337900000000133,0.0790779999999991,star
0.09100000000000108,0.1529999999999987,-0.07199999999999918,0.03900000000000148,qso
0.12100000000000222,0.06799999999999784,0.30400000000000205,-0.04299999999999926,qso
0.3810000000000002,-0.2190000000000012,-0.10800000000000054,-0.020999999999997243,wd
1.4032209999999985,0.4557040000000008,0.19631099999999968,0.05790000000000006,star
2.5523659999999992,1.212130000000002,0.4423899999999996,0.27205799999999947,star
1.4896889999999985,0.6123159999999999,0.2556919999999998,0.08596600000000265,star
1.0960029999999996,0.36216899999999796,0.19741199999999992,0.07086200000000176,star
0.3030000000000008,0.10500000000000043,0.125,0.2569999999999979,qso
0.21600000000000108,0.014999999999997016,0.03400000000000247,-0.13800000000000168,qso
1.0659440000000018,0.4879669999999976,0.19993200000000044,0.08570900000000137,star
-0.07699999999999818,-0.3960000000000008,-0.245000000000001,-0.25,wd
1.1317820000000012,0.43224700000000027,0.02300299999999922,0.13251299999999944,star
0.1930000000000014,0.41799999999999926,0.09100000000000108,0.3099999999999987,qso
0.9552000000000014,0.3335019999999993,0.18405800000000028,-0.014842999999999051,star
0.14500000000000313,0.18999999999999773,0.3019999999999996,-0.0730000000000004,qso
2.2427840000000003,0.9225309999999993,0.3286599999999993,0.17110800000000026,star
2.5866049999999987,1.3745440000000002,0.5892900000000001,0.3053939999999997,star
1.2406749999999995,0.4408460000000005,0.17357799999999912,0.11045999999999978,star
2.3478809999999974,0.9625760000000021,0.3535180000000011,0.16261699999999735,star
1.7440110000000004,0.685448000000001,0.26851999999999876,0.12973700000000044,star
0.1670000000000016,0.054999999999999716,0.15399999999999991,-0.019999999999999574,qso
0.3760000000000012,-0.11700000000000088,-0.1490000000000009,-0.2259999999999991,wd
2.020116999999999,0.7600189999999998,0.27882100000000065,0.16241400000000006,star
0.740000000000002,0.7510000000000012,0.379999999999999,0.41300000000000026,qso
0.3219999999999992,-0.1720000000000006,-0.24899999999999878,-0.31899999999999906,wd
0.19099999999999895,0.045000000000001705,0.31599999999999895,0.2029999999999994,qso
0.25400000000000134,0.20500000000000185,0.16799999999999926,0.08099999999999952,qso
0.4220000000000006,0.009000000000000341,-0.06400000000000006,0.15200000000000102,qso
1.2313880000000026,0.43938799999999745,0.17675400000000252,0.023805999999996885,star
0.1769999999999996,-0.33699999999999974,-0.26699999999999946,-0.16600000000000037,wd
-0.3410000000000011,-0.41999999999999815,-0.30400000000000205,-0.43799999999999883,wd
0.05799999999999983,0.0589999999999975,0.09800000000000253,0.18099999999999739,qso
2.2383679999999977,1.097448,0.4159770000000016,0.14277500000000032,star
0.19900000000000162,0.07199999999999918,0.20599999999999952,0.03500000000000014,qso
0.5090000000000003,0.23600000000000065,0.054000000000002046,0.06199999999999761,wd
1.054392,0.39055799999999863,0.17575499999999877,0.03955000000000197,star
1.2805249999999972,0.37423600000000157,0.1831429999999994,-0.0015839999999993637,star
1.8433240000000026,0.738118,0.2774099999999997,0.15291199999999705,star
0.2759999999999998,-0.28300000000000125,-0.2010000000000005,-0.24499999999999744,wd
1.242922,0.4213160000000009,0.1401570000000003,0.024537000000000475,star
2.3076589999999975,1.0625080000000011,0.41288699999999956,0.2376870000000011,star
0.6449999999999996,0.5289999999999999,0.48499999999999943,0.21799999999999997,qso
1.4874420000000015,0.6160350000000001,0.20174599999999998,0.11344800000000177,star
0.20800000000000196,0.12399999999999878,-0.12600000000000122,0.1390000000000029,qso
0.31299999999999883,-0.21699999999999875,-0.25900000000000034,-0.24200000000000088,wd
1.3845009999999984,0.5099,0.17821600000000082,0.06646499999999911,star
0.02400000000000091,0.12899999999999778,0.06700000000000017,-0.12599999999999767,qso
0.012000000000000455,0.08699999999999974,0.16900000000000048,0.3099999999999987,qso
0.3180000000000014,0.022999999999999687,0.13899999999999935,0.31200000000000117,qso
1.367322999999999,0.5250860000000017,0.17629599999999712,0.0783680000000011,star
0.2519999999999989,-0.2809999999999988,-0.30600000000000094,-0.18100000000000094,wd
1.5768920000000008,0.5643409999999989,0.19940599999999975,0.09732999999999947,star
1.679000000000002,0.3609999999999971,0.12199999999999989,0.23400000000000176,qso
1.43215,0.5201370000000018,0.18290799999999763,0.10306500000000085,star
0.41799999999999926,-0.047999999999998266,-0.07199999999999918,-0.13700000000000045,wd
1.8149270000000008,0.6207439999999984,0.24678600000000017,0.11547099999999944,star
0.629999999999999,0.04200000000000159,0.03999999999999915,0.14300000000000068,qso
0.0779999999999994,0.16900000000000048,0.10900000000000176,-0.0519999999999996,qso
-0.09499999999999886,-0.3009999999999984,-0.2510000000000012,-0.26399999999999935,wd
0.8940660000000022,0.27834199999999854,0.11058200000000085,0.0023879999999998347,star
0.13100000000000023,0.19400000000000261,0.2629999999999981,0.10300000000000153,qso
0.23699999999999832,0.1680000000000028,0.06400000000000006,0.07699999999999818,qso
1.0651639999999993,0.4169009999999993,0.1463530000000013,0.034022999999997694,star
0.9112249999999982,0.38390500000000216,0.13484799999999808,0.051591999999999416,star
1.4400000000000013,0.18700000000000117,0.2240000000000002,0.029999999999997584,qso
0.3279999999999994,-0.28500000000000014,-0.18700000000000117,-0.28699999999999903,wd
0.1059999999999981,0.10999999999999943,0.2270000000000003,0.0259999999999998,qso
0.16399999999999793,0.26000000000000156,-0.015000000000000568,0.1410000000000018,qso
1.9805869999999999,0.7883429999999993,0.2738440000000004,0.14899599999999857,star
1.0788139999999977,0.3451310000000003,0.1655899999999999,-0.008255999999999375,star
0.13200000000000145,0.41600000000000037,0.04899999999999949,-0.18200000000000216,qso
0.06700000000000017,0.25900000000000034,0.10299999999999798,0.0010000000000012221,qso
0.4480000000000004,0.09499999999999886,0.14699999999999847,0.2989999999999995,qso
1.5864769999999986,0.6557519999999997,0.041182000000002716,0.21795399999999887,star
0.1280000000000001,0.19399999999999906,0.03399999999999892,-0.0519999999999996,qso
1.3660920000000019,0.4706360000000007,0.19638599999999862,-0.016313999999999496,star
1.6703229999999998,0.6796949999999988,0.267456000000001,0.13919399999999982,star
0.8810270000000031,0.31834399999999974,0.11337299999999928,0.0806939999999976,star
-0.04200000000000159,0.06400000000000006,0.008000000000002672,0.4599999999999973,qso
0.4499999999999993,0.3569999999999993,0.053000000000000824,0.46399999999999864,qso
0.45899999999999963,-0.20899999999999963,-0.2579999999999991,-0.10200000000000031,wd
0.4670000000000023,0.3839999999999968,0.10900000000000176,0.120000000000001,qso
1.3775200000000005,0.49800699999999765,0.11909600000000076,0.05332199999999965,star
-0.12700000000000244,-0.41000000000000014,-0.29499999999999815,-0.08099999999999952,wd
1.159672999999998,0.45246600000000115,0.11169600000000024,0.030521000000000242,star
2.3965549999999993,0.9416979999999988,0.3431730000000002,0.15207300000000146,star
0.6630000000000003,0.9699999999999989,0.5509999999999984,0.267000000000003,wd
0.10300000000000153,0.25099999999999767,-0.03999999999999915,-0.08099999999999952,qso
1.633417999999999,0.6094830000000009,0.25282900000000197,0.10312399999999755,star
0.39399999999999835,0.1700000000000017,0.26500000000000057,0.14999999999999858,qso
-0.17299999999999827,-0.4269999999999996,-0.062000000000001165,0.16199999999999903,wd
2.292546999999999,0.8891679999999997,0.3941800000000004,0.1596410000000006,star
-0.0019999999999988916,0.18900000000000006,-0.005000000000002558,-0.02699999999999747,qso
0.1559999999999988,-0.3880000000000017,-0.29999999999999716,0.05999999999999872,wd
0.46499999999999986,0.03200000000000003,-0.04199999999999804,-0.11400000000000077,wd
0.3249999999999993,-0.3379999999999974,-0.277000000000001,0.11199999999999832,wd
0.22699999999999676,0.3880000000000017,-0.0730000000000004,0.0019999999999988916,qso
0.2680000000000007,0.16900000000000048,0.2569999999999979,0.028000000000002245,qso
0.3470000000000013,0.12900000000000134,0.5619999999999976,0.5840000000000032,wd
-0.20400000000000063,-0.384999999999998,-0.365000000000002,-0.3329999999999984,wd
0.4770000000000003,0.03500000000000014,-0.03500000000000014,-0.0470000000000006,wd
0.9368149999999993,0.30311800000000133,0.08901599999999732,0.024952000000002528,star
0.9267879999999984,0.33170300000000097,0.1031109999999984,0.04494500000000201,star
1.4075060000000015,0.5148849999999996,0.18803899999999985,0.0800219999999996,star
0.2240000000000002,0.36100000000000065,0.12199999999999989,-0.054999999999999716,qso
0.004999999999999005,-0.2579999999999991,-0.30600000000000094,-0.004999999999999005,wd
0.3960000000000008,-0.20899999999999963,-0.2430000000000021,-0.2729999999999997,wd
1.3357489999999999,0.4379080000000002,0.13800799999999924,0.07173099999999977,star
0.16199999999999903,0.3539999999999992,0.07900000000000063,-0.08999999999999986,qso
-0.05099999999999838,0.2569999999999979,-0.04199999999999804,-0.15600000000000236,qso
1.2421659999999992,0.4828739999999989,0.1554700000000011,0.08944699999999983,star
0.46000000000000085,0.14300000000000068,0.09299999999999997,0.11499999999999844,qso
0.29199999999999804,0.08500000000000085,-0.134999999999998,0.17799999999999727,qso
0.5370000000000026,0.384999999999998,0.11299999999999955,0.6550000000000011,qso
1.2317180000000008,0.5540780000000005,0.1426639999999999,0.045253000000000654,star
0.38599999999999923,-0.18400000000000105,-0.19599999999999795,-0.1769999999999996,wd
1.4323540000000001,0.5699690000000004,0.23711000000000126,0.13078399999999846,star
1.0822730000000007,0.3654029999999988,0.12418300000000038,0.038733999999999824,star
0.6370000000000005,0.1559999999999988,0.6990000000000016,0.6609999999999978,wd
0.15399999999999991,0.19200000000000017,0.21499999999999986,-0.18499999999999872,qso
1.0057139999999976,0.36440100000000086,0.14196000000000097,0.036956999999997464,star
0.134999999999998,0.0020000000000024443,-0.18400000000000105,0.1460000000000008,qso
2.0058820000000033,0.7474779999999974,0.2338850000000008,0.18232099999999996,star
-0.13200000000000145,-0.36599999999999966,-0.3309999999999995,-0.2469999999999999,wd
-0.018000000000000682,-0.33399999999999963,-0.15500000000000114,0.07600000000000051,wd
1.0129030000000014,0.31217899999999865,0.0810290000000009,0.03137399999999957,star
0.5489999999999995,0.1559999999999988,0.006000000000000227,0.17600000000000193,qso
0.27199999999999847,0.1039999999999992,0.2890000000000015,-0.07199999999999918,qso
0.16900000000000048,0.3180000000000014,0.375,0.2729999999999997,qso
1.6030180000000023,0.6173859999999998,0.22723199999999721,0.11737600000000015,star
0.39199999999999946,0.13400000000000034,-0.062000000000001165,-0.12299999999999756,wd
0.9517849999999974,0.37064100000000266,0.05766500000000008,0.04131699999999938,star
0.48100000000000165,-0.2170000000000023,-0.3049999999999997,0.05100000000000193,wd
1.1146220000000007,0.37073700000000187,0.06466299999999947,0.057150000000000034,star
1.138774999999999,0.36762300000000003,0.13492699999999935,0.06313500000000083,star
-0.41100000000000136,-0.509999999999998,-0.370000000000001,-0.14999999999999858,wd
0.7629999999999981,0.8070000000000022,1.131999999999998,0.6920000000000002,wd
0.661999999999999,-0.04400000000000048,0.07499999999999929,0.26500000000000057,qso
1.5249479999999984,0.5720030000000005,0.15094999999999992,0.13807100000000005,star
2.408391999999999,0.9232769999999988,0.3312260000000009,0.1356269999999995,star
1.4967159999999993,0.6134409999999981,0.22109100000000126,0.11819200000000052,star
0.15300000000000225,0.1109999999999971,0.25400000000000134,0.012000000000000455,qso
0.21699999999999875,0.17800000000000082,0.31200000000000117,0.05999999999999872,qso
0.5039999999999978,-0.2240000000000002,-0.3249999999999993,-0.1509999999999998,wd
1.3909949999999967,0.5843170000000022,0.2183799999999998,0.09634400000000021,star
0.40199999999999747,-0.19799999999999685,-0.18200000000000216,-0.18900000000000006,wd
0.4140000000000015,0.10299999999999798,-0.054999999999999716,-0.03900000000000148,wd
0.25500000000000256,0.21699999999999875,0.3359999999999985,0.020000000000003126,qso
2.4576279999999997,1.1436020000000013,0.4335519999999988,0.22849700000000084,star
2.2437760000000004,0.9009229999999988,0.2807510000000004,0.15816500000000033,star
1.4253539999999987,0.5370050000000006,0.21043500000000037,0.07344999999999935,star
0.10800000000000054,0.1700000000000017,0.13599999999999923,0.0990000000000002,qso
1.0307229999999983,0.3691640000000014,0.1649339999999988,0.007692000000002253,star
0.4380000000000024,-0.1910000000000025,-0.1819999999999986,-0.22800000000000153,wd
1.641322999999998,0.6251860000000011,0.1807079999999992,-0.0035919999999993735,star
1.0458950000000016,0.41242599999999996,0.14031400000000005,0.05880900000000011,star
1.903147999999998,0.7371600000000011,0.25865500000000097,0.10601599999999856,star
0.6600000000000001,0.011999999999996902,0.09500000000000242,0.31599999999999895,qso
0.3520000000000003,-0.054999999999999716,-0.12300000000000111,-0.24599999999999866,wd
1.058133999999999,0.38885900000000007,0.11302000000000056,0.024976000000000553,star
2.6634670000000007,1.4845560000000013,0.7565249999999999,0.4798259999999992,star
0.8786430000000003,0.24548499999999862,0.09577900000000028,0.06017000000000294,star
0.055999999999997385,-0.2859999999999978,-0.2240000000000002,-0.20400000000000063,wd
1.7308819999999976,0.7745480000000029,0.2647279999999981,0.1590769999999999,star
0.07000000000000028,0.31099999999999994,0.11400000000000077,-0.010000000000001563,qso
0.9818689999999997,0.4239940000000004,0.18307899999999933,0.04998900000000006,star
1.2981480000000012,0.48379699999999914,0.2190429999999992,0.08985200000000049,star
1.704702000000001,0.7050969999999985,0.2983539999999998,0.13347399999999965,star
0.44899999999999807,-0.13999999999999702,-0.24900000000000233,-0.125,wd
0.24799999999999756,-0.2989999999999995,-0.24599999999999866,-0.2530000000000001,wd
1.003737000000001,0.33037399999999906,0.12720099999999945,0.04193100000000172,star
1.5729579999999999,0.4897589999999994,0.24772799999999862,0.07882899999999893,star
0.27399999999999736,0.0730000000000004,0.2140000000000022,0.021999999999998465,qso
1.6288850000000004,0.6201819999999998,0.26203499999999913,0.11203500000000055,star
1.392546000000003,0.515625,0.2414740000000002,0.10915899999999823,star
0.11100000000000065,0.35900000000000176,0.08299999999999841,0.06299999999999883,qso
0.6530000000000022,0.5359999999999978,0.34299999999999997,-0.015000000000000568,qso
1.0170530000000007,0.36842200000000247,0.12898199999999704,0.05983800000000272,star
0.4920000000000009,0.14699999999999847,0.036000000000001364,0.00999999999999801,wd
0.05000000000000071,0.29299999999999926,0.05800000000000338,-0.05000000000000071,qso
0.5310000000000024,0.1839999999999975,0.06099999999999994,-0.08599999999999852,wd
1.3035049999999977,0.529262000000001,0.241401999999999,0.1020840000000014,star
0.5760000000000005,-0.062000000000001165,0.13000000000000256,0.04099999999999682,qso
0.559000000000001,0.21399999999999864,-0.012000000000000455,-0.7109999999999985,wd
1.3205449999999992,0.5363330000000026,0.19020999999999866,0.10124000000000066,star
-0.0990000000000002,0.053999999999998494,0.2950000000000017,0.020999999999997243,qso
0.49199999999999733,0.02500000000000213,0.46399999999999864,0.6310000000000002,wd
1.494995000000003,0.5925139999999978,0.25910999999999973,0.1306130000000003,star
0.1509999999999998,0.13600000000000279,0.3329999999999984,0.12099999999999866,qso
0.2339999999999982,-0.18499999999999872,0.11700000000000088,-0.05799999999999983,qso
2.0460600000000007,0.8286060000000006,0.2503449999999994,0.1400640000000024,star
0.28200000000000003,-0.13400000000000034,0.07099999999999795,0.0660000000000025,qso
1.490590000000001,0.5725669999999994,0.21692200000000028,0.12425800000000109,star
0.14300000000000068,-0.32399999999999807,-0.2900000000000027,0.011000000000002785,wd
-0.11599999999999966,-0.472999999999999,-0.3460000000000001,-0.13299999999999912,wd
1.4519999999999982,0.20700000000000074,0.08000000000000185,0.10999999999999943,qso
0.04200000000000159,-0.0990000000000002,0.20599999999999952,0.006000000000000227,qso
0.36699999999999733,-0.0019999999999988916,-0.08500000000000085,-0.33500000000000085,wd
1.7104849999999985,0.649281000000002,0.21097199999999816,0.11122900000000158,star
2.6596539999999997,1.1787020000000012,0.4633549999999982,0.22263300000000008,star
-0.15700000000000003,0.16199999999999903,0.35800000000000054,0.17999999999999972,wd
1.476381,0.5639360000000018,0.23020599999999902,0.08933999999999997,star
0.29199999999999804,0.062000000000001165,0.013999999999999346,0.06500000000000128,qso
0.495000000000001,0.12399999999999878,-0.013999999999999346,-0.05100000000000193,wd
0.5070000000000014,-0.13200000000000145,-0.10799999999999699,-0.1930000000000014,wd
1.036009,0.30836299999999994,0.14563400000000115,0.009578999999998672,star
0.5560000000000009,0.1750000000000007,-0.004000000000001336,-0.13899999999999935,wd
2.185784999999999,0.8789869999999986,0.3066330000000015,0.16004200000000068,star
1.4669910000000002,0.5840420000000002,0.2834360000000018,0.11269499999999866,star
0.2940000000000005,0.0019999999999988916,0.20899999999999963,0.08800000000000097,qso
0.4059999999999988,0.09700000000000131,0.25700000000000145,-0.06099999999999994,qso
0.5740000000000016,0.48100000000000165,0.006999999999997897,0.14300000000000068,qso
1.7598590000000023,0.6417049999999982,0.2577759999999998,0.16906600000000083,star
0.4750000000000014,0.4250000000000007,0.48799999999999955,0.0519999999999996,qso
2.3883550000000007,1.0030099999999997,0.3710950000000004,0.18289499999999848,star
1.6565089999999998,0.5998409999999978,0.22660800000000236,0.053162000000000376,star
2.474109000000002,1.2452739999999984,0.5421449999999997,0.2764009999999999,star
1.1550480000000007,0.2629279999999987,0.2964400000000005,0.08013600000000132,star
0.30100000000000193,0.07399999999999807,0.1930000000000014,0.0710000000000015,qso
1.2415559999999992,0.4389019999999988,0.17107900000000065,0.044907999999999504,star
0.3710000000000022,-0.02400000000000091,-0.053000000000000824,-0.0779999999999994,wd
1.1446529999999981,0.19159199999999998,0.06954700000000003,-0.02626599999999968,star
2.008209000000001,0.7037080000000007,0.25684799999999974,0.07696800000000081,star
0.1280000000000001,-0.36400000000000077,-0.2890000000000015,-0.2049999999999983,wd
0.00999999999999801,0.26000000000000156,0.0710000000000015,-0.06099999999999994,qso
0.27699999999999747,0.1750000000000007,-0.06499999999999773,0.13099999999999667,qso
0.20599999999999952,0.053999999999998494,0.21000000000000085,-0.012000000000000455,qso
0.3930000000000007,0.021999999999998465,-0.02699999999999747,0.26699999999999946,qso
-0.30799999999999983,-0.4720000000000013,-0.33999999999999986,-0.3349999999999973,wd
-0.05999999999999872,-0.4120000000000026,-0.2530000000000001,-0.4559999999999995,wd
0.43000000000000327,-0.038000000000000256,-0.13100000000000023,-0.0400000000000027,wd
0.5809999999999995,0.13700000000000045,0.006999999999997897,-0.07000000000000028,wd
0.2270000000000003,-0.2630000000000017,-0.21999999999999886,-0.21600000000000108,wd
0.5130000000000017,0.08799999999999741,0.019999999999999574,-0.10899999999999821,wd
0.9723809999999986,0.2527159999999995,0.13400100000000137,-0.0007459999999994693,star
0.8947230000000008,0.31525599999999976,0.11052100000000031,0.029264999999998764,star
0.08099999999999952,-0.23900000000000077,-0.2710000000000008,-0.11199999999999832,wd
0.11899999999999977,-0.33200000000000074,-0.18799999999999883,-0.3949999999999996,wd
2.3711720000000014,1.1472060000000006,0.45486800000000116,0.27922199999999897,star
2.071408999999999,1.1303219999999996,0.5096640000000008,0.3001869999999993,star
1.280691000000001,0.5315200000000004,0.23654499999999956,0.08988500000000066,star
0.9259839999999997,0.3776510000000002,0.14582100000000153,0.06683699999999959,star
0.23499999999999943,0.05999999999999872,0.21600000000000108,-0.010000000000001563,qso
0.11599999999999966,0.11899999999999977,-0.04299999999999926,-0.08800000000000097,qso
-0.31899999999999906,-0.2920000000000016,0.16300000000000026,0.33699999999999974,wd
0.08200000000000074,-0.0779999999999994,0.23199999999999932,0.21099999999999852,qso
0.5820000000000007,0.16400000000000148,0.054999999999999716,-0.11700000000000088,wd
0.259999999999998,-0.29299999999999926,-0.21300000000000097,-0.28999999999999915,wd
0.46699999999999875,0.24399999999999977,0.13599999999999923,0.19700000000000273,qso
0.03500000000000014,-0.20700000000000074,0.21699999999999875,0.24899999999999878,qso
1.1657529999999987,0.40504800000000074,0.1747000000000014,0.029878999999997546,star
0.2959999999999994,-0.4299999999999997,-0.245000000000001,-0.19399999999999906,wd
0.05799999999999983,0.28800000000000026,-0.14800000000000324,-0.13799999999999812,qso
0.30400000000000205,-0.3290000000000006,-0.1960000000000015,-0.04399999999999693,wd
0.5600000000000023,0.41699999999999804,0.31299999999999883,0.0940000000000012,qso
0.5560000000000009,0.038999999999997925,0.2029999999999994,0.2510000000000012,qso
-0.08799999999999741,0.1980000000000004,0.6519999999999975,0.5060000000000002,wd
1.5259999999999998,0.19899999999999807,0.060000000000002274,0.0030000000000001137,qso
0.2829999999999977,-0.2699999999999996,-0.25099999999999767,-0.0030000000000001137,wd
0.19400000000000261,0.2359999999999971,-0.03499999999999659,0.1529999999999987,qso
2.4934629999999984,1.032718000000001,0.4368299999999987,0.2487080000000006,star
0.0990000000000002,0.11299999999999955,0.08200000000000074,0.3620000000000019,qso
0.4969999999999999,0.18499999999999872,0.03500000000000014,-0.01699999999999946,wd
1.8088070000000016,0.651138999999997,0.2813890000000008,0.09209399999999945,star
-0.053000000000000824,0.3410000000000011,0.07699999999999818,-0.01699999999999946,qso
2.3386139999999997,0.890070999999999,0.33488700000000193,0.19905100000000076,star
0.23799999999999955,-0.32099999999999795,-0.24399999999999977,-0.13700000000000045,wd
2.541205999999999,1.0870000000000015,0.46294900000000005,0.22600199999999937,star
0.26399999999999935,0.09100000000000108,0.277000000000001,-0.019999999999999574,qso
1.5849240000000009,0.6074009999999994,0.2356480000000012,0.14665399999999806,star
0.18500000000000227,0.21699999999999875,0.013999999999999346,0.09600000000000009,qso
2.110861,0.8809639999999987,0.27020299999999864,0.14736100000000185,star
1.3584560000000003,0.5625929999999997,0.13307000000000002,0.10186400000000262,star
0.402000000000001,0.16999999999999815,0.31200000000000117,-0.010000000000001563,qso
0.2510000000000012,-0.2270000000000003,-0.26399999999999935,-0.2690000000000019,wd
-0.03400000000000247,-0.21799999999999997,-0.23899999999999721,-0.27800000000000225,wd
0.10000000000000142,0.2749999999999986,0.07700000000000173,-0.0870000000000033,qso
0.44099999999999895,0.10700000000000287,0.13299999999999912,0.012000000000000455,qso
1.149369,0.4224260000000015,0.11345700000000036,0.07015399999999872,star
0.10200000000000031,-0.32099999999999795,-0.2729999999999997,-0.1930000000000014,wd
1.3169830000000005,0.38742199999999727,0.21000300000000038,0.07962399999999903,star
1.0208760000000012,0.42586199999999863,0.1323280000000011,0.07308100000000017,star
0.25500000000000256,-0.011000000000002785,0.1980000000000004,0.14199999999999946,qso
-0.10000000000000142,-0.3689999999999998,-0.29199999999999804,-0.28100000000000236,wd
0.11499999999999844,0.16600000000000037,0.2270000000000003,-0.010999999999999233,qso
2.449988000000001,1.0068699999999993,0.3591350000000002,0.14428700000000028,star
-0.1769999999999996,-0.42600000000000193,-0.3329999999999984,-0.3760000000000012,wd
0.40600000000000236,0.019999999999999574,-0.036000000000001364,-0.21999999999999886,wd
1.1572759999999995,0.35812999999999917,0.17289900000000102,0.02362499999999912,star
0.8842600000000012,0.37216199999999944,0.10701900000000109,0.0396099999999997,star
0.25700000000000145,-0.32800000000000296,-0.17999999999999972,-0.10699999999999932,wd
-0.03999999999999915,-0.2920000000000016,-0.18900000000000006,-0.3460000000000001,wd
2.298758999999997,1.0145690000000016,0.42891300000000143,0.23859799999999787,star
0.6660000000000004,0.2859999999999978,0.03300000000000125,0.2710000000000008,qso
0.25900000000000034,0.02499999999999858,0.23300000000000054,0.20200000000000173,qso
0.045000000000001705,0.0010000000000012221,0.23699999999999832,-0.10800000000000054,qso
-0.015999999999998238,-0.23100000000000165,-0.28000000000000114,-0.18799999999999883,wd
0.21300000000000097,0.06400000000000006,0.21999999999999886,0.26000000000000156,qso
0.2259999999999991,0.19700000000000273,0.23499999999999943,-0.01600000000000179,qso
0.28600000000000136,0.134999999999998,0.29100000000000037,-0.08099999999999952,qso
0.5030000000000001,-0.04800000000000182,-0.07699999999999818,-0.13100000000000023,wd
0.4870000000000019,-0.25200000000000244,-0.2029999999999994,-0.3569999999999993,wd
0.0849999999999973,0.3100000000000023,0.06599999999999895,-0.04200000000000159,qso
1.5971279999999997,0.5918340000000004,0.17764000000000024,0.05523900000000026,star
0.13400000000000034,0.16600000000000037,0.16100000000000136,0.020999999999997243,qso
-0.09299999999999997,-0.40500000000000114,-0.3049999999999997,-0.31200000000000117,wd
1.265583000000003,0.4134449999999976,0.16958200000000012,0.051310000000000855,star
0.16399999999999793,0.3100000000000023,-0.1930000000000014,-0.120000000000001,qso
0.3440000000000012,-0.1819999999999986,-0.28100000000000236,-0.1789999999999985,wd
0.7829999999999977,0.19500000000000028,0.06700000000000017,0.2699999999999996,qso
1.1769770000000008,0.4172969999999978,0.11379300000000114,0.12649499999999847,star
0.39699999999999847,0.08200000000000074,-0.09700000000000131,-0.11999999999999744,wd
0.3879999999999981,0.3930000000000007,0.028999999999999915,0.20899999999999963,qso
1.1447199999999995,0.49794999999999945,0.23362700000000203,0.11739299999999986,star
2.733349999999998,1.2948270000000015,0.5421910000000008,0.28554699999999933,star
1.021885000000001,0.32481399999999994,0.09208599999999834,0.040756999999999266,star
1.2586860000000009,0.40670800000000185,0.20074299999999923,0.1028349999999989,star
0.43299999999999983,-0.036000000000001364,-0.05299999999999727,-0.16900000000000048,wd
0.37400000000000233,0.013999999999999346,-0.07499999999999929,-0.09700000000000131,wd
1.1592780000000005,0.45833299999999966,0.19262299999999755,0.103746000000001,star
1.232800000000001,0.5061509999999991,0.21108599999999988,0.12026300000000134,star
1.5426380000000002,0.5694760000000016,0.2054969999999976,0.08840800000000115,star
-0.08200000000000074,-0.3819999999999979,-0.3230000000000004,-0.24399999999999977,wd
0.25,0.08099999999999952,0.1509999999999998,0.18299999999999983,qso
2.599409999999999,1.1461860000000001,0.37149800000000077,0.2504299999999997,star
0.16199999999999903,0.25500000000000256,0.01799999999999713,-0.06299999999999883,qso
1.1753029999999995,0.33908199999999944,0.10028900000000007,0.0018220000000006564,star
2.5776730000000008,1.1352979999999988,0.4959680000000013,0.24433099999999897,star
0.0799999999999983,-0.2309999999999981,0.33800000000000097,0.597999999999999,wd
1.271879000000002,0.44561999999999813,0.16653499999999966,0.059006000000000114,star
1.0317419999999977,0.3056429999999999,0.09958500000000114,0.03725000000000023,star
0.35900000000000176,-0.21000000000000085,-0.24899999999999878,-0.2270000000000003,wd
0.0,0.125,0.29799999999999827,-0.18499999999999872,qso
1.6464269999999992,0.6821190000000001,0.24030100000000232,0.11439499999999825,star
0.2510000000000012,-0.12300000000000111,-0.2010000000000005,-0.23100000000000165,wd
0.9020099999999971,0.33758200000000116,0.1516850000000005,0.04178299999999879,star
2.4683670000000006,1.1341019999999986,0.41583100000000073,0.22308600000000034,star
0.46399999999999864,0.17900000000000205,-0.006000000000000227,0.14099999999999824,qso
0.45500000000000185,0.3069999999999986,-0.019999999999999574,-0.04299999999999926,qso
0.20899999999999963,0.009000000000000341,-0.0019999999999988916,0.04400000000000048,wd
1.8887730000000005,0.715359000000003,0.2583059999999975,0.17498800000000259,star
-0.129999999999999,-0.3420000000000023,-0.3049999999999997,-0.08699999999999974,wd
0.09199999999999875,0.27800000000000225,0.16799999999999926,-0.12600000000000122,qso
1.2873309999999982,0.47276700000000105,0.15637599999999807,0.07457300000000089,star
1.0833700000000022,0.3704299999999989,0.13349000000000188,0.055247999999998854,star
2.133146,0.8513439999999974,0.25407200000000074,0.23851799999999912,star
0.38899999999999935,0.11899999999999977,0.27500000000000213,0.006999999999997897,qso
0.9153250000000028,0.42150099999999924,0.20997799999999955,0.07791299999999879,star
0.5859999999999985,0.1440000000000019,0.25,0.32299999999999685,qso
0.6080000000000005,0.5859999999999985,0.4670000000000023,0.05299999999999727,qso
0.3739999999999988,0.19500000000000028,-0.006000000000000227,0.10500000000000043,wd
0.9119400000000013,0.2419450000000012,0.09051299999999785,0.0028439999999996246,star
0.9367450000000019,0.2069599999999987,0.09387399999999957,0.006007000000000318,star
1.1326199999999993,0.43030400000000313,0.13337299999999885,0.050622999999998086,star
1.4273349999999994,0.6140410000000003,0.17450099999999935,0.09026899999999927,star
1.3166790000000006,0.42018500000000003,0.1446109999999976,0.04897900000000277,star
0.9985520000000001,0.35358200000000295,0.1273079999999993,0.015560000000000684,star
0.022999999999999687,0.11699999999999733,0.20200000000000173,0.17099999999999937,qso
0.2989999999999995,-0.3290000000000006,-0.2519999999999989,-0.4819999999999993,wd
1.200089000000002,0.43374999999999986,0.17077399999999798,0.0856860000000026,star
1.1811159999999994,0.4264070000000011,0.1289289999999994,0.04877000000000109,star
0.46000000000000085,-0.19000000000000128,-0.2259999999999991,-0.22900000000000276,wd
0.3769999999999989,-0.19099999999999895,-0.1769999999999996,-0.2840000000000025,wd
0.2010000000000005,-0.06500000000000128,0.09100000000000108,0.21999999999999886,qso
-0.12300000000000111,-0.3349999999999991,-0.3050000000000015,-0.3009999999999984,wd
0.02499999999999858,0.05799999999999983,0.33500000000000085,0.0,qso
0.36799999999999855,0.3550000000000004,0.3130000000000024,0.134999999999998,qso
0.21499999999999986,0.038000000000000256,0.25,-0.02499999999999858,qso
0.3200000000000003,-0.26500000000000057,-0.3309999999999995,0.010999999999999233,wd
1.598151999999999,0.6269020000000012,0.2682469999999988,0.1349429999999998,star
0.4640000000000022,-0.13300000000000267,-0.21099999999999852,-0.18599999999999994,wd
0.38899999999999935,-0.14099999999999824,-0.12300000000000111,-0.3290000000000006,wd
0.4209999999999994,0.13400000000000034,0.2530000000000001,0.12199999999999989,qso
0.07699999999999818,0.15700000000000003,0.09100000000000108,-0.07000000000000028,qso
1.765775999999999,0.6817430000000009,0.2904720000000012,0.12954500000000024,star
0.3049999999999997,-0.18299999999999983,-0.240000000000002,-0.2539999999999978,wd
0.1460000000000008,0.3410000000000011,0.027999999999998693,-0.07400000000000162,qso
0.1039999999999992,0.006000000000000227,-0.04499999999999815,0.593,qso
0.5019999999999989,0.2519999999999989,0.07199999999999918,0.19500000000000028,qso
0.26500000000000057,0.02400000000000091,-0.0799999999999983,-0.11000000000000298,wd
0.23100000000000165,-0.12600000000000122,0.1670000000000016,0.18599999999999994,qso
0.2259999999999991,-0.20899999999999963,-0.16799999999999926,-0.2140000000000022,wd
1.298608999999999,0.48377999999999943,0.1659310000000005,0.08091700000000124,star
1.2469290000000015,0.41563599999999923,0.12262199999999979,0.09346599999999938,star
0.4299999999999997,-0.02499999999999858,0.2749999999999986,0.25500000000000256,qso
0.6290000000000013,0.9639999999999986,0.5579999999999998,0.26000000000000156,wd
0.6039999999999992,0.0730000000000004,0.0009999999999976694,0.17300000000000182,qso
0.1789999999999985,0.28200000000000003,-0.10999999999999943,0.0,qso
0.08999999999999986,0.2660000000000018,-0.03999999999999915,-0.06300000000000239,qso
0.36100000000000065,-0.17599999999999838,-0.16600000000000037,0.19299999999999784,wd
0.33800000000000097,-0.2289999999999992,-0.2049999999999983,-0.2970000000000006,wd
1.0157699999999998,0.18807800000000086,0.08621600000000029,-0.0337600000000009,star
0.125,-0.054999999999999716,0.2859999999999978,-0.055999999999997385,qso
0.03500000000000014,0.062000000000001165,0.0730000000000004,0.18799999999999883,qso
0.2480000000000011,0.5129999999999981,0.0940000000000012,0.10099999999999909,qso
0.06599999999999895,0.0779999999999994,0.2049999999999983,0.13000000000000256,qso
1.7171079999999996,0.6886560000000017,0.22052099999999797,0.10575599999999952,star
0.6140000000000008,-0.003999999999997783,0.019999999999999574,0.019999999999999574,qso
0.5030000000000001,-0.23900000000000077,-0.2970000000000006,-0.10999999999999943,wd
-0.004000000000001336,-0.11199999999999832,0.24399999999999977,0.11299999999999955,qso
0.11799999999999855,-0.35999999999999943,-0.2680000000000007,-0.21599999999999753,wd
0.13700000000000045,0.16300000000000026,0.08500000000000085,-0.03300000000000125,qso
1.2338389999999997,0.43500300000000003,0.17554999999999943,0.09109400000000001,star
0.1999999999999993,0.1880000000000006,0.0600000000000005,0.3699999999999992,qso
0.43700000000000117,-0.1460000000000008,-0.19899999999999807,0.12299999999999756,wd
0.31700000000000017,0.018000000000000682,-0.021000000000000796,-0.1280000000000001,wd
-0.15700000000000003,-0.2660000000000018,-0.3030000000000008,-0.10500000000000043,wd
0.00999999999999801,-0.3279999999999994,-0.3180000000000014,-0.29999999999999716,wd
0.18299999999999983,0.1039999999999992,0.17299999999999827,0.0660000000000025,qso
0.7140000000000022,0.07099999999999795,0.10000000000000142,0.2950000000000017,qso
0.3349999999999973,-0.259999999999998,-0.2579999999999991,-0.11400000000000077,wd
1.5910150000000023,0.5537700000000001,0.23012899999999803,0.14211799999999997,star
-0.1039999999999992,-0.2660000000000018,-0.2629999999999981,-0.21300000000000097,wd
0.20400000000000063,-0.10200000000000031,0.1769999999999996,-0.00999999999999801,qso
1.2482179999999978,0.3921050000000008,0.1395690000000016,0.05271499999999918,star
1.834415,0.7758959999999995,0.3342029999999987,0.12049000000000021,star
1.1389470000000017,0.4029519999999991,0.13312699999999822,0.0404839999999993,star
0.11200000000000188,-0.06299999999999883,0.28999999999999915,0.4250000000000007,wd
0.3620000000000019,-0.015000000000000568,0.5910000000000011,0.6219999999999999,wd
1.547750999999998,0.6061460000000025,0.26639499999999927,0.11655999999999977,star
0.541999999999998,0.021000000000000796,-0.036000000000001364,-0.07599999999999696,wd
0.15899999999999892,-0.3249999999999993,-0.33300000000000196,-0.5289999999999999,wd
1.162271999999998,0.4536850000000001,0.1889479999999999,0.0587920000000004,star
1.4304939999999995,0.48100900000000024,0.2292129999999979,0.1314150000000005,star
1.59882,0.6436880000000009,0.26969700000000074,0.11658900000000116,star
-0.0710000000000015,-0.40700000000000003,-0.3009999999999984,-0.5440000000000005,wd
0.17300000000000182,0.06700000000000017,0.26599999999999824,0.21000000000000085,qso
0.20800000000000196,-0.25800000000000267,-0.31299999999999883,-0.2579999999999991,wd
0.012000000000000455,-0.07900000000000063,0.20800000000000196,0.16399999999999793,qso
1.8101289999999999,0.798724,0.3010710000000003,0.1689070000000008,star
0.3279999999999994,-0.053000000000000824,0.17600000000000193,0.0329999999999977,qso
0.2710000000000008,-0.254999999999999,-0.25800000000000267,-0.25,wd
-0.05799999999999983,-0.2839999999999989,-0.31899999999999906,-0.16000000000000014,wd
2.5037560000000028,1.1703829999999993,0.4128209999999992,0.2368100000000002,star
0.08599999999999852,0.30900000000000105,0.07700000000000173,-0.1130000000000031,qso
-0.0710000000000015,-0.38700000000000045,-0.29399999999999693,-0.32200000000000273,wd
-0.11100000000000065,-0.4140000000000015,-0.33999999999999986,-0.12299999999999756,wd
1.6336480000000009,0.6555299999999988,0.2427330000000012,0.11322299999999785,star
0.08000000000000185,0.21799999999999997,0.33399999999999963,0.07000000000000028,qso
1.2561229999999988,0.48650900000000163,0.18313999999999808,0.08203300000000269,star
2.134730000000001,0.8039049999999985,0.29375900000000144,0.12799499999999853,star
0.19099999999999895,0.2710000000000008,0.006000000000000227,0.11599999999999966,qso
0.11499999999999844,0.1750000000000007,-0.053000000000000824,-0.1839999999999975,qso
1.4279639999999993,0.6298580000000005,0.25064700000000073,0.1514059999999997,star
-0.28800000000000026,-0.41499999999999915,-0.2789999999999999,-0.5609999999999999,wd
1.6404379999999996,0.6827439999999996,0.2598099999999999,0.12074400000000018,star
0.12199999999999989,0.11500000000000199,-0.022999999999999687,0.055999999999997385,qso
0.33200000000000074,-0.2749999999999986,-0.28100000000000236,-0.13700000000000045,wd
1.6445819999999998,0.6422540000000012,0.2587989999999998,0.07748600000000039,star
0.0,-0.3460000000000001,-0.27399999999999736,-0.06700000000000017,wd
-0.30299999999999727,-0.4220000000000006,-0.26500000000000057,-0.4170000000000016,wd
0.5530000000000008,0.30799999999999983,0.010999999999999233,-0.020999999999997243,wd
1.0162429999999993,0.36484500000000253,0.11862599999999901,0.05758499999999955,star
-0.15700000000000003,-0.38400000000000034,-0.2809999999999988,-0.44899999999999807,wd
0.49299999999999855,0.12100000000000222,0.04899999999999949,-0.0779999999999994,wd
0.8407319999999991,0.3334550000000007,0.12703699999999785,0.0657040000000002,star
0.125,0.09499999999999886,0.05799999999999983,0.16400000000000148,qso
1.5519999999999996,0.3279999999999994,0.0259999999999998,0.10900000000000176,qso
1.8249279999999999,0.6736080000000015,0.24564400000000042,0.1066319999999994,star
0.3509999999999991,-0.04899999999999949,-0.16799999999999926,-0.3550000000000004,wd
1.1005800000000008,0.31995600000000124,0.15822899999999862,0.02879200000000104,star
0.11599999999999966,0.054999999999999716,0.2690000000000019,0.21799999999999997,qso
0.48900000000000077,-0.018000000000000682,-0.1739999999999995,-0.20700000000000074,wd
1.234171,0.42090400000000017,0.11012199999999872,0.05864400000000103,star
0.7931670000000004,0.2713619999999999,0.10948199999999986,0.05001999999999995,star
0.48499999999999943,0.3500000000000014,0.17299999999999827,0.2630000000000017,qso
1.213623000000002,0.49178699999999864,0.13994399999999985,0.05347899999999939,star
0.3000000000000007,-0.2970000000000006,-0.21199999999999974,-0.3290000000000006,wd
0.1109999999999971,0.6130000000000031,0.13099999999999667,-0.11399999999999721,wd
1.332884,0.6206619999999994,0.2418180000000021,0.14775299999999802,star
0.7220000000000013,0.5279999999999987,1.0790000000000006,0.7189999999999976,wd
0.43200000000000216,0.15399999999999991,-0.1180000000000021,-0.03399999999999892,wd
0.6159999999999997,0.777000000000001,0.384999999999998,0.2410000000000032,qso
1.7205390000000023,0.8235719999999986,0.11246900000000082,0.15186999999999884,star
1.6653410000000015,0.5825309999999995,0.2452869999999976,0.10590300000000141,star
0.352999999999998,-0.19200000000000017,-0.1839999999999975,-0.2840000000000025,wd
2.3932590000000005,0.9447720000000004,0.303272999999999,0.1065649999999998,star
1.4500000000000028,0.16999999999999815,0.10699999999999932,-0.07499999999999929,qso
1.368696,0.5384819999999984,0.22352799999999995,0.06904399999999988,star
0.10800000000000054,0.28200000000000003,0.04299999999999926,-0.030999999999998806,qso
-0.08999999999999986,0.0519999999999996,0.3680000000000021,0.06299999999999883,qso
1.8822189999999992,0.7371639999999999,0.21774800000000027,0.1554549999999999,star
0.3460000000000001,0.33899999999999864,-0.11700000000000088,-0.27199999999999847,qso
0.030999999999998806,-0.28800000000000026,-0.2579999999999991,-0.03300000000000125,wd
0.4089999999999989,-0.2530000000000001,-0.2619999999999969,-0.23100000000000165,wd
-0.15200000000000102,0.10400000000000276,0.4369999999999976,-0.22100000000000009,qso
0.3739999999999988,-0.0259999999999998,-0.0779999999999994,-0.15500000000000114,wd
-0.05600000000000094,-0.3279999999999994,-0.38700000000000045,-0.1720000000000006,wd
0.20800000000000196,0.3379999999999974,0.06500000000000128,0.010999999999999233,qso
0.27500000000000213,0.14399999999999835,0.272000000000002,0.021000000000000796,qso
0.3490000000000002,-0.26399999999999935,-0.27500000000000213,-0.22499999999999787,wd
0.44200000000000017,0.038000000000000256,-0.027999999999998693,-0.14700000000000202,wd
0.13999999999999702,0.10600000000000165,0.12399999999999878,-0.05000000000000071,qso
0.2920000000000016,0.14199999999999946,0.35300000000000153,0.16499999999999915,qso
1.0083410000000015,0.44439299999999804,0.24764000000000053,0.04765899999999945,star
1.6512810000000009,0.5657539999999983,0.3938120000000005,-0.08375299999999797,star
0.02499999999999858,0.20000000000000284,-0.008000000000002672,-0.07000000000000028,qso
0.06900000000000261,-0.010000000000001563,0.25700000000000145,0.14699999999999847,qso
-0.24399999999999977,-0.41199999999999903,-0.3509999999999991,-0.18900000000000006,wd
0.5249999999999986,0.13700000000000045,0.010000000000001563,0.04499999999999815,wd
0.6680000000000028,0.657,0.29100000000000037,0.36499999999999844,qso
0.42299999999999827,0.2890000000000015,-0.027000000000001023,-0.0779999999999994,qso
0.07499999999999929,0.10999999999999943,0.16300000000000026,0.0329999999999977,qso
0.10300000000000153,-0.4280000000000008,-0.2940000000000005,-0.3359999999999985,wd
0.2809999999999988,0.02400000000000091,-0.18499999999999872,0.17999999999999972,qso
0.7980000000000018,0.05999999999999872,-0.038999999999997925,0.01799999999999713,qso
0.06099999999999994,0.0030000000000001137,0.1910000000000025,0.0589999999999975,qso
0.2289999999999992,0.22100000000000009,0.125,0.11299999999999955,qso
0.3860000000000028,-0.005000000000002558,0.10800000000000054,0.277000000000001,qso
0.4029999999999987,-0.010999999999999233,0.054999999999999716,0.17099999999999937,qso
0.379999999999999,-0.20399999999999707,-0.18599999999999994,-0.2789999999999999,wd
0.10600000000000165,0.09799999999999898,0.21699999999999875,0.036000000000001364,qso
0.07400000000000162,-0.013999999999999346,0.4339999999999975,0.7420000000000009,wd
1.0719679999999983,0.38168100000000216,-0.1317649999999997,0.2878329999999991,star
0.36299999999999955,0.06400000000000006,0.23499999999999943,0.3309999999999995,qso
2.241237999999999,0.9099750000000029,0.32728899999999683,0.1577470000000023,star
0.1319999999999979,0.08100000000000307,0.11599999999999966,0.2270000000000003,qso
0.22499999999999787,0.08900000000000219,-0.007999999999999119,-0.052000000000003155,qso
1.1023500000000013,0.39391200000000026,0.1354629999999979,0.033221000000001055,star
1.0828560000000031,0.3960259999999991,0.1634139999999995,0.08338399999999879,star
0.1930000000000014,-0.08200000000000074,-0.06500000000000128,-0.1039999999999992,wd
0.2890000000000015,-0.17600000000000193,0.07000000000000028,0.006000000000000227,qso
1.2265649999999972,0.5366060000000008,0.13407700000000133,0.08312600000000003,star
2.201539999999998,0.9028230000000015,0.33636599999999817,0.17598800000000026,star
0.15000000000000213,0.08599999999999852,0.10600000000000165,0.09099999999999753,qso
1.707768999999999,0.6606640000000006,0.22539399999999965,0.11981600000000014,star
1.6393200000000014,0.6534750000000003,0.25803200000000004,0.0973569999999988,star
-0.03399999999999892,0.23499999999999943,0.4009999999999998,0.21600000000000108,qso
1.0032430000000012,0.41300199999999876,0.19150000000000134,0.09862700000000046,star
0.018000000000000682,0.15899999999999892,-0.05799999999999983,-0.09499999999999886,qso
0.12099999999999866,-0.21399999999999864,-0.3130000000000024,-0.14999999999999858,wd
0.053999999999998494,0.03200000000000003,0.2970000000000006,-0.0779999999999994,qso
1.8446670000000012,0.7150169999999996,0.2980489999999989,0.13001900000000077,star
0.12300000000000111,-0.11700000000000088,-0.16799999999999926,-0.2579999999999991,wd
1.1348169999999982,0.4212209999999992,0.10282100000000227,0.05333800000000011,star
1.8568459999999973,0.701551000000002,0.21659999999999968,0.07239699999999871,star
1.1867560000000008,0.392062000000001,0.18999400000000044,-0.049613000000000795,star
1.0883350000000007,0.4984029999999997,0.17678500000000064,0.060444000000000386,star
1.3465680000000013,0.4766139999999979,0.18003200000000064,0.0755429999999997,star
0.980086,0.4036079999999984,0.12168700000000143,-0.38699000000000083,star
1.1689240000000005,0.38714200000000076,0.15792300000000026,0.07681499999999986,star
0.129999999999999,0.18599999999999994,0.3009999999999984,0.13200000000000145,qso
2.584061000000002,1.236929,0.5612139999999997,0.3100499999999986,star
0.352999999999998,-0.2829999999999977,-0.19000000000000128,0.04199999999999804,wd
0.1059999999999981,-0.20399999999999707,-0.13700000000000045,-0.20200000000000173,wd
1.9784870000000012,0.79101,0.30000499999999874,0.16166499999999928,star
2.0444910000000007,0.8765639999999983,0.3468030000000013,0.21166099999999943,star
1.7843129999999974,0.6455270000000013,0.25092300000000023,0.08681299999999936,star
0.4870000000000019,0.33999999999999986,0.19399999999999906,0.22300000000000253,qso
2.085096,0.7746619999999993,0.2904990000000005,0.18851099999999832,star
0.20500000000000185,-0.39000000000000057,-0.20700000000000074,-0.31400000000000006,wd
1.5092619999999997,0.5243760000000002,0.22153699999999787,0.12174200000000113,star
0.23000000000000043,0.05999999999999872,0.30799999999999983,0.0940000000000012,qso
0.1280000000000001,0.19000000000000128,-0.007999999999999119,0.09999999999999787,qso
-0.08999999999999986,-0.3769999999999989,-0.3190000000000026,-0.21599999999999753,wd
0.2749999999999986,0.42400000000000304,0.036999999999999034,0.4579999999999984,qso
0.5949999999999989,-0.013000000000001677,0.12199999999999989,-0.04299999999999926,wd
1.3451199999999979,0.5374970000000001,0.1331370000000014,0.06434499999999943,star
0.4499999999999993,0.02400000000000091,0.31700000000000017,-0.0799999999999983,qso
0.44200000000000017,-0.26500000000000057,-0.2629999999999981,-0.30200000000000315,wd
0.010999999999999233,0.11800000000000033,-0.15199999999999925,0.3829999999999991,qso
0.16899999999999693,-0.07199999999999918,0.09800000000000253,0.1039999999999992,qso
0.6550000000000011,0.14399999999999835,0.054000000000002046,0.21099999999999852,qso
1.229861999999999,0.41973400000000005,0.12704100000000018,0.02411999999999992,star
-0.019999999999999574,-0.2579999999999991,-0.24899999999999878,-0.3190000000000026,wd
0.240000000000002,0.08699999999999974,0.17800000000000082,-0.13800000000000168,qso
2.066929000000002,0.8948099999999997,0.332374999999999,0.15546000000000149,star
2.487354,1.199826999999999,0.5486320000000013,0.22565100000000093,star
0.3290000000000006,-0.3000000000000007,-0.43299999999999983,-0.0779999999999994,wd
1.2655999999999992,0.4454729999999998,0.12803000000000075,0.035047999999999746,star
1.2932449999999989,0.5153810000000014,0.18863500000000144,0.036536999999999153,star
-0.0400000000000027,-0.36799999999999855,-0.34499999999999886,-0.13800000000000168,wd
2.486303999999997,1.2815380000000012,0.5760050000000003,0.34584300000000034,star
1.4396689999999985,0.5492339999999984,0.14143100000000075,0.1929810000000014,star
-0.4440000000000026,-0.5440000000000005,-0.4049999999999976,-0.3309999999999995,wd
1.15578,0.4295290000000005,0.18411000000000044,0.08544399999999897,star
0.007999999999999119,-0.26500000000000057,-0.2339999999999982,-0.3049999999999997,wd
1.3944079999999985,0.486263000000001,0.17090299999999914,0.07515400000000128,star
0.07600000000000051,0.1559999999999988,0.054999999999999716,-0.0070000000000014495,qso
0.272000000000002,0.14599999999999724,-0.038999999999997925,0.20199999999999818,qso
0.05699999999999861,-0.4039999999999999,-0.2289999999999992,-0.3019999999999996,wd
0.19500000000000028,-0.2700000000000031,-0.3149999999999977,-0.23400000000000176,wd
0.06099999999999994,0.21099999999999852,-0.05999999999999872,-0.11000000000000298,qso
0.27600000000000335,-0.1680000000000028,0.3100000000000023,0.48999999999999844,wd
0.472999999999999,0.03599999999999781,-0.16699999999999804,-0.13500000000000156,wd
-0.20899999999999963,-0.4579999999999984,-0.33000000000000185,-0.2970000000000006,wd
1.5016819999999989,0.6181930000000015,0.20698699999999803,0.13159800000000033,star
0.8886409999999998,0.27109399999999795,0.10244500000000123,0.030419999999999447,star
0.11100000000000065,0.3249999999999993,-0.009000000000000341,-0.0259999999999998,qso
1.0382290000000012,0.3744790000000009,0.13066299999999842,0.044182000000001054,star
1.6676749999999991,0.6399460000000019,0.2580849999999977,0.13980700000000112,star
0.45500000000000185,-0.11899999999999977,-0.16400000000000148,-0.16699999999999804,wd
1.4312269999999998,0.5379199999999997,0.121969,0.07381199999999843,star
0.14399999999999835,0.397000000000002,0.09999999999999787,0.01699999999999946,qso
1.2970000000000006,0.21199999999999974,0.11599999999999966,0.2840000000000025,qso
0.053000000000000824,-0.32399999999999807,-0.30900000000000105,-0.26000000000000156,wd
1.0268900000000016,0.32478699999999705,0.1298620000000028,0.026907999999998822,star
0.3949999999999996,0.19699999999999918,0.40500000000000114,-0.038000000000000256,qso
0.2970000000000006,-0.027000000000001023,0.010999999999999233,-0.03599999999999781,wd
1.6919140000000006,0.620398999999999,0.25598400000000154,0.1376659999999994,star
1.831980999999999,0.7244290000000007,0.22807899999999925,0.2180029999999995,star
0.36799999999999855,-0.11400000000000077,-0.11899999999999977,-0.19699999999999918,wd
0.27199999999999847,0.054999999999999716,-0.1980000000000004,0.2170000000000023,qso
1.0550710000000016,0.36272599999999855,0.1489849999999997,0.05887600000000148,star
0.490000000000002,-0.3200000000000003,0.2619999999999969,-0.011999999999996902,qso
0.43599999999999994,-0.0030000000000001137,-0.10700000000000287,-0.06400000000000006,wd
0.620000000000001,0.027999999999998693,0.12600000000000122,0.3949999999999996,qso
0.27099999999999724,-0.2259999999999991,-0.2270000000000003,-0.21899999999999764,wd
1.3021569999999976,0.46384800000000226,0.1834239999999987,0.07497599999999949,star
1.6835449999999987,0.6902159999999995,0.20640699999999867,0.1321550000000009,star
0.2930000000000028,0.21599999999999753,0.26200000000000045,-0.06800000000000139,qso
0.1769999999999996,0.120000000000001,0.3030000000000008,0.12300000000000111,qso
0.536999999999999,0.0990000000000002,0.0019999999999988916,-0.06099999999999994,wd
1.1487829999999981,0.502225000000001,0.20854099999999853,0.05334700000000048,star
0.29199999999999804,-0.1869999999999976,-0.17900000000000205,-0.20099999999999696,wd
0.11500000000000199,0.19899999999999807,-0.013999999999999346,-0.19699999999999918,qso
0.047999999999998266,0.10100000000000264,-0.021000000000000796,0.015000000000000568,qso
0.14699999999999847,-0.06599999999999895,-0.11700000000000088,-0.21099999999999852,wd
0.08099999999999952,0.08300000000000196,0.2879999999999967,-0.15700000000000003,qso
0.2799999999999976,-0.3149999999999977,-0.2940000000000005,-0.4609999999999985,wd
0.16600000000000037,-0.11900000000000333,-0.0329999999999977,-0.26500000000000057,wd
1.1787789999999987,0.4123839999999994,0.1405130000000021,0.02223599999999948,star
-0.07099999999999795,-0.28200000000000003,-0.23400000000000176,-0.26099999999999923,wd
0.3440000000000012,-0.2940000000000005,-0.4239999999999995,0.1280000000000001,wd
1.4834890000000023,0.5062099999999994,0.19007500000000022,0.08423999999999765,star
1.4006989999999995,0.5692210000000006,0.17636499999999877,0.029579000000000022,star
1.6723980000000012,0.5981709999999989,0.17811900000000058,0.03849600000000031,star
1.929829999999999,0.7076280000000015,0.24873499999999993,0.11368000000000045,star
0.005000000000002558,-0.0730000000000004,0.29100000000000037,0.05099999999999838,qso
0.4610000000000021,0.07199999999999918,-0.1039999999999992,0.053999999999998494,wd
0.09800000000000253,0.23799999999999955,-0.06800000000000139,0.03200000000000003,qso
2.4858100000000007,1.4801520000000004,0.9251799999999992,0.5155560000000001,star
0.8295920000000017,0.29998199999999997,0.09502799999999922,0.0034559999999999036,star
0.05999999999999872,-0.12399999999999878,-0.2010000000000005,-0.07400000000000162,wd
0.25,0.2359999999999971,0.0010000000000012221,-0.15200000000000102,qso
0.22100000000000009,0.09600000000000009,0.13800000000000168,0.1980000000000004,qso
1.8911440000000006,0.7462710000000001,0.25641599999999976,0.11848800000000104,star
0.490000000000002,-0.1390000000000029,-0.15199999999999747,-0.19400000000000261,wd
1.1386910000000015,0.37161699999999875,0.1536439999999999,0.026949000000000112,star
2.0056109999999983,0.7667850000000023,0.2390789999999967,0.15399900000000244,star
0.20700000000000074,-0.3219999999999992,-0.28999999999999915,-0.24099999999999966,wd
-0.006000000000000227,-0.3049999999999997,-0.30600000000000094,-0.26500000000000057,wd
0.39000000000000057,-0.0519999999999996,-0.10699999999999932,-0.2270000000000003,wd
0.3949999999999996,-0.05600000000000094,-0.08500000000000085,-0.13799999999999812,wd
0.5850000000000009,0.15800000000000125,0.14000000000000057,0.006999999999997897,wd
-0.12299999999999756,-0.3080000000000034,-0.16799999999999926,0.2430000000000021,wd
0.347999999999999,0.022999999999999687,-0.07400000000000162,-0.25299999999999656,wd
0.1999999999999993,-0.17599999999999838,-0.142000000000003,-0.16199999999999903,wd
0.1680000000000028,0.18499999999999872,0.027999999999998693,0.2240000000000002,qso
1.158213,0.28064900000000037,0.11369099999999932,0.048467999999999734,star
0.3710000000000022,-0.04200000000000159,-0.08200000000000074,0.0259999999999998,wd
1.7146340000000002,0.6167219999999993,0.21464899999999965,0.12371399999999966,star
-0.04400000000000048,-0.22100000000000009,-0.21399999999999864,-0.20200000000000173,wd
0.9151090000000011,0.21129600000000082,0.11409400000000147,-0.015814000000002437,star
0.15500000000000114,0.5259999999999998,0.04499999999999815,0.14300000000000068,qso
1.1511840000000007,0.40671500000000016,0.15352500000000013,0.01023100000000099,star
1.6997399999999985,0.6129759999999997,0.20613100000000273,0.12556599999999918,star
0.5579999999999998,0.21000000000000085,0.24599999999999866,-0.05799999999999983,qso
0.3539999999999992,-0.036999999999999034,-0.09299999999999997,-0.15300000000000225,wd
0.30600000000000094,0.04400000000000048,0.6409999999999982,0.6709999999999994,wd
0.39099999999999824,-0.28500000000000014,-0.2629999999999981,-0.22300000000000253,wd
-0.4059999999999988,-0.4540000000000006,-0.35900000000000176,-0.125,wd
0.1529999999999987,0.14499999999999957,0.15900000000000247,-0.09100000000000108,qso
0.3000000000000007,0.0799999999999983,0.2029999999999994,-0.0329999999999977,qso
0.28600000000000136,-0.09100000000000108,-0.2560000000000002,-0.1960000000000015,wd
0.10500000000000043,0.01699999999999946,0.16900000000000048,0.2010000000000005,qso
1.0288559999999976,0.40455400000000097,0.1902639999999991,0.016758000000002937,star
-0.004999999999999005,0.11799999999999855,-0.10999999999999943,0.11400000000000077,qso
0.08000000000000185,0.14399999999999835,0.25800000000000267,-0.012000000000000455,qso
0.11600000000000321,0.09299999999999997,0.125,0.17599999999999838,qso
0.11199999999999832,0.23799999999999955,-0.027999999999998693,-0.06299999999999883,qso
1.4449119999999986,0.6712610000000012,0.23250799999999927,0.11969900000000067,star
1.1257359999999998,0.40270399999999995,0.10291899999999998,2.0000000020559128e-06,star
0.6140000000000008,0.48499999999999943,0.24899999999999878,0.40500000000000114,qso
0.4339999999999975,-0.07099999999999795,-0.10000000000000142,-0.24599999999999866,wd
-0.49599999999999866,-0.6050000000000004,-0.3719999999999999,-0.4280000000000008,wd
1.425650000000001,0.5574929999999991,0.25619299999999967,0.1193559999999998,star
1.1922090000000019,0.4857099999999992,0.14319499999999863,0.06039200000000022,star
2.533123,1.189482,0.5040380000000013,0.28961099999999895,star
0.15399999999999991,0.16499999999999915,0.08699999999999974,0.17999999999999972,qso
0.3810000000000002,-0.31700000000000017,-0.23199999999999932,-0.2710000000000008,wd
0.36499999999999844,-0.06899999999999906,-0.0519999999999996,-0.120000000000001,wd
0.862525999999999,0.2538790000000013,0.11929199999999796,0.028156000000002734,star
-0.35999999999999943,-0.485000000000003,-0.33899999999999864,-0.3200000000000003,wd
0.10200000000000031,0.21799999999999997,-0.08200000000000074,0.05999999999999872,qso
0.35300000000000153,-0.16199999999999903,-0.24399999999999977,-0.25200000000000244,wd
0.2989999999999995,0.08899999999999864,0.1910000000000025,0.013999999999999346,qso
0.3930000000000007,0.19599999999999795,0.07000000000000028,0.45899999999999963,qso
0.17299999999999827,-0.007999999999999119,0.30400000000000205,0.14099999999999824,qso
1.1514980000000001,0.508661,0.17673399999999972,0.04596199999999939,star
0.9842620000000011,0.41058900000000165,0.1982539999999986,0.03476699999999866,star
0.4350000000000023,0.009000000000000341,-0.0400000000000027,-0.24899999999999878,wd
0.9403009999999998,0.29416499999999957,0.035662000000000305,0.0022380000000001843,star
1.2047259999999973,0.41084999999999994,0.14059100000000058,0.08748200000000139,star
0.3030000000000008,-0.31400000000000006,-0.31099999999999994,0.14000000000000057,wd
-0.10400000000000276,-0.37299999999999756,-0.28500000000000014,-0.2430000000000021,wd
0.47199999999999775,0.08999999999999986,-0.04899999999999949,-0.036999999999999034,wd
0.08599999999999852,-0.18299999999999983,-0.12599999999999767,-0.25700000000000145,wd
0.12399999999999878,0.0259999999999998,0.2660000000000018,0.09600000000000009,qso
-0.21300000000000097,0.397000000000002,0.07399999999999807,0.03500000000000014,qso
1.4838860000000018,0.5812779999999993,0.1675640000000005,0.056663999999999604,star
1.9216940000000022,0.6617079999999991,0.3294870000000003,0.07828400000000002,star
0.21100000000000207,0.34399999999999764,0.30799999999999983,0.1490000000000009,qso
1.6305759999999978,0.5949369999999998,0.22632600000000025,0.08100800000000064,star
0.30600000000000094,0.2970000000000006,0.3999999999999986,0.08899999999999864,qso
1.4239759999999997,0.4631039999999995,0.14022100000000037,0.046632999999999925,star
1.101814000000001,0.0927579999999999,0.04186799999999735,-0.0437449999999977,star
1.345842000000001,0.45537200000000055,0.1315419999999996,0.05522500000000008,star
0.5209999999999972,-0.2129999999999974,-0.2010000000000005,-0.18100000000000094,wd
0.2759999999999998,0.03900000000000148,-0.07700000000000173,0.13400000000000034,qso
0.40700000000000003,-0.2920000000000016,-0.18299999999999983,-0.18700000000000117,wd
0.4939999999999998,0.0470000000000006,-0.15500000000000114,0.3559999999999981,qso
0.15899999999999892,0.2140000000000022,-0.11100000000000065,0.11699999999999733,qso
0.3240000000000016,0.3049999999999997,0.8669999999999973,0.6800000000000033,wd
0.24299999999999855,-0.31099999999999994,-0.1559999999999988,-0.6870000000000012,wd
0.5229999999999997,0.25700000000000145,0.23199999999999932,0.01600000000000179,qso
-0.036999999999999034,-0.36400000000000077,-0.23900000000000077,-0.062000000000001165,wd
-0.004999999999999005,-0.402000000000001,-0.2560000000000002,-0.527000000000001,wd
0.030999999999998806,0.11500000000000199,-0.08500000000000085,-0.10800000000000054,qso
0.48499999999999943,0.006000000000000227,-0.028999999999999915,0.18400000000000105,qso
0.33899999999999864,-0.26699999999999946,-0.19699999999999918,-0.21399999999999864,wd
1.0867170000000002,0.3488710000000026,0.12335799999999963,-0.015146000000001436,star
0.18900000000000006,0.06099999999999994,0.277000000000001,-0.23500000000000298,qso
0.10000000000000142,0.46199999999999974,0.12199999999999989,0.00999999999999801,qso
0.41100000000000136,-0.12099999999999866,-0.11100000000000065,-0.18299999999999983,wd
0.05100000000000193,-0.3990000000000009,-0.2809999999999988,-0.21300000000000097,wd
0.9641219999999997,0.32998000000000083,0.16415800000000047,-0.023115999999999914,star
0.16900000000000048,0.1739999999999995,0.1720000000000006,0.2530000000000001,qso
1.6117509999999982,0.6400800000000011,0.2814370000000004,0.12550199999999911,star
1.6773699999999998,0.631355000000001,0.20861400000000074,0.0855409999999992,star
1.1623289999999997,0.07565899999999814,-0.030714999999998938,-0.05414399999999908,star
0.34399999999999764,0.12200000000000344,-0.04200000000000159,-0.11599999999999966,wd
1.159879,0.4324709999999996,0.2112840000000027,0.008741999999998029,star
0.40700000000000003,-0.004000000000001336,-0.09199999999999875,-0.12300000000000111,wd
2.5186220000000006,1.3640589999999975,0.9141760000000012,0.5227090000000008,star
0.4770000000000003,-0.1059999999999981,-0.1750000000000007,-0.18900000000000006,wd
-0.11499999999999844,-0.4720000000000013,-0.1720000000000006,-0.022999999999999687,wd
0.12099999999999866,0.08800000000000097,-0.0940000000000012,0.5689999999999991,qso
1.1497360000000008,0.382517,0.1434519999999999,0.03945099999999968,star
0.4269999999999996,0.11799999999999855,-0.021000000000000796,-0.08799999999999741,wd
1.8580129999999997,0.6936280000000004,0.23513200000000012,0.1393090000000008,star
0.3509999999999991,-0.2289999999999992,-0.23200000000000287,-0.22799999999999798,wd
0.3979999999999997,0.17900000000000205,0.09699999999999775,0.20200000000000173,qso
1.0483930000000008,0.33123299999999745,0.1373730000000002,-0.012568999999999164,star
1.0243619999999982,0.3486039999999999,0.13585899999999995,0.01283600000000007,star
-0.03500000000000014,0.4450000000000003,-0.02400000000000091,0.10900000000000176,qso
0.4220000000000006,-0.18400000000000105,-0.2289999999999992,-0.08099999999999952,wd
1.758628999999999,0.6249729999999989,0.275678000000001,0.12972699999999904,star
1.051878000000002,-0.0255270000000003,0.4838100000000001,0.046663000000000565,star
2.6079480000000004,1.2911049999999982,0.6172380000000004,0.3133790000000012,star
0.006000000000000227,0.030000000000001137,0.3349999999999973,0.0030000000000001137,qso
0.4239999999999995,0.240000000000002,0.2809999999999988,-0.010999999999999233,qso
1.2975960000000022,0.45939599999999814,0.19997000000000043,0.09543299999999988,star
0.17299999999999827,0.15800000000000125,-0.08800000000000097,0.0519999999999996,qso
-0.11799999999999855,-0.4190000000000005,-0.2970000000000006,-0.1999999999999993,wd
2.180500000000002,0.8635169999999999,0.25568099999999916,0.1538320000000013,star
0.5169999999999995,0.1789999999999985,0.045000000000001705,0.01699999999999946,wd
1.5118660000000013,0.5917339999999989,0.1870150000000006,0.06168699999999916,star
2.4652330000000013,1.019889000000001,0.3852209999999996,0.1875309999999999,star
0.4789999999999992,0.1670000000000016,0.0519999999999996,-0.06800000000000139,wd
0.13000000000000256,0.08799999999999741,0.2700000000000031,0.045999999999999375,qso
-0.0030000000000001137,0.41799999999999926,0.21499999999999986,-0.23199999999999932,qso
1.1773510000000016,-0.1738490000000006,-0.13068599999999897,-0.09406800000000004,star
0.3979999999999997,-0.12899999999999778,-0.16400000000000148,-0.24099999999999966,wd
0.9870979999999996,0.39708599999999983,0.1287389999999995,0.054221000000000075,star
0.4660000000000011,-0.0920000000000023,-0.1819999999999986,-0.062000000000001165,wd
0.054999999999999716,0.12899999999999778,0.0730000000000004,0.06500000000000128,qso
0.05100000000000193,-0.3810000000000002,-0.3219999999999992,-0.42600000000000193,wd
0.5129999999999981,0.08399999999999963,0.18500000000000227,0.1769999999999996,qso
0.1280000000000001,0.09999999999999787,0.20899999999999963,0.1980000000000004,qso
0.053000000000000824,-0.2079999999999984,-0.18500000000000227,-0.15899999999999892,wd
1.9305610000000009,0.7143109999999986,0.27084600000000236,0.13836499999999852,star
-0.2740000000000009,-0.3440000000000012,-0.3589999999999982,-0.04200000000000159,wd
0.06500000000000128,0.05000000000000071,0.2809999999999988,0.06400000000000006,qso
1.1539780000000022,0.40873199999999876,0.1282500000000013,0.0025959999999987105,star
0.3059999999999974,0.35100000000000264,0.09600000000000009,0.038999999999997925,qso
0.33699999999999974,-0.036000000000001364,-0.014999999999997016,0.33699999999999974,qso
1.5139080000000007,0.5627879999999994,0.22723700000000058,0.10468099999999936,star
1.1607309999999984,0.4324380000000012,0.15436499999999853,0.06036399999999986,star
0.46300000000000097,-0.17099999999999937,-0.21300000000000097,-0.39699999999999847,wd
1.1341549999999998,0.41549300000000144,0.14799000000000007,0.07321699999999964,star
0.36299999999999955,-0.062000000000001165,0.04100000000000037,-0.06800000000000139,wd
0.0779999999999994,0.0009999999999976694,0.33800000000000097,0.2140000000000022,qso
-0.01899999999999835,-0.33500000000000085,-0.2890000000000015,-0.21099999999999852,wd
0.18700000000000117,-0.29299999999999926,-0.30100000000000193,-0.22800000000000153,wd
1.3570080000000004,0.5209219999999988,0.2214969999999994,0.110120000000002,star
1.1234210000000004,0.4759139999999995,0.23925900000000055,0.07863499999999846,star
-0.0379999999999967,0.259999999999998,0.07400000000000162,-0.043000000000002814,qso
-0.0470000000000006,-0.3990000000000009,-0.19399999999999906,-0.18799999999999883,wd
1.9069020000000023,0.6565340000000006,0.2486859999999993,0.11123500000000064,star
0.39000000000000057,0.41000000000000014,0.06899999999999906,0.14499999999999957,qso
0.9745019999999975,0.3354650000000028,0.13000499999999704,0.04595000000000127,star
0.4819999999999993,0.14000000000000057,-0.00999999999999801,0.09999999999999787,wd
0.08400000000000318,0.03599999999999781,0.18700000000000117,0.23799999999999955,qso
-0.011999999999996902,-0.402000000000001,-0.26200000000000045,-0.20599999999999952,wd
0.3960000000000008,0.03599999999999781,0.08600000000000207,-0.03300000000000125,wd
-0.09799999999999898,-0.3260000000000005,-0.2989999999999995,-0.277000000000001,wd
0.3769999999999989,0.1180000000000021,-0.10300000000000153,0.06899999999999906,qso
0.22100000000000009,-0.15700000000000003,0.47800000000000153,0.5869999999999997,wd
0.6030000000000015,-0.23200000000000287,-0.21899999999999764,-0.13000000000000256,wd
0.06500000000000128,0.2079999999999984,0.008000000000002672,0.0030000000000001137,qso
0.12299999999999756,0.22000000000000242,-0.04400000000000048,-0.054999999999999716,qso
1.014368000000001,0.3965110000000003,0.16538899999999757,0.10159300000000115,star
0.3819999999999979,0.28600000000000136,0.004999999999999005,0.11299999999999955,qso
0.5189999999999984,0.19200000000000017,-0.010999999999999233,0.28200000000000003,qso
1.3131929999999983,0.44635200000000097,0.1750469999999993,0.009622000000000241,star
-0.030999999999998806,0.33899999999999864,0.037000000000002586,-0.16900000000000048,qso
1.1957419999999992,0.4253580000000028,0.15556899999999985,0.06796800000000047,star
1.0763310000000033,0.39207399999999737,0.1278269999999999,0.026604000000002515,star
0.30799999999999983,0.11000000000000298,0.0009999999999976694,0.0010000000000012221,qso
1.4869790000000016,0.582018999999999,0.21324000000000254,0.09570499999999882,star
-0.1819999999999986,0.370000000000001,0.054999999999999716,-0.036000000000001364,qso
0.4800000000000004,0.5729999999999968,0.6230000000000011,0.20800000000000196,qso
1.3815900000000028,0.5089019999999991,0.23573100000000125,0.042577999999998895,star
0.4710000000000001,-0.1999999999999993,-0.2469999999999999,-0.22299999999999898,wd
1.4296739999999986,0.6021920000000023,0.2517809999999976,0.1548000000000016,star
0.1680000000000028,0.3069999999999986,0.10099999999999909,-0.036999999999999034,qso
2.4815959999999997,1.175448000000003,0.5116169999999975,0.2857080000000014,star
0.4410000000000025,0.04899999999999949,-0.0400000000000027,-0.11399999999999721,wd
1.3972590000000018,0.5783379999999987,0.2273549999999993,0.06519700000000128,star
0.9149080000000005,0.2894989999999993,0.05181100000000072,0.043542999999999665,star
1.3211380000000013,0.4311209999999992,0.1838519999999999,0.02829799999999949,star
0.8708290000000005,0.25371200000000016,0.1513440000000017,0.03582699999999761,star
0.37900000000000134,0.1039999999999992,-0.010999999999999233,0.30900000000000105,qso
0.44299999999999784,0.06700000000000017,0.240000000000002,-0.12900000000000134,qso
0.3949999999999996,0.2049999999999983,0.21100000000000207,0.053999999999998494,qso
0.35800000000000054,-0.08500000000000085,-0.06800000000000139,-0.09799999999999898,wd
0.6939999999999991,0.5090000000000003,0.3930000000000007,-0.07499999999999929,qso
1.2895660000000007,0.429863000000001,0.1279699999999977,0.06265900000000002,star
1.3959510000000002,0.5004440000000017,0.177423000000001,0.08235599999999721,star
0.19500000000000028,-0.33100000000000307,-0.232999999999997,-0.29100000000000037,wd
0.29299999999999926,-0.23600000000000065,-0.18400000000000105,-0.09999999999999787,wd
2.657148999999997,1.3716750000000033,0.6389589999999981,0.3030910000000002,star
0.0990000000000002,-0.3509999999999991,-0.2480000000000011,-0.22500000000000142,wd
0.4109999999999978,-0.1819999999999986,-0.2890000000000015,0.120000000000001,wd
0.4319999999999986,-0.14199999999999946,-0.2240000000000002,-0.03500000000000014,wd
1.5247019999999978,0.5359580000000008,0.19988700000000037,0.05044499999999985,star
-0.17599999999999838,-0.23000000000000043,-0.07600000000000051,-0.3039999999999985,wd
0.1490000000000009,-0.16799999999999926,-0.17100000000000293,-0.17299999999999827,wd
0.9957470000000015,0.2903689999999983,0.12509700000000024,0.008873000000001241,star
0.0730000000000004,0.2270000000000003,-0.03399999999999892,-0.08300000000000196,qso
0.21300000000000097,-0.018000000000000682,0.6509999999999998,0.6449999999999996,wd
0.37099999999999866,-0.3030000000000008,-0.26099999999999923,-0.23799999999999955,wd
1.0103459999999984,0.3764700000000012,0.22665999999999897,0.07008000000000081,star
0.43599999999999994,-0.28800000000000026,-0.29900000000000304,-0.18099999999999739,wd
0.39800000000000324,0.15499999999999758,0.26399999999999935,-0.036999999999999034,qso
0.20200000000000173,-0.272000000000002,-0.3009999999999984,-0.2759999999999998,wd
0.740000000000002,-0.20500000000000185,0.15600000000000236,0.5829999999999984,wd
1.2568589999999986,0.511998000000002,0.19758699999999862,0.09246700000000097,star
1.2765319999999996,0.4578319999999998,0.12394700000000114,0.05534600000000012,star
1.849266,0.728235999999999,0.26301400000000186,0.12555999999999656,star
0.35999999999999943,-0.2799999999999976,-0.23600000000000065,-0.21199999999999974,wd
-0.1410000000000018,0.3990000000000009,-0.021000000000000796,-0.0030000000000001137,qso
0.1670000000000016,0.1319999999999979,0.017000000000003013,-0.028000000000002245,qso
0.021999999999998465,0.28300000000000125,0.1789999999999985,0.06099999999999994,qso
2.0829880000000003,0.9383279999999985,0.38927700000000165,0.2080579999999994,star
0.14699999999999847,0.120000000000001,0.21999999999999886,0.0400000000000027,qso
0.2029999999999994,0.3719999999999999,-0.028999999999999915,-0.0070000000000014495,qso
0.23400000000000176,0.06400000000000006,0.1819999999999986,-0.03399999999999892,qso
0.5999999999999979,0.010000000000001563,0.13700000000000045,0.038000000000000256,qso
-0.08800000000000097,0.2140000000000022,0.022999999999999687,-0.07199999999999918,qso
2.1999759999999995,0.9400559999999984,0.3896700000000024,0.2396029999999989,star
0.3719999999999999,0.4280000000000008,0.0799999999999983,-0.03300000000000125,qso
0.20400000000000063,0.1960000000000015,0.06299999999999883,0.08699999999999974,wd
0.15399999999999991,0.26200000000000045,0.13200000000000145,0.29199999999999804,qso
-0.24899999999999878,-0.41100000000000136,-0.31999999999999673,-0.21100000000000207,wd
2.4557319999999976,0.9614360000000008,0.3227800000000016,0.15469799999999978,star
0.16400000000000148,0.08899999999999864,0.30900000000000105,0.03599999999999781,qso
0.40800000000000125,0.6930000000000014,0.36299999999999955,0.5700000000000003,qso
0.1769999999999996,0.07399999999999807,0.17800000000000082,-0.06800000000000139,qso
0.21599999999999753,-0.20199999999999818,-0.31599999999999895,0.013999999999999346,wd
1.2460500000000003,0.4397170000000017,0.2769870000000001,-0.0560040000000015,star
0.4620000000000033,-0.09100000000000108,-0.23600000000000065,-0.2010000000000005,wd
0.09700000000000131,0.21099999999999852,-0.02699999999999747,-0.05700000000000216,qso
0.43100000000000094,-0.10999999999999943,-0.11299999999999955,-0.40500000000000114,wd
0.3160000000000025,0.23499999999999943,0.11400000000000077,-0.04100000000000037,qso
2.309479000000003,1.1528409999999987,0.37616900000000086,0.2539259999999999,star
0.4549999999999983,-0.03500000000000014,-0.19299999999999784,-0.15000000000000213,wd
1.082501999999998,0.35671600000000225,0.141413,0.05016299999999774,star
0.23799999999999955,-0.1769999999999996,0.08800000000000097,-0.05900000000000105,qso
0.0329999999999977,-0.1039999999999992,0.4690000000000012,0.47199999999999775,wd
0.08399999999999963,0.13400000000000034,-0.053000000000000824,0.019999999999999574,qso
0.5120000000000005,0.07900000000000063,0.029999999999997584,-0.03999999999999915,wd
0.882715000000001,0.3126029999999993,0.13047399999999953,-0.009602999999998474,star
0.254999999999999,0.028999999999999915,0.3290000000000006,0.06500000000000128,qso
2.5132730000000016,1.210134,0.43388200000000055,0.28956799999999916,star
0.4250000000000007,-0.09299999999999997,-0.07699999999999818,-0.2270000000000003,wd
0.245000000000001,0.07899999999999707,0.1910000000000025,-0.09800000000000253,qso
0.33000000000000185,-0.25500000000000256,-0.29499999999999815,-0.19500000000000028,wd
-0.12199999999999989,-0.24099999999999966,0.10300000000000153,0.27399999999999736,wd
0.5690000000000026,0.16899999999999693,-0.02699999999999747,0.2530000000000001,qso
0.3309999999999995,-0.15200000000000102,0.17600000000000193,-0.09600000000000009,qso
0.3569999999999993,-0.18400000000000105,-0.19500000000000028,-0.2530000000000001,wd
0.7719999999999985,0.14300000000000068,0.14199999999999946,0.18799999999999883,qso
1.0431479999999986,0.32332500000000053,0.124448000000001,0.04221599999999981,star
1.0306119999999979,0.31952400000000125,0.15756299999999968,0.033415999999999,star
0.6549999999999976,0.31700000000000017,0.11000000000000298,0.20099999999999696,qso
0.5700000000000003,0.4750000000000014,0.07700000000000173,0.09699999999999775,qso
2.5836879999999987,1.227834999999999,0.452496,0.26403700000000185,star
-0.13599999999999923,-0.34299999999999997,-0.30200000000000315,-0.21999999999999886,wd
0.4159999999999968,-0.05699999999999861,-0.16199999999999903,-0.1980000000000004,wd
0.4410000000000025,0.022999999999999687,-0.03999999999999915,-0.14700000000000202,wd
0.5489999999999995,0.2839999999999989,0.129999999999999,0.37400000000000233,qso
0.2579999999999991,0.277000000000001,0.06400000000000006,-0.05900000000000105,qso
0.17999999999999972,0.07699999999999818,-0.04199999999999804,0.04299999999999926,qso
0.06599999999999895,-0.0030000000000001137,0.24399999999999977,0.053000000000000824,qso
0.1980000000000004,0.04199999999999804,-0.08200000000000074,0.03500000000000014,qso
0.3949999999999996,-0.06800000000000139,-0.21699999999999875,0.08200000000000074,wd
0.28200000000000003,0.3009999999999984,0.10800000000000054,0.04200000000000159,qso
0.23499999999999943,-0.06800000000000139,0.2930000000000028,0.0519999999999996,qso
-0.0860000000000003,-0.4480000000000022,-0.30299999999999727,-0.31099999999999994,wd
-0.054999999999999716,-0.3930000000000007,-0.19000000000000128,-0.21099999999999852,wd
1.228123,0.49558399999999736,0.17729700000000115,0.05713300000000032,star
0.25200000000000244,0.16799999999999926,0.021999999999998465,0.20800000000000196,qso
1.2310359999999996,0.5297599999999996,0.20451700000000272,0.070020999999997,star
0.010000000000001563,-0.027999999999998693,0.4039999999999999,0.3549999999999969,wd
0.7439999999999998,-0.030000000000001137,0.33500000000000085,-0.004000000000001336,qso
0.39399999999999835,0.21699999999999875,0.27800000000000225,-0.0019999999999988916,qso
1.3308089999999986,0.5202410000000022,0.15825599999999795,0.08829100000000167,star
0.48100000000000165,0.03900000000000148,0.01799999999999713,-0.013999999999999346,wd
-0.2789999999999999,-0.35999999999999943,-0.36499999999999844,-0.30400000000000205,wd
0.08799999999999741,0.18500000000000227,0.20599999999999952,0.010999999999999233,qso
2.0004670000000004,0.8474950000000021,0.27135399999999876,0.19153999999999982,star
0.19000000000000128,0.3490000000000002,-0.10999999999999943,-0.08399999999999963,qso
-0.43799999999999883,-0.4980000000000011,-0.472999999999999,-0.3960000000000008,wd
1.7416480000000014,0.7718750000000014,0.25015399999999843,0.1282260000000015,star
0.3279999999999994,0.1410000000000018,0.3719999999999999,0.21899999999999764,qso
0.504999999999999,0.15700000000000003,0.045999999999999375,-0.018000000000000682,wd
0.5640000000000001,0.1559999999999988,0.04199999999999804,-0.004999999999999005,wd
0.13800000000000168,0.07699999999999818,0.2259999999999991,-0.1039999999999992,qso
0.06099999999999994,-0.4089999999999989,-0.23700000000000188,-0.2079999999999984,wd
1.7498320000000014,0.6589320000000001,0.2657810000000005,0.12351199999999807,star
0.15000000000000213,-0.272000000000002,-0.28699999999999903,-0.19000000000000128,wd
1.8356210000000033,0.6703019999999995,0.2813839999999992,0.1607579999999995,star
1.3150750000000002,0.3625279999999975,0.08545700000000167,0.02145799999999909,star
1.8868670000000023,0.7550050000000006,0.2568419999999989,0.15222200000000008,star
1.4488350000000025,0.5799579999999978,0.24703600000000137,0.18858200000000025,star
0.28200000000000003,0.07499999999999929,0.17999999999999972,0.1999999999999993,qso
0.1509999999999998,0.20700000000000074,0.08200000000000074,0.04400000000000048,qso
1.8794380000000004,0.6876180000000005,0.20413100000000028,0.11497699999999966,star
1.774630000000002,0.6706079999999979,0.18240800000000235,0.2274839999999987,star
-0.011000000000002785,-0.26899999999999835,-0.33399999999999963,-0.1700000000000017,wd
0.5389999999999979,0.07000000000000028,-0.029999999999997584,-0.17800000000000082,wd
2.026325,0.7820849999999986,0.32645500000000105,0.16023000000000032,star
0.2829999999999977,0.12900000000000134,0.21099999999999852,-0.10199999999999676,qso
1.7582510000000013,0.6577520000000003,0.14012799999999892,0.05213499999999982,star
0.28500000000000014,0.2560000000000002,0.013000000000001677,0.33899999999999864,qso
0.14300000000000068,0.23300000000000054,0.045999999999999375,-0.06899999999999906,qso
0.30400000000000205,0.42299999999999827,0.18400000000000105,-0.022999999999999687,qso
0.6130000000000031,0.13899999999999935,0.0,0.17099999999999937,qso
0.5060000000000002,0.2259999999999991,-0.02400000000000091,0.17999999999999972,qso
-0.2010000000000005,-0.4289999999999985,-0.3049999999999997,-0.27500000000000213,wd
1.1637319999999995,0.4632069999999988,0.1716160000000002,0.07382100000000058,star
2.469286999999998,0.9992780000000003,0.3499750000000006,0.18477599999999939,star
0.3769999999999989,0.04800000000000182,0.18900000000000006,-0.07000000000000028,qso
0.33800000000000097,-0.18400000000000105,-0.14099999999999824,-0.24099999999999966,wd
1.1137259999999998,0.38391799999999776,0.11425600000000102,0.02981799999999879,star
1.4921989999999994,0.5991110000000006,0.2695469999999993,0.10789800000000227,star
0.30100000000000193,0.32399999999999807,0.008000000000002672,0.015999999999998238,qso
0.625,0.6739999999999995,0.09500000000000242,0.3000000000000007,qso
0.48999999999999844,0.018000000000000682,-0.11999999999999744,0.2359999999999971,qso
0.22799999999999798,0.013000000000001677,-0.0710000000000015,-0.15399999999999991,wd
1.2671189999999992,0.45138000000000034,0.09077100000000016,0.0402559999999994,star
1.1500050000000002,0.4155920000000002,0.15749899999999784,0.001709000000001737,star
2.265796999999999,1.1529440000000015,0.42486399999999946,0.2514430000000001,star
2.55603,1.2108179999999997,0.5099940000000025,0.2794599999999985,star
0.5820000000000007,0.24899999999999878,0.03200000000000003,0.3180000000000014,qso
1.2375969999999974,0.37276600000000215,0.24322499999999891,0.06614700000000084,star
0.30400000000000205,-0.0710000000000015,0.15200000000000102,0.2289999999999992,qso
0.012000000000000455,0.11299999999999955,-0.05700000000000216,0.06099999999999994,qso
0.48600000000000065,-0.120000000000001,-0.1559999999999988,-0.14500000000000313,wd
0.23799999999999955,0.29299999999999926,0.2259999999999991,0.3180000000000014,qso
0.3780000000000001,-0.2289999999999992,-0.2240000000000002,-0.5030000000000001,wd
-0.004000000000001336,-0.3780000000000001,-0.38899999999999935,-0.16400000000000148,wd
-0.1700000000000017,-0.24599999999999866,-0.25,-0.2259999999999991,wd
1.288178000000002,0.4753809999999987,0.1682990000000011,0.10454000000000008,star
2.134829,0.8424809999999994,0.30874500000000005,0.14316900000000032,star
2.2018109999999993,0.923271999999999,0.3464520000000011,0.176086999999999,star
-0.21000000000000085,-0.44599999999999795,-0.3290000000000006,-0.3880000000000017,wd
0.11599999999999966,0.04899999999999949,0.23999999999999844,0.045999999999999375,qso
1.6213309999999979,0.5821889999999996,0.2462920000000004,0.11688099999999935,star
-0.015000000000000568,-0.40199999999999747,-0.33300000000000196,-0.17800000000000082,wd
0.4969999999999999,-0.006999999999997897,-0.053000000000000824,-0.06700000000000017,wd
0.05099999999999838,0.038000000000000256,0.32700000000000173,-0.1479999999999997,qso
0.352999999999998,-0.06499999999999773,-0.053000000000000824,0.2190000000000012,qso
1.659872,0.6553590000000007,0.1717720000000007,0.10015500000000088,star
0.31599999999999895,0.5539999999999985,0.35300000000000153,0.43700000000000117,qso
0.14399999999999835,-0.045999999999999375,0.20700000000000074,-0.05100000000000193,qso
0.34299999999999997,0.3719999999999999,0.13700000000000045,0.019000000000001904,qso
0.4670000000000023,-0.0030000000000001137,-0.004000000000001336,-0.021999999999998465,wd
1.1471269999999976,0.4248410000000007,0.14708700000000263,0.059623999999999455,star
0.19000000000000128,-0.3230000000000004,-0.277000000000001,-0.13700000000000045,wd
0.30200000000000315,0.18099999999999739,0.13500000000000156,-0.013000000000001677,qso
0.375,-0.1720000000000006,-0.15199999999999747,-0.15900000000000247,wd
0.43799999999999883,0.09100000000000108,0.18099999999999739,0.019000000000001904,qso
0.02499999999999858,-0.40700000000000003,-0.28300000000000125,-0.1280000000000001,wd
1.5619610000000002,0.6271160000000009,0.2269420000000011,0.13934899999999928,star
0.24599999999999866,-0.04299999999999926,0.3009999999999984,0.3949999999999996,wd
0.19099999999999895,0.3279999999999994,0.15899999999999892,-0.045999999999999375,qso
0.5739999999999981,-0.14399999999999835,-0.23799999999999955,-0.4190000000000005,wd
0.4529999999999994,-0.19200000000000017,-0.21600000000000108,-0.24200000000000088,wd
1.21603,0.40589999999999904,0.16209000000000096,0.09886899999999876,star
0.49099999999999966,0.4710000000000001,0.1739999999999995,0.10500000000000043,qso
0.14499999999999957,0.1269999999999989,0.028999999999999915,-0.1609999999999978,qso
1.662668,0.6755759999999995,0.2973630000000007,0.1732459999999989,star
0.4090000000000025,-0.02500000000000213,-0.08500000000000085,-0.16300000000000026,wd
0.17299999999999827,0.25200000000000244,0.08299999999999841,0.16600000000000037,qso
0.39000000000000057,-0.18700000000000117,-0.2259999999999991,-0.46199999999999974,wd
1.2513959999999997,0.4259130000000013,0.14280699999999769,0.10461600000000004,star
0.43400000000000105,0.6839999999999975,0.2680000000000007,0.4670000000000023,qso
-0.07899999999999707,-0.3210000000000015,-0.2749999999999986,-0.35600000000000165,wd
0.8749660000000006,0.3124919999999989,0.13847499999999968,0.014796999999999727,star
1.2206229999999998,0.5105840000000015,0.260942,0.0875819999999976,star
0.4989999999999988,-0.08799999999999741,-0.1720000000000006,-0.31599999999999895,wd
0.17099999999999937,-0.28500000000000014,-0.28999999999999915,-0.1559999999999988,wd
0.3200000000000003,-0.054999999999999716,-0.12200000000000344,-0.16199999999999903,wd
0.28000000000000114,-0.060000000000002274,-0.0019999999999988916,-0.019999999999999574,qso
0.18700000000000117,0.20199999999999818,0.1180000000000021,0.2809999999999988,qso
0.1479999999999997,0.17700000000000315,0.04199999999999804,0.3490000000000002,qso
0.2829999999999977,-0.08799999999999741,0.31400000000000006,0.01799999999999713,qso
-0.2629999999999981,-0.5219999999999985,-0.34800000000000253,-0.34499999999999886,wd
1.1095199999999998,0.3694690000000005,0.1412369999999985,0.01505100000000148,star
0.1039999999999992,-0.10200000000000031,0.4710000000000001,0.5440000000000005,wd
0.48999999999999844,-0.12300000000000111,0.3440000000000012,0.4989999999999988,wd
0.35600000000000165,0.43799999999999883,0.20899999999999963,-0.10299999999999798,qso
0.37299999999999756,0.11899999999999977,0.07400000000000162,0.2560000000000002,qso
2.592761999999997,1.261997000000001,0.5876040000000007,0.2550220000000003,star
0.14399999999999835,-0.3089999999999975,-0.28100000000000236,-0.23000000000000043,wd
-0.1680000000000028,-0.5189999999999984,-0.14999999999999858,-0.02400000000000091,wd
0.12600000000000122,0.19099999999999895,0.038000000000000256,0.23400000000000176,qso
0.245000000000001,-0.2519999999999989,-0.22100000000000009,-0.495000000000001,wd
0.5079999999999991,-0.2740000000000009,-0.19699999999999918,-0.2680000000000007,wd
1.1329139999999995,0.3763070000000006,0.2015159999999998,-0.0378469999999993,star
1.2700969999999998,0.4572490000000009,0.16869400000000212,0.043549999999999756,star
1.3425329999999995,0.5054090000000002,0.13860400000000084,0.05684400000000167,star
0.2569999999999979,-0.18999999999999773,-0.21999999999999886,-0.0870000000000033,wd
1.546948999999998,0.590321000000003,0.22498099999999965,0.0751989999999978,star
-0.3550000000000004,-0.5060000000000002,-0.3150000000000013,-0.46999999999999886,wd
0.495000000000001,0.12799999999999656,0.7070000000000007,0.7370000000000019,wd
1.6252689999999994,0.6534520000000015,0.2375070000000008,0.13200199999999995,star
0.1440000000000019,0.1720000000000006,0.16599999999999682,0.1410000000000018,qso
0.26399999999999935,-0.13800000000000168,-0.1789999999999985,-0.2220000000000013,wd
1.1259830000000015,0.38736699999999935,0.13738200000000056,0.013370999999999356,star
0.9249929999999971,0.3635690000000018,0.1459009999999985,0.061696000000001305,star
2.6669020000000003,1.3296470000000014,0.6617049999999995,0.336017,star
0.48999999999999844,0.1039999999999992,-0.0009999999999976694,0.021999999999998465,wd
0.20199999999999818,0.3500000000000014,0.11199999999999832,-0.004999999999999005,qso
1.3560049999999997,0.48277199999999887,0.13580100000000073,0.028845000000000454,star
0.8029999999999973,0.549000000000003,0.4869999999999983,0.30799999999999983,qso
1.1210139999999988,0.4337350000000022,0.12708100000000044,0.0864060000000002,star
1.185099000000001,0.5100109999999987,0.11360600000000076,0.0914129999999993,star
1.2699640000000016,0.40364100000000036,0.13720499999999802,0.05068200000000189,star
1.1091579999999972,0.43993300000000346,0.19317499999999654,0.01179700000000139,star
0.4800000000000004,-0.13500000000000156,-0.16799999999999926,-0.18299999999999983,wd
1.023817000000001,0.19025599999999798,0.05344000000000193,-0.03175900000000098,star
0.15800000000000125,0.6159999999999997,0.4239999999999995,0.3000000000000007,wd
1.078291,0.4045450000000024,0.10268899999999803,0.06187100000000001,star
-0.4469999999999992,-0.384999999999998,0.038000000000000256,0.21899999999999764,wd
0.39000000000000057,0.1960000000000015,0.07199999999999918,-0.02500000000000213,wd
0.9922280000000008,0.29029600000000144,0.16445599999999772,0.06423200000000051,star
-0.06900000000000261,-0.37099999999999866,-0.29799999999999827,-0.3260000000000005,wd
0.10100000000000264,0.02499999999999858,0.2220000000000013,0.34499999999999886,qso
0.3440000000000012,-0.10999999999999943,0.1269999999999989,-0.2270000000000003,qso
0.5869999999999997,-0.0710000000000015,-0.2029999999999994,-0.16000000000000014,wd
1.5902250000000002,0.6827729999999974,0.22323100000000196,0.13127899999999926,star
1.6343150000000009,0.731462999999998,0.3019670000000012,0.1491630000000015,star
0.625,0.15200000000000102,0.04199999999999804,0.04100000000000037,qso
1.2748680000000014,0.4688680000000005,0.13131899999999952,0.05091499999999982,star
0.13299999999999912,0.05100000000000193,0.31299999999999883,0.16199999999999903,qso
0.29199999999999804,0.40500000000000114,0.02400000000000091,0.055999999999997385,qso
-0.11400000000000077,-0.4369999999999976,-0.28100000000000236,-0.2259999999999991,wd
0.23100000000000165,0.19200000000000017,0.009000000000000341,-0.08900000000000219,qso
-0.2380000000000031,-0.4599999999999973,-0.36100000000000065,-0.26099999999999923,wd
0.23899999999999721,-0.26699999999999946,-0.18999999999999773,-0.27500000000000213,wd
0.4869999999999983,-0.05099999999999838,-0.17800000000000082,0.07499999999999929,wd
-0.14700000000000202,-0.34999999999999787,-0.2510000000000012,-0.2220000000000013,wd
-0.19000000000000128,0.31700000000000017,0.11299999999999955,0.02500000000000213,qso
1.8738600000000005,0.7464389999999987,0.3020060000000022,0.11091199999999901,star
1.6808949999999996,0.5372960000000013,0.21471000000000018,0.08521499999999804,star
0.22699999999999676,0.11900000000000333,0.2539999999999978,0.10000000000000142,qso
1.4414750000000005,0.5588680000000004,0.2363180000000007,0.10262700000000002,star
1.360873999999999,0.5282359999999997,0.2159639999999996,0.08719800000000077,star
0.02400000000000091,0.14699999999999847,0.24600000000000222,0.16799999999999926,qso
0.09299999999999997,-0.24399999999999977,-0.13700000000000045,0.21999999999999886,wd
1.0961779999999983,0.39157000000000153,0.14613299999999896,0.020042000000000115,star
1.295288000000001,0.5012159999999994,0.21341700000000152,0.10523399999999938,star
0.03200000000000003,-0.09299999999999997,0.18900000000000006,0.06500000000000128,qso
1.241695,0.43904099999999957,0.12021700000000024,0.06022600000000011,star
0.2729999999999997,-0.2710000000000008,-0.26099999999999923,-0.31700000000000017,wd
1.4875509999999998,0.5517270000000032,0.20528799999999947,0.12006599999999779,star
0.04299999999999926,-0.37299999999999756,-0.30600000000000094,-0.2519999999999989,wd
2.1260360000000027,0.8979979999999976,0.32655600000000007,0.20978400000000086,star
1.0011960000000002,0.34002900000000125,0.12806299999999737,0.03492700000000326,star
0.9883399999999973,0.395544000000001,0.1458420000000018,0.06167999999999907,star
0.3260000000000005,-0.10899999999999821,-0.0940000000000012,-0.01699999999999946,wd
0.593,0.21899999999999764,0.045000000000001705,-0.129999999999999,wd
1.6765730000000012,0.6185479999999988,0.21454899999999988,0.06884400000000035,star
1.2584079999999993,0.46306200000000075,0.197696999999998,0.024418000000000717,star
1.862082000000001,0.8665449999999986,0.30415100000000095,0.18494400000000155,star
1.391413,0.5491399999999995,0.155837,0.056248000000000076,star
1.7644470000000005,0.6637149999999998,0.26159799999999933,0.10646500000000003,star
1.4205989999999993,0.5632680000000008,0.2208919999999992,0.06292700000000018,star
1.2755189999999992,0.4555869999999995,0.16430100000000003,0.07488400000000084,star
0.40600000000000236,-0.28800000000000026,-0.2630000000000017,-0.01699999999999946,wd
0.44200000000000017,-0.20200000000000173,-0.19299999999999784,-0.3760000000000012,wd
0.31899999999999906,-0.0779999999999994,0.10200000000000031,0.0009999999999976694,qso
0.9150220000000004,0.26326999999999856,0.08356600000000114,0.056240999999999985,star
0.9338930000000012,0.29174700000000087,0.11143099999999961,0.055438999999999794,star
1.7118369999999992,0.6639809999999997,0.2262190000000004,0.10398500000000155,star
1.1732280000000017,0.48811999999999856,0.16391400000000012,0.07174499999999995,star
1.0286329999999992,0.36976999999999904,0.09622500000000223,0.05116299999999896,star
0.3810000000000002,-0.08200000000000074,-0.10000000000000142,-0.09699999999999775,wd
-0.015000000000000568,0.15399999999999991,-0.010999999999999233,-0.04800000000000182,qso
0.4059999999999988,0.38200000000000145,0.14999999999999858,-0.0070000000000014495,qso
0.5130000000000017,0.11799999999999855,0.08800000000000097,-0.036999999999999034,qso
0.11200000000000188,-0.022000000000002018,0.18799999999999883,0.06700000000000017,qso
0.27500000000000213,-0.04299999999999926,-0.08800000000000097,-0.4510000000000005,wd
0.5700000000000003,-0.07600000000000051,0.21399999999999864,-0.0990000000000002,qso
0.5299999999999976,0.3260000000000005,0.3620000000000019,0.0519999999999996,qso
1.8790000000000013,0.5210000000000008,0.1039999999999992,0.07900000000000063,qso
0.44599999999999795,-0.19099999999999895,-0.23700000000000188,-0.20599999999999952,wd
1.2123740000000005,0.43882899999999836,0.16342000000000212,0.03941899999999876,star
1.6773620000000022,0.7283419999999978,0.2782940000000025,0.17934199999999834,star
0.4529999999999994,0.008000000000002672,-0.08000000000000185,0.20700000000000074,qso
0.3069999999999986,-0.2240000000000002,-0.028999999999999915,-0.2289999999999992,wd
0.3760000000000012,0.5679999999999978,0.1460000000000008,0.3539999999999992,qso
-0.43100000000000094,-0.5809999999999995,-0.3550000000000004,-0.3509999999999991,wd
0.15200000000000102,-0.33399999999999963,-0.20500000000000185,-0.12599999999999767,wd
0.062000000000001165,0.254999999999999,0.04800000000000182,-0.1180000000000021,qso
-0.012000000000000455,0.12100000000000222,0.4039999999999999,-0.11700000000000088,qso
0.47800000000000153,-0.10400000000000276,0.0990000000000002,-0.08399999999999963,qso
0.3810000000000002,0.1269999999999989,0.5429999999999993,0.5100000000000016,wd
1.2749769999999998,0.4531479999999988,0.11078999999999972,0.09692900000000115,star
0.4039999999999999,0.2840000000000025,0.352999999999998,0.48100000000000165,qso
1.0530280000000012,0.43524400000000085,0.13298599999999894,0.017634999999998513,star
0.4319999999999986,0.09500000000000242,0.2879999999999967,0.02400000000000091,qso
2.5528869999999984,1.1955610000000014,0.5563069999999986,0.34786500000000053,star
1.5735969999999995,0.5724039999999988,0.21363500000000002,0.07768000000000086,star
-0.16000000000000014,-0.3680000000000021,-0.36599999999999966,-0.34299999999999997,wd
0.44099999999999895,-0.09499999999999886,-0.09600000000000009,-0.06899999999999906,wd
0.36599999999999966,-0.24399999999999977,-0.23300000000000054,-0.2510000000000012,wd
1.243699999999997,0.4282980000000016,0.20554500000000075,0.07722699999999882,star
0.46699999999999875,-0.007999999999999119,-0.19000000000000128,-0.2629999999999981,wd
0.43299999999999983,-0.007999999999999119,0.0030000000000001137,-0.038000000000000256,wd
0.49499999999999744,-0.2240000000000002,-0.16499999999999915,-0.23300000000000054,wd
0.1999999999999993,0.24200000000000088,-0.03399999999999892,0.02699999999999747,qso
1.4656090000000006,0.5856340000000007,0.24219599999999986,0.14185499999999962,star
0.17600000000000193,0.07900000000000063,-0.17800000000000082,-0.09799999999999898,qso
1.0233060000000016,0.29578699999999714,0.1273370000000007,0.027359000000000577,star
0.3219999999999992,0.18900000000000006,-0.16300000000000026,0.1980000000000004,qso
2.0674209999999995,0.8103309999999997,0.28188499999999905,0.12938700000000125,star
1.4972649999999987,0.6723140000000001,0.2686880000000009,0.14278799999999947,star
0.2569999999999979,0.14000000000000057,-0.04100000000000037,0.125,qso
0.0920000000000023,0.24499999999999744,0.05000000000000071,-0.0010000000000012221,qso
0.29100000000000037,0.16199999999999903,0.142000000000003,0.2309999999999981,qso
0.31099999999999994,-0.21999999999999886,-0.23000000000000043,-0.3000000000000007,wd
1.677138000000003,0.7333309999999997,0.2810689999999987,0.23729900000000015,star
0.09600000000000009,0.18999999999999773,-0.006999999999997897,-0.08300000000000196,qso
0.7970000000000006,-0.13400000000000034,0.2270000000000003,0.3949999999999996,qso
2.605335,1.1638580000000012,0.4390180000000008,0.23563899999999904,star
2.546398,1.3704440000000027,0.670774999999999,0.3660540000000001,star
2.282751000000001,0.8613540000000022,0.3254649999999977,0.18019500000000122,star
1.5719139999999996,0.6506070000000008,0.26654399999999967,0.08276199999999889,star
-0.11499999999999844,-0.41000000000000014,-0.33000000000000185,-0.20700000000000074,wd
-0.038000000000000256,0.03900000000000148,0.28200000000000003,0.05999999999999872,qso
0.37400000000000233,0.006999999999997897,0.19699999999999918,0.0920000000000023,qso
0.9543920000000021,0.28795200000000065,0.1427669999999992,0.0038909999999994227,star
0.027000000000001023,0.06400000000000006,0.2539999999999978,0.22500000000000142,qso
0.022999999999999687,0.25099999999999767,0.07600000000000051,-0.010999999999999233,qso
1.2034240000000018,0.5430889999999984,0.19413000000000125,0.07768300000000039,star
-0.4539999999999971,-0.5640000000000001,-0.45700000000000074,-0.5040000000000013,wd
0.16399999999999793,0.3240000000000016,0.09199999999999875,0.04299999999999926,qso
0.40199999999999747,-0.36100000000000065,-0.18599999999999994,-0.7749999999999986,wd
0.2129999999999974,0.21100000000000207,-0.03400000000000247,0.20400000000000063,qso
0.05799999999999983,0.15200000000000102,0.09699999999999775,0.1750000000000007,qso
0.03399999999999892,0.03400000000000247,0.2270000000000003,0.07699999999999818,qso
2.7032050000000005,1.1839720000000007,0.48808799999999763,0.25009999999999977,star
1.1682999999999986,0.45644600000000146,0.2227769999999989,-0.07168899999999923,star
0.46000000000000085,0.036999999999999034,-0.03200000000000003,-0.012000000000000455,wd
0.9503609999999973,0.3313350000000028,0.12970799999999727,-0.0027619999999970446,star
0.05600000000000094,0.19399999999999906,0.04800000000000182,0.00999999999999801,qso
2.3051609999999982,0.963906999999999,0.4176650000000013,0.27738700000000094,star
-0.35800000000000054,-0.5019999999999989,-0.3290000000000006,-0.2989999999999995,wd
1.097372,0.4081860000000006,0.1383170000000007,0.07930899999999852,star
0.9273670000000003,0.2850450000000002,0.12670699999999968,0.017113000000001932,star
0.352999999999998,0.04100000000000037,-0.06700000000000017,0.1769999999999996,qso
0.2270000000000003,0.1579999999999977,0.2870000000000026,-0.10400000000000276,qso
0.06799999999999784,-0.03200000000000003,0.18700000000000117,0.06400000000000006,qso
1.0479699999999994,0.3568010000000008,0.15297799999999917,0.024866000000001165,star
1.058796000000001,0.3838249999999981,0.17054800000000014,0.030754000000001724,star
-0.2630000000000017,-0.44099999999999895,-0.33500000000000085,-0.3059999999999974,wd
1.755039,0.7782950000000017,0.18977600000000017,0.1048410000000004,star
2.3994859999999996,0.9958939999999998,0.40216400000000085,0.18261299999999991,star
2.7131539999999994,1.4045710000000007,0.8097729999999981,0.42574300000000065,star
2.264490000000002,1.0062919999999984,0.4420700000000011,0.1823049999999995,star
0.42299999999999827,-0.245000000000001,-0.22199999999999775,-0.3760000000000012,wd
0.3359999999999985,-0.15800000000000125,0.18200000000000216,0.10299999999999798,qso
-0.0779999999999994,-0.4200000000000017,-0.2779999999999987,0.03900000000000148,wd
0.3379999999999974,-0.2079999999999984,-0.17099999999999937,-0.054000000000002046,wd
1.591470000000001,0.6243119999999998,0.2604140000000008,0.1405619999999992,star
1.3393419999999985,0.48869700000000194,0.18173999999999957,0.08835599999999921,star
0.7220000000000013,0.004000000000001336,0.23999999999999844,0.7049999999999983,wd
0.0,-0.0009999999999976694,0.30299999999999727,-0.028999999999999915,qso
0.4259999999999984,0.5990000000000002,0.8790000000000013,0.3609999999999971,wd
0.3180000000000014,0.013000000000001677,-0.10700000000000287,-0.20399999999999707,wd
0.41499999999999915,-0.1479999999999997,-0.19500000000000028,-0.23900000000000077,wd
0.375,0.07400000000000162,-0.03300000000000125,-0.08800000000000097,wd
1.0590880000000027,0.35099599999999853,0.10022499999999823,0.05060800000000043,star
0.3670000000000009,0.04999999999999716,0.684000000000001,0.6509999999999998,wd
0.45700000000000074,0.07499999999999929,0.2170000000000023,-0.054000000000002046,qso
2.5140290000000007,1.1905149999999978,0.4348890000000001,0.23613000000000106,star
0.05900000000000105,0.13299999999999912,0.20000000000000284,0.12399999999999878,qso
0.4230000000000018,-0.16000000000000014,-0.1769999999999996,-0.02500000000000213,wd
0.9919360000000026,0.30239699999999914,0.11418199999999956,0.02199700000000071,star
1.746303000000001,0.7468699999999977,0.25116900000000086,0.10437200000000146,star
0.6720000000000006,0.379999999999999,0.22500000000000142,0.2889999999999979,qso
0.38899999999999935,-0.06400000000000006,-0.045000000000001705,-0.2629999999999981,wd
0.11700000000000088,0.038999999999997925,0.22100000000000009,0.05800000000000338,qso
0.16999999999999815,0.10600000000000165,0.30799999999999983,0.0470000000000006,qso
-0.3739999999999988,-0.5019999999999989,-0.39000000000000057,-0.2950000000000017,wd
0.6970000000000027,0.690999999999999,0.4740000000000002,0.5670000000000002,qso
-0.05799999999999983,-0.240000000000002,-0.19599999999999795,-0.245000000000001,wd
0.23600000000000065,-0.15899999999999892,-0.06099999999999994,-0.13500000000000156,wd
1.061041000000003,0.3685399999999994,0.12139599999999895,0.05788899999999941,star
1.2661160000000002,0.42634299999999925,0.21143400000000057,0.048024999999999096,star
0.3210000000000015,-0.25,-0.254999999999999,-0.2469999999999999,wd
0.8726960000000012,0.295577999999999,0.10240900000000153,0.04061700000000101,star
0.2530000000000001,0.20200000000000173,0.22999999999999687,0.04400000000000048,qso
-0.22800000000000153,-0.46000000000000085,-0.31400000000000006,-0.4629999999999974,wd
1.1826849999999993,0.3358249999999998,0.13142799999999966,0.0626490000000004,star
0.33200000000000074,-0.2530000000000001,-0.23900000000000077,-0.31200000000000117,wd
0.3009999999999984,0.06500000000000128,-0.004999999999999005,-0.06599999999999895,wd
0.44700000000000273,-0.03900000000000148,-0.14300000000000068,-0.15499999999999758,wd
0.2530000000000001,0.2699999999999996,0.02400000000000091,0.1960000000000015,qso
1.613422,0.6460909999999984,0.2092799999999997,0.11381599999999992,star
0.3910000000000018,0.10299999999999798,0.23199999999999932,0.010000000000001563,qso
0.14000000000000057,0.036999999999999034,0.24200000000000088,-0.00999999999999801,qso
-0.06099999999999994,0.24200000000000088,0.07199999999999918,-0.12900000000000134,qso
-0.12599999999999767,-0.26000000000000156,-0.2839999999999989,0.03399999999999892,wd
1.0116429999999994,0.40020700000000176,0.2418409999999973,-0.0018390000000003681,star
0.32500000000000284,-0.14500000000000313,-0.1869999999999976,-0.20400000000000063,wd
1.3921620000000026,0.5257619999999985,0.16890600000000155,0.037960999999999245,star
0.39099999999999824,0.004999999999999005,0.21300000000000097,0.053999999999998494,qso
-0.045999999999999375,0.038000000000000256,0.28699999999999903,-0.053999999999998494,qso
0.41600000000000037,0.08800000000000097,-0.01699999999999946,-0.10999999999999943,wd
1.4980050000000027,0.5445569999999975,0.18594799999999978,0.09707200000000071,star
0.13000000000000256,-0.11299999999999955,-0.12199999999999989,-0.47600000000000264,wd
2.600366000000001,1.3319609999999997,0.592807999999998,0.33465000000000167,star
0.26000000000000156,0.5850000000000009,0.7439999999999998,0.4989999999999988,wd
0.1280000000000001,0.01799999999999713,0.2920000000000016,-0.03999999999999915,qso
0.28600000000000136,-0.14000000000000057,-0.18599999999999994,-0.2430000000000021,wd
-0.1720000000000006,0.3680000000000021,-0.01600000000000179,0.006000000000000227,qso
0.2660000000000018,-0.22000000000000242,0.20400000000000063,0.3960000000000008,wd
0.36999999999999744,0.4090000000000025,0.15199999999999747,0.16600000000000037,qso
0.37900000000000134,-0.21799999999999997,-0.2029999999999994,-0.2959999999999994,wd
0.2809999999999988,0.13000000000000256,0.07699999999999818,0.16600000000000037,qso
1.3978059999999992,0.557106000000001,0.15886899999999926,0.10661400000000043,star
0.2789999999999999,-0.027999999999998693,0.17599999999999838,0.17300000000000182,qso
0.20899999999999963,-0.25,-0.2920000000000016,-0.28999999999999915,wd
0.254999999999999,0.24200000000000088,0.20599999999999952,-0.027000000000001023,qso
2.067875000000001,0.8091080000000002,0.27444500000000005,0.13191800000000065,star
0.1789999999999985,-0.36599999999999966,-0.19099999999999895,-0.30600000000000094,wd
0.16999999999999815,0.11200000000000188,0.14099999999999824,0.18500000000000227,qso
0.3269999999999982,-0.19299999999999784,-0.20900000000000318,-0.010999999999999233,wd
1.1170930000000006,0.3872370000000007,0.17029899999999998,0.016970999999999847,star
1.028186999999999,0.4109170000000013,0.10632000000000019,0.02683399999999736,star
0.2619999999999969,0.11900000000000333,0.0849999999999973,0.1509999999999998,qso
0.29299999999999926,0.30900000000000105,0.6720000000000006,0.5339999999999989,wd
0.12899999999999778,0.26699999999999946,0.027000000000001023,0.3670000000000009,qso
0.3210000000000015,-0.28600000000000136,-0.2630000000000017,-0.21899999999999764,wd
1.3136639999999993,0.4983080000000015,0.1813369999999992,0.049367999999997636,star
0.2510000000000012,-0.10100000000000264,-0.0799999999999983,-0.1739999999999995,wd
0.19500000000000028,-0.39699999999999847,-0.1999999999999993,-0.2940000000000005,wd
2.252131000000002,1.0318909999999981,0.4058640000000011,0.23681099999999944,star
0.9693380000000023,0.34879899999999964,0.1590209999999992,0.023350000000000648,star
0.054000000000002046,0.09399999999999764,0.15900000000000247,0.21499999999999986,qso
0.21899999999999764,0.48400000000000176,0.14699999999999847,0.07499999999999929,qso
0.08799999999999741,0.19900000000000162,0.054999999999999716,-0.038000000000000256,qso
0.18100000000000094,0.2579999999999991,-0.12099999999999866,0.08699999999999974,qso
2.0320680000000024,0.7617139999999996,0.23324799999999968,0.10524500000000003,star
1.1102690000000024,0.3879029999999979,0.15052999999999983,0.01181100000000157,star
1.111350999999999,0.36791399999999896,0.15271399999999957,0.034427000000000874,star
0.49599999999999866,0.8520000000000003,0.3470000000000013,0.666999999999998,qso
1.2774629999999974,0.38902000000000214,0.230872999999999,-0.04928699999999964,star
0.13100000000000023,0.07200000000000273,0.045999999999999375,-0.028000000000002245,qso
0.4430000000000014,-0.045000000000001705,0.0870000000000033,-0.08999999999999986,qso
0.4710000000000001,0.21999999999999886,0.053000000000000824,0.2809999999999988,qso
1.4020200000000003,0.5099310000000017,0.20206099999999694,0.03825700000000154,star
0.6370000000000005,0.21499999999999986,0.07900000000000063,0.018000000000000682,wd
1.1201669999999986,0.5002960000000023,0.13635400000000075,0.021083999999998326,star
0.375,-0.0259999999999998,-0.045999999999999375,-0.1750000000000007,wd
0.26200000000000045,0.08399999999999963,0.20400000000000063,0.054000000000002046,qso
2.111687,0.8200849999999988,0.277215,0.15320299999999953,star
1.089767000000002,0.36950299999999814,0.12540500000000065,0.030895000000001005,star
-0.08300000000000196,-0.1739999999999995,-0.2240000000000002,0.21499999999999986,wd
0.08200000000000074,-0.013999999999999346,0.31899999999999906,-0.07400000000000162,qso
1.0815929999999998,0.3648340000000001,0.13850099999999976,0.040148999999999546,star
1.3421650000000014,0.45741100000000046,0.22479199999999722,0.16351400000000282,star
0.11899999999999977,0.35999999999999943,-0.019999999999999574,0.6799999999999997,qso
0.1529999999999987,-0.018000000000000682,0.15200000000000102,-0.10899999999999821,qso
0.4529999999999994,-0.22500000000000142,-0.2079999999999984,-0.245000000000001,wd
1.1724569999999996,0.383382000000001,0.09331099999999992,0.06502699999999884,star
0.10000000000000142,0.19399999999999906,-0.038000000000000256,0.005000000000002558,qso
0.019000000000001904,0.2240000000000002,-0.1490000000000009,-0.0259999999999998,qso
-0.08599999999999852,0.19299999999999784,0.13200000000000145,0.7040000000000006,qso
0.015000000000000568,-0.37400000000000233,-0.28500000000000014,-0.19399999999999906,wd
0.0920000000000023,0.31899999999999906,0.03399999999999892,-0.10699999999999932,qso
0.4819999999999993,-0.22100000000000009,-0.16900000000000048,-0.23499999999999943,wd
1.1767849999999989,0.5146939999999987,0.18668300000000215,0.10616899999999774,star
0.3069999999999986,-0.24499999999999744,-0.23700000000000188,-0.06299999999999883,wd
0.272000000000002,-0.29900000000000304,-0.264999999999997,-0.19000000000000128,wd
1.2524170000000012,0.4872360000000011,0.17151999999999923,0.07916099999999915,star
-0.07499999999999929,-0.23199999999999932,-0.23000000000000043,-0.28200000000000003,wd
1.2631340000000009,0.5251179999999991,0.10191300000000325,0.07967299999999788,star
-0.28300000000000125,-0.472999999999999,-0.33899999999999864,-0.27800000000000225,wd
1.1898610000000005,0.4191869999999991,0.11611000000000082,0.056381000000000014,star
1.2573110000000014,0.3658619999999999,0.17885000000000062,0.04470999999999847,star
1.0649619999999977,0.4866349999999997,0.22862500000000097,0.042348000000000496,star
0.23699999999999832,0.08800000000000097,0.19099999999999895,-0.14199999999999946,qso
2.314421999999997,0.844845000000003,0.3589330000000004,0.11327899999999858,star
0.5889999999999986,0.006000000000000227,-0.1720000000000006,-0.31799999999999784,wd
0.9639170000000021,0.3912370000000003,0.07277699999999854,0.0040300000000002,star
0.4269999999999996,0.006000000000000227,-0.06400000000000006,-0.11299999999999955,wd
0.18599999999999994,0.013999999999999346,0.23600000000000065,-0.07699999999999818,qso
0.43700000000000117,0.06800000000000139,-0.0030000000000001137,0.24299999999999855,wd
1.4614010000000022,0.5256479999999986,0.24545800000000106,0.06049799999999905,star
0.9737800000000014,0.252875999999997,0.10167700000000224,0.0010620000000010066,star
0.3940000000000019,-0.062000000000001165,-0.05000000000000071,0.18299999999999983,wd
0.3609999999999971,0.6620000000000026,0.28999999999999915,0.4280000000000008,qso
0.35599999999999987,-0.2629999999999999,-0.23000000000000043,-0.2699999999999996,wd
1.2222810000000024,0.22708499999999887,0.1304780000000001,0.05145399999999967,star
-0.03500000000000014,-0.2680000000000007,-0.25700000000000145,-0.384999999999998,wd
-0.13800000000000168,-0.39899999999999736,-0.3200000000000003,-0.3249999999999993,wd
1.0188430000000004,0.20453399999999888,0.08360399999999935,-0.011175999999998965,star
0.26000000000000156,0.16199999999999903,0.33200000000000074,0.01899999999999835,qso
0.36100000000000065,0.05099999999999838,0.10600000000000165,0.2530000000000001,qso
0.49599999999999866,0.23900000000000077,0.3269999999999982,0.012000000000000455,qso
0.397000000000002,-0.11400000000000077,0.2339999999999982,-0.0799999999999983,qso
-0.5200000000000031,-0.5279999999999987,-0.3569999999999993,-0.3309999999999995,wd
0.35400000000000276,-0.11100000000000065,-0.2680000000000007,-0.379999999999999,wd
1.1532459999999993,0.4824400000000004,0.2552330000000005,0.11317299999999975,star
0.28000000000000114,-0.2579999999999991,-0.2900000000000027,-0.232999999999997,wd
1.1430760000000006,0.4678969999999989,0.15652199999999894,0.05230900000000105,star
1.1162090000000013,-0.10404000000000124,-0.08282299999999765,-0.09154499999999999,star
1.3418439999999983,0.45977400000000124,0.1855949999999993,0.06274900000000017,star
0.26799999999999713,0.11700000000000088,0.11500000000000199,-0.0470000000000006,qso
0.31299999999999883,-0.2240000000000002,-0.254999999999999,-0.2510000000000012,wd
0.33100000000000307,-0.18500000000000227,-0.3290000000000006,-0.007999999999999119,wd
0.9501519999999992,0.2338470000000008,0.14856400000000036,0.06820899999999952,star
0.4980000000000011,0.10099999999999909,-0.11799999999999855,0.2519999999999989,qso
1.792266999999999,0.6609400000000001,0.20056800000000052,0.08201299999999989,star
0.3670000000000009,-0.254999999999999,-0.2840000000000025,-0.12399999999999878,wd
0.10000000000000142,0.0,0.18299999999999983,-0.010999999999999233,qso
1.8386180000000003,0.7590059999999994,0.2674650000000014,0.12969000000000008,star
0.14699999999999847,0.1960000000000015,-0.05000000000000071,-0.07900000000000063,qso
1.6835570000000004,0.697341999999999,0.22313600000000022,0.13540099999999988,star
0.43400000000000105,-0.1930000000000014,-0.17099999999999937,-0.28500000000000014,wd
0.019999999999999574,-0.1750000000000007,-0.402000000000001,-0.36599999999999966,wd
0.27199999999999847,0.15600000000000236,0.254999999999999,-0.054999999999999716,qso
0.21499999999999986,0.3420000000000023,-0.07600000000000051,0.010999999999999233,qso
-0.038000000000000256,-0.3689999999999998,-0.3979999999999997,0.045999999999999375,wd
-0.010999999999999233,0.3030000000000008,0.1559999999999988,0.027000000000001023,qso
0.532,-0.1479999999999997,-0.19900000000000162,-0.2289999999999992,wd
1.0621800000000015,0.3913530000000005,0.15542199999999973,0.002494999999999692,star
-0.07400000000000162,-0.29100000000000037,-0.21199999999999974,-0.09799999999999898,wd
1.233550000000001,-0.21563599999999994,-0.14273299999999978,-0.05777700000000152,star
0.029999999999997584,0.038000000000000256,0.053000000000000824,-0.12399999999999878,qso
0.06300000000000239,-0.3230000000000004,-0.22600000000000264,0.240000000000002,wd
0.8219260000000013,0.20575900000000047,0.08000399999999885,-0.008452000000001902,star
0.12900000000000134,-0.0400000000000027,-0.10099999999999909,0.04200000000000159,qso
0.1680000000000028,0.09199999999999875,0.23799999999999955,0.062000000000001165,qso
2.414503,1.1635009999999983,0.4661730000000013,0.25166799999999867,star
2.5115909999999992,1.2289619999999992,0.5150260000000024,0.31722499999999876,star
1.223004999999997,0.533768000000002,0.23261499999999913,0.07489699999999999,star
1.705921,0.7346840000000014,0.25679799999999986,0.12792400000000015,star
0.2129999999999974,0.3100000000000023,0.2289999999999992,-0.004000000000001336,qso
0.08800000000000097,0.030000000000001137,0.1980000000000004,0.013999999999999346,qso
-0.038000000000000256,0.23300000000000054,0.11799999999999855,0.5660000000000025,qso
1.7952660000000016,0.6931189999999994,0.2193979999999982,0.16357999999999961,star
1.3711020000000005,0.5185320000000004,0.1907059999999987,0.09073600000000148,star
0.23300000000000054,0.1479999999999997,0.3329999999999984,-0.07299999999999685,qso
0.027000000000001023,-0.33999999999999986,-0.23199999999999932,-0.11299999999999955,wd
-0.02699999999999747,-0.402000000000001,-0.27199999999999847,-0.21499999999999986,wd
0.24399999999999977,0.21799999999999997,0.012000000000000455,-0.13299999999999912,qso
0.23799999999999955,0.05799999999999983,-0.036999999999999034,-0.16400000000000148,wd
0.19400000000000261,0.29100000000000037,-0.028999999999999915,0.07299999999999685,qso
1.5997790000000016,0.6354409999999966,0.24719400000000036,0.1159610000000022,star
-0.009000000000000341,0.19000000000000128,-0.02400000000000091,-0.17299999999999827,qso
0.25500000000000256,0.1529999999999987,0.1490000000000009,-0.11899999999999977,qso
0.4059999999999988,0.0010000000000012221,-0.05000000000000071,0.14999999999999858,qso
1.6642730000000014,0.6776289999999996,0.27173299999999756,0.12343600000000166,star
1.0494309999999984,0.29974599999999896,0.17255500000000268,-0.04412400000000005,star
0.29999999999999716,-0.05799999999999983,-0.17299999999999827,-0.23000000000000043,wd
0.26500000000000057,0.38700000000000045,0.42799999999999727,0.33399999999999963,qso
1.206754,0.46779300000000035,0.1364289999999997,0.034784000000001924,star
1.6134470000000007,0.6756609999999981,0.2619959999999999,0.18111400000000089,star
1.5366540000000022,0.5956200000000003,0.20495399999999897,0.0989690000000003,star
0.9653510000000018,0.3764479999999981,0.0797680000000014,0.054047999999999874,star
0.360000000000003,-0.24400000000000333,-0.09399999999999764,0.053000000000000824,wd
0.01600000000000179,0.18799999999999883,0.013000000000001677,0.3520000000000003,qso
0.31099999999999994,0.37700000000000244,0.17799999999999727,0.07700000000000173,qso
0.46499999999999986,-0.05799999999999983,-0.1460000000000008,-0.1789999999999985,wd
0.053000000000000824,0.08800000000000097,0.020999999999997243,0.21600000000000108,qso
1.2866420000000005,0.5480209999999985,0.18193600000000032,0.07028799999999791,star
0.045000000000001705,0.12299999999999756,0.07800000000000296,-0.11200000000000188,qso
2.037988000000002,0.8063280000000006,0.3095819999999989,0.13815100000000058,star
0.41699999999999804,-0.038000000000000256,0.004999999999999005,-0.26099999999999923,wd
0.4759999999999991,-0.3410000000000011,-0.1750000000000007,-0.28500000000000014,wd
1.298096000000001,0.5481619999999978,0.1529910000000001,0.12640500000000188,star
0.9997669999999985,0.3704169999999998,0.13464100000000023,0.0799430000000001,star
0.26599999999999824,0.19099999999999895,0.03400000000000247,0.19500000000000028,qso
0.5569999999999986,0.38700000000000045,0.21799999999999997,0.3160000000000025,qso
0.5070000000000014,-0.1700000000000017,-0.18700000000000117,-0.21399999999999864,wd
2.245049999999999,0.9832340000000013,0.37079400000000007,0.17463500000000032,star
0.36599999999999966,0.6469999999999985,0.2940000000000005,0.38300000000000267,qso
1.4771119999999982,0.619251000000002,0.2390309999999971,0.14825000000000088,star
1.098312,0.426480999999999,0.2392070000000004,0.059170999999999196,star
0.9400000000000013,0.3500000000000014,0.29299999999999926,0.2740000000000009,qso
0.5459999999999994,-0.1410000000000018,0.14700000000000202,-0.03500000000000014,qso
0.29499999999999815,-0.0470000000000006,-0.07899999999999707,-0.12300000000000111,wd
0.3240000000000016,0.24099999999999966,0.41600000000000037,0.08899999999999864,qso
0.08199999999999719,0.15900000000000247,-0.04800000000000182,0.0710000000000015,qso
1.3670009999999984,0.5576229999999995,0.1812819999999995,0.12219400000000036,star
1.63401,0.6492769999999979,0.2184980000000003,0.1328010000000006,star
0.015000000000000568,0.23700000000000188,-0.0020000000000024443,0.11000000000000298,qso
1.957491000000001,0.709346,0.19513599999999975,0.07524200000000114,star
0.986584999999998,0.3850440000000006,0.16927599999999998,0.071356999999999,star
0.07299999999999685,0.16300000000000026,-0.08099999999999952,-0.11700000000000088,qso
0.9490049999999997,0.31880800000000065,0.09496299999999991,0.019383999999998736,star
2.358115999999999,1.3758300000000006,0.9612990000000003,0.5667449999999992,star
2.048448999999998,0.7777540000000016,0.24925099999999922,0.13925899999999913,star
1.2868999999999993,0.5513589999999979,0.25701500000000266,0.1375719999999987,star
1.5703600000000009,0.6104199999999977,0.22880699999999976,0.07677100000000081,star
0.1880000000000024,0.012999999999998124,-0.10200000000000031,-0.2079999999999984,wd
-0.12400000000000233,-0.41199999999999903,-0.3619999999999983,-0.1479999999999997,wd
1.6982409999999994,0.6680449999999993,0.28533700000000195,0.09057100000000062,star
1.5222869999999986,0.557463000000002,0.1708369999999988,0.0744150000000019,star
0.03400000000000247,-0.18700000000000117,-0.1980000000000004,-0.46399999999999864,wd
0.21300000000000097,0.23900000000000077,0.38599999999999923,0.030999999999998806,qso
-0.36599999999999966,-0.504999999999999,-0.3299999999999983,-0.03900000000000148,wd
0.2690000000000019,-0.0990000000000002,-0.2759999999999998,-0.022999999999999687,wd
0.28300000000000125,0.013999999999999346,-0.06899999999999906,-0.17600000000000193,wd
0.12399999999999878,-0.12199999999999989,-0.16799999999999926,-0.18799999999999883,wd
-0.03999999999999915,-0.08200000000000074,0.267000000000003,-0.04800000000000182,qso
0.536999999999999,0.16600000000000037,0.0730000000000004,0.12600000000000122,qso
-0.08300000000000196,-0.1529999999999987,0.402000000000001,0.6679999999999993,wd
-0.16900000000000048,0.038000000000000256,0.2170000000000023,0.3009999999999984,wd
1.2399370000000012,0.4184589999999986,0.13364200000000181,0.11929699999999954,star
0.04899999999999949,-0.3119999999999976,-0.2530000000000001,-0.3780000000000001,wd
-0.10300000000000153,0.4510000000000005,0.08200000000000074,0.003999999999997783,qso
0.41499999999999915,-0.046999999999997044,-0.021000000000000796,0.32099999999999795,qso
0.2309999999999981,-0.2839999999999989,-0.27199999999999847,-0.31099999999999994,wd
0.3150000000000013,0.3810000000000002,0.08800000000000097,-0.028999999999999915,qso
0.4920000000000009,0.0030000000000001137,-0.018000000000000682,0.08899999999999864,qso
0.33800000000000097,0.33200000000000074,-0.013000000000001677,0.1980000000000004,qso
1.3843099999999993,0.5387209999999989,0.19782600000000272,0.12053099999999795,star
-0.26500000000000057,-0.4770000000000003,-0.3410000000000011,-0.3009999999999984,wd
1.1423240000000021,0.3340299999999985,0.17134300000000025,0.02770100000000042,star
1.3465759999999989,0.5192210000000017,0.17810599999999965,0.11952799999999897,star
1.1126159999999992,0.1555359999999979,0.13482700000000136,0.04174199999999928,star
0.013999999999999346,-0.379999999999999,-0.29100000000000037,-0.28699999999999903,wd
1.1676590000000004,0.5127279999999992,0.18009600000000248,0.0765679999999982,star
2.2463179999999987,0.9429189999999998,0.30575500000000133,0.08321699999999943,star
-0.03999999999999915,-0.2920000000000016,-0.18900000000000006,-0.3460000000000001,wd
-0.15700000000000003,-0.30299999999999727,-0.2530000000000001,-0.26699999999999946,wd
0.41499999999999915,-0.038000000000000256,-0.10200000000000031,-0.1529999999999987,wd
-0.36400000000000077,-0.46300000000000097,-0.36499999999999844,-0.3210000000000015,wd
1.286911,0.46573199999999915,0.19694499999999948,0.08451300000000117,star
0.15899999999999892,0.7090000000000032,0.6119999999999983,0.3769999999999989,wd
2.6949049999999986,1.3530960000000007,0.5704969999999996,0.3067250000000019,star
0.3500000000000014,0.09299999999999997,0.2759999999999998,-0.019999999999999574,qso
2.7592050000000015,1.3305059999999997,0.509779,0.3228270000000002,star
0.45899999999999963,0.5150000000000006,0.06499999999999773,0.21000000000000085,qso
0.7629999999999981,0.8070000000000022,1.131999999999998,0.6920000000000002,wd
0.2989999999999995,0.6340000000000003,0.35300000000000153,0.047999999999998266,qso
1.211466999999999,0.42416000000000054,0.1382809999999992,0.0023330000000001405,star
1.1281149999999975,0.4460240000000013,0.16836899999999844,0.07898400000000194,star
-0.10699999999999932,0.16499999999999915,0.054999999999999716,-0.2829999999999977,qso
2.590890999999999,1.174151000000002,0.4488639999999968,0.26854700000000165,star
0.19399999999999906,0.09799999999999898,0.17600000000000193,0.21499999999999986,qso
0.26500000000000057,-0.3100000000000023,-0.2530000000000001,-0.40700000000000003,wd
0.0990000000000002,-0.2480000000000011,-0.21399999999999864,-0.028000000000002245,wd
0.34999999999999787,0.2660000000000018,0.3999999999999986,0.10200000000000031,qso
0.8775320000000022,0.3017339999999997,0.05118999999999829,0.055621999999999616,star
0.11500000000000199,0.038000000000000256,0.2519999999999989,0.14300000000000068,qso
1.6179999999999986,0.9609999999999985,0.6620000000000026,0.25,qso
0.4640000000000022,-0.2150000000000034,-0.22199999999999775,-0.21100000000000207,wd
0.15900000000000247,0.05799999999999983,-0.25200000000000244,0.1410000000000018,qso
2.3543589999999988,0.8784060000000018,0.2907049999999991,0.14255200000000023,star
0.3829999999999991,0.0779999999999994,-0.010999999999999233,0.07000000000000028,wd
0.565999999999999,0.26699999999999946,0.35300000000000153,0.2519999999999989,qso
-0.21699999999999875,-0.13599999999999923,-0.15300000000000225,-0.12599999999999767,wd
0.6170000000000009,0.5390000000000015,0.11899999999999977,0.12599999999999767,qso
-0.0030000000000001137,-0.22000000000000242,-0.17599999999999838,-0.26899999999999835,wd
0.3160000000000025,0.259999999999998,0.3180000000000014,0.0329999999999977,qso
-0.03500000000000014,0.030000000000001137,-0.027999999999998693,0.565999999999999,qso
1.5895960000000002,0.5980639999999973,0.25842500000000257,0.06750100000000003,star
0.006999999999997897,-0.2560000000000002,-0.19599999999999795,-0.0710000000000015,wd
1.6523739999999982,0.5706060000000015,0.25287799999999905,0.10969599999999957,star
1.1767459999999978,0.46716900000000017,0.13092800000000082,0.07050899999999949,star
1.9233699999999985,0.832063999999999,0.2895280000000007,0.14698399999999978,star
-0.02499999999999858,0.24099999999999966,0.04299999999999926,0.007999999999999119,qso
2.4505690000000016,1.0820539999999994,0.3978180000000009,0.22853999999999886,star
0.3390000000000022,-0.004000000000001336,0.2270000000000003,0.1999999999999993,qso
1.2359270000000002,0.49168399999999934,0.213198000000002,0.11405900000000102,star
0.3839999999999968,-0.006999999999997897,0.39099999999999824,-0.004999999999999005,qso
2.252277999999997,0.9335000000000022,0.3029719999999987,0.32506599999999963,star
-0.06700000000000017,-0.2699999999999996,-0.2510000000000012,-0.19299999999999784,wd
1.2273309999999995,0.4699290000000005,0.15805300000000067,-0.0016049999999996345,star
1.0585859999999983,0.45436400000000177,0.20507500000000078,0.06771299999999769,star
0.4220000000000006,-0.12099999999999866,-0.10100000000000264,-0.3409999999999975,wd
0.10499999999999687,0.11500000000000199,0.3049999999999997,0.11799999999999855,qso
-0.5190000000000001,-0.5229999999999997,-0.386000000000001,-0.34299999999999997,wd
0.11700000000000088,0.2740000000000009,0.018000000000000682,-0.07400000000000162,qso
0.5460000000000029,-0.20200000000000173,-0.21600000000000108,-0.24499999999999744,wd
1.19163,0.5084279999999985,0.19230300000000256,0.09852000000000061,star
0.1039999999999992,0.2630000000000017,0.0259999999999998,-0.06500000000000128,qso
0.10800000000000054,0.16600000000000037,-0.03399999999999892,-0.11600000000000321,qso
-0.045999999999999375,-0.3780000000000001,-0.30799999999999983,-0.2729999999999997,wd
1.5187910000000002,0.5456950000000003,0.1996539999999989,0.06421900000000136,star
-0.1280000000000001,-0.41100000000000136,-0.2839999999999989,-0.47300000000000253,wd
1.1146640000000012,0.4642040000000005,0.10038199999999975,0.007965999999999696,star
0.4239999999999995,-0.022000000000002018,0.0990000000000002,-0.2809999999999988,qso
0.29900000000000304,0.19899999999999807,0.2029999999999994,0.13700000000000045,qso
0.12199999999999989,-0.03200000000000003,0.4519999999999982,0.4620000000000033,wd
0.21199999999999974,-0.0710000000000015,0.08500000000000085,-0.03900000000000148,qso
1.1752300000000027,0.44794699999999743,0.15512200000000043,0.029374000000000677,star
0.38700000000000045,0.17599999999999838,0.009000000000000341,-0.045999999999999375,wd
0.43599999999999994,-0.13899999999999935,-0.1930000000000014,-0.23900000000000077,wd
2.446674999999999,1.0377919999999996,0.39373600000000053,0.19099099999999858,star
-0.08899999999999864,-0.26000000000000156,-0.26799999999999713,0.09099999999999753,wd
0.9029389999999999,0.24025900000000178,0.11732299999999896,0.015298999999998841,star
0.3440000000000012,-0.22100000000000009,-0.13100000000000023,-0.13700000000000045,wd
1.8536010000000012,0.7167189999999977,0.32353800000000277,0.05052699999999888,star
-0.3689999999999998,-0.472999999999999,-0.27300000000000324,-0.28999999999999915,wd
0.3309999999999995,0.030999999999998806,-0.053999999999998494,-0.254999999999999,wd
1.456275999999999,0.6061019999999999,0.23547199999999968,0.1752640000000003,star
1.0991689999999998,0.48619799999999813,0.22733200000000053,0.10472800000000149,star
1.425609999999999,0.6123499999999993,0.33813900000000174,-0.09370099999999937,star
1.037240999999998,0.36320200000000114,0.13191299999999906,-0.004811000000000121,star
-0.07499999999999929,-0.062000000000001165,0.20200000000000173,0.129999999999999,qso
0.9823410000000017,0.34675999999999974,0.11376399999999975,0.05922899999999842,star
0.588000000000001,0.5809999999999995,0.12899999999999778,0.10400000000000276,qso
-0.20900000000000318,-0.35199999999999676,-0.15399999999999991,-0.4250000000000007,wd
0.4400000000000013,0.259999999999998,-0.013999999999999346,0.11799999999999855,qso
0.054999999999999716,0.053999999999998494,0.3340000000000032,-0.2190000000000012,qso
1.6010549999999988,0.612289999999998,0.28020700000000076,0.12704199999999943,star
0.30600000000000094,0.24099999999999966,0.01899999999999835,0.12300000000000111,qso
0.2510000000000012,0.12199999999999989,0.2359999999999971,0.15200000000000102,qso
-0.44400000000000084,-0.5240000000000009,-0.32399999999999807,-0.33899999999999864,wd
0.1739999999999995,0.365000000000002,0.0329999999999977,-0.06400000000000006,qso
0.5229999999999997,0.33399999999999963,0.28800000000000026,0.04100000000000037,qso
0.3860000000000028,0.4089999999999989,0.13400000000000034,-0.05000000000000071,qso
0.26699999999999946,0.09699999999999775,0.23499999999999943,0.052000000000003155,qso
0.28200000000000003,-0.1750000000000007,-0.11500000000000199,-0.30799999999999983,wd
0.3260000000000005,-0.11499999999999844,0.046999999999997044,-0.01699999999999946,qso
0.22500000000000142,0.14399999999999835,0.2469999999999999,-0.05799999999999983,qso
0.2480000000000011,0.16499999999999915,-0.03200000000000003,0.2510000000000012,qso
0.36499999999999844,-0.003999999999997783,0.21699999999999875,-0.05099999999999838,qso
2.3165929999999975,0.9278870000000019,0.36348899999999773,0.14365300000000225,star
0.2240000000000002,0.05999999999999872,0.22800000000000153,-0.027000000000001023,qso
-0.1180000000000021,-0.28999999999999915,-0.25700000000000145,-0.2629999999999981,wd
2.384867,0.9826010000000007,0.3459179999999993,0.1640150000000009,star
2.4103359999999974,1.0739040000000024,0.40626100000000065,0.20242199999999855,star
0.0030000000000001137,-0.4029999999999987,-0.30799999999999983,-0.12400000000000233,wd
-0.13600000000000279,-0.36999999999999744,-0.2989999999999995,-0.41600000000000037,wd
0.022000000000002018,-0.2930000000000028,-0.3739999999999988,-0.21000000000000085,wd
1.846143999999999,0.7781599999999997,0.2830520000000014,0.12580300000000122,star
1.8652969999999982,0.6370660000000008,0.19328499999999948,0.1426140000000018,star
0.5459999999999994,0.24499999999999744,0.02500000000000213,0.09999999999999787,qso
1.355087000000001,0.5665309999999995,0.2201620000000002,0.05686599999999942,star
0.17300000000000182,0.04499999999999815,0.15200000000000102,0.129999999999999,qso
0.21499999999999986,-0.2940000000000005,-0.2530000000000001,-0.2680000000000007,wd
0.21300000000000097,-0.3949999999999996,-0.2240000000000002,-0.1739999999999995,wd
1.5443929999999995,0.6246679999999998,0.22091500000000153,0.1900460000000006,star
0.5100000000000016,0.18799999999999883,0.06700000000000017,0.1720000000000006,qso
2.2586000000000013,0.9664749999999991,0.3632640000000009,0.19741199999999992,star
0.08699999999999974,-0.4369999999999976,-0.2940000000000005,-0.3099999999999987,wd
0.2959999999999994,0.2699999999999996,0.04299999999999926,-0.019999999999999574,qso
0.35999999999999943,0.054999999999999716,-0.18900000000000006,-0.021000000000000796,wd
1.6280420000000007,0.5963949999999976,0.2496360000000024,0.09098599999999735,star
0.12399999999999878,0.037000000000002586,0.3089999999999975,0.01600000000000179,qso
0.3390000000000022,0.06199999999999761,-0.14199999999999946,0.16199999999999903,qso
2.6757869999999997,1.385866,0.6678330000000017,0.36655199999999866,star
0.2759999999999998,0.1960000000000015,0.43799999999999883,-0.1269999999999989,qso
0.17300000000000182,0.22199999999999775,0.004999999999999005,-0.08599999999999852,qso
0.22800000000000153,-0.28999999999999915,-0.2710000000000008,-0.3290000000000006,wd
0.43200000000000216,0.11799999999999855,-0.03999999999999915,-0.12099999999999866,wd
0.5549999999999997,0.33899999999999864,0.3420000000000023,0.1109999999999971,qso
1.1013529999999996,0.3586369999999981,0.15841100000000097,0.0502830000000003,star
1.515625,0.5963899999999995,0.2139969999999991,0.06452200000000019,star
0.3279999999999994,0.18499999999999872,-0.01799999999999713,0.11699999999999733,qso
0.4319999999999986,-0.16399999999999793,-0.23400000000000176,-0.2809999999999988,wd
2.3133010000000027,1.079825999999997,0.42388500000000207,0.2550119999999989,star
0.1479999999999997,-0.0010000000000012221,0.20700000000000074,0.038000000000000256,qso
1.7843659999999986,0.7582590000000025,0.2642959999999981,0.09808900000000165,star
1.2190089999999998,-0.03873300000000057,-0.05693199999999976,-0.09169800000000095,star
0.9760509999999982,0.08263800000000288,-0.001354000000002742,-0.04459400000000002,star
0.45899999999999963,-0.254999999999999,-0.2289999999999992,-0.26099999999999923,wd
1.4267119999999984,0.5552309999999991,0.21487899999999982,0.11677900000000108,star
0.38599999999999923,-0.09600000000000009,-0.19200000000000017,0.8410000000000011,wd
-0.33999999999999986,-0.3169999999999966,-0.1960000000000015,-0.26699999999999946,wd
0.5060000000000002,-0.06099999999999994,-0.027000000000001023,-0.13800000000000168,wd
0.2240000000000002,0.2749999999999986,0.04200000000000159,-0.08899999999999864,qso
1.2099970000000013,0.3858800000000002,0.14661599999999808,0.014373000000002634,star
1.9878919999999987,0.847372,0.32258299999999807,0.12326200000000043,star
1.1774200000000015,0.38914899999999975,0.17368199999999945,0.054102000000000317,star
2.541484999999998,1.1266700000000007,0.4412830000000003,0.241498,star
1.656767000000002,0.6342459999999992,0.2662399999999998,0.10473299999999952,star
0.22600000000000264,0.14499999999999957,0.24200000000000088,0.003999999999997783,qso
0.5079999999999991,0.03400000000000247,0.09600000000000009,0.013999999999999346,qso
1.219296,0.43486899999999906,0.09777700000000067,0.08483899999999878,star
0.4660000000000011,-0.09499999999999886,-0.15399999999999991,-0.13300000000000267,wd
0.46499999999999986,0.07600000000000051,0.06700000000000017,0.05600000000000094,qso
0.5449999999999982,0.12100000000000222,0.04499999999999815,-0.06899999999999906,wd
1.794827999999999,0.6670930000000013,0.2009609999999995,0.14457700000000173,star
0.5040000000000013,-0.12600000000000122,-0.15700000000000003,-0.28800000000000026,wd
1.8727359999999997,0.6644180000000013,0.3100829999999988,0.15284500000000278,star
-0.1490000000000009,-0.34299999999999997,-0.25,-0.23499999999999943,wd
0.49099999999999966,0.20199999999999818,0.03400000000000247,0.23600000000000065,qso
0.6419999999999995,0.4969999999999999,1.0799999999999983,0.7930000000000028,wd
0.34399999999999764,0.3930000000000007,0.12600000000000122,0.4079999999999977,qso
-0.0710000000000015,0.019000000000001904,0.16300000000000026,0.029999999999997584,qso
0.39199999999999946,0.10099999999999909,-0.053000000000000824,-0.1059999999999981,wd
0.09700000000000131,0.0,0.09799999999999898,0.23900000000000077,qso
0.17499999999999716,0.2610000000000028,0.036999999999999034,-0.038000000000000256,qso
0.15700000000000003,-0.36299999999999955,-0.2710000000000008,0.013999999999999346,wd
0.8680160000000008,0.1840169999999972,0.2107030000000023,0.03207599999999999,star
0.35999999999999943,-0.14699999999999847,-0.26200000000000045,-0.04899999999999949,wd
1.9045889999999979,0.700725000000002,0.25407599999999775,0.15005900000000238,star
0.062000000000001165,0.2359999999999971,-0.10899999999999821,0.14499999999999957,qso
0.30299999999999727,0.19200000000000017,0.23900000000000077,0.0070000000000014495,qso
1.4844480000000004,0.5233629999999998,0.2513210000000008,0.24637199999999915,star
-0.030999999999998806,-0.02500000000000213,0.2710000000000008,-0.010999999999999233,qso
1.194185000000001,0.4682700000000004,0.16777199999999937,0.07824200000000125,star
-0.013000000000001677,-0.3309999999999995,-0.3249999999999993,-0.2959999999999994,wd
0.30600000000000094,0.5869999999999997,0.3329999999999984,0.2220000000000013,qso
0.2270000000000003,-0.2989999999999995,-0.259999999999998,-0.2140000000000022,wd
0.4380000000000024,0.2029999999999994,-0.013999999999999346,-0.07900000000000063,wd
0.08699999999999974,0.21099999999999852,-0.0329999999999977,0.004999999999999005,qso
0.7970000000000006,0.1599999999999966,0.37900000000000134,0.12099999999999866,qso
0.09799999999999898,0.15200000000000102,0.2569999999999979,-0.04299999999999926,qso
1.2109850000000009,0.49220499999999845,0.20839300000000094,0.09329800000000077,star
2.354383000000002,1.0081729999999993,0.36323499999999953,0.1973780000000005,star
1.1022680000000022,0.4057239999999993,0.16616399999999842,0.07031600000000182,star
0.3150000000000013,-0.24900000000000233,-0.3089999999999975,-0.2510000000000012,wd
0.11100000000000065,0.14599999999999724,-0.09499999999999886,-0.053999999999998494,qso
0.015000000000000568,-0.33300000000000196,-0.28699999999999903,-0.532,wd
1.9547620000000023,0.7113069999999979,0.3031710000000025,0.12121099999999885,star
0.3219999999999992,0.1720000000000006,0.16199999999999903,-0.03200000000000003,qso
0.3670000000000009,-0.03200000000000003,0.14300000000000068,-0.038000000000000256,qso
0.4339999999999975,-0.19200000000000017,-0.16600000000000037,-0.3049999999999997,wd
1.8136630000000018,0.7424479999999996,0.3594059999999999,0.09356999999999971,star
0.15300000000000225,-0.29299999999999926,-0.24099999999999966,-0.22800000000000153,wd
-0.09699999999999775,0.05799999999999983,0.3789999999999978,0.04600000000000293,qso
0.9160000000000004,0.35600000000000165,0.08999999999999986,0.44399999999999906,qso
0.40800000000000125,0.014999999999997016,0.02300000000000324,-0.053000000000000824,wd
0.402000000000001,-0.21199999999999974,-0.1130000000000031,-0.31400000000000006,wd
0.13100000000000023,0.04399999999999693,0.18000000000000327,0.15199999999999747,qso
0.2989999999999995,-0.01699999999999946,0.01699999999999946,0.030999999999998806,qso
0.3410000000000011,0.055999999999997385,-0.004999999999999005,-0.15500000000000114,wd
0.18499999999999872,0.08699999999999974,0.14399999999999835,0.01600000000000179,qso
1.921406000000001,0.8010139999999986,0.31929400000000285,0.09931699999999921,star
0.9359999999999999,0.3760000000000012,0.4170000000000016,0.04999999999999716,qso
0.18900000000000006,0.22900000000000276,0.0019999999999988916,-0.01699999999999946,qso
1.2539999999999978,0.26000000000000156,-0.010999999999999233,0.15399999999999991,qso
0.07199999999999918,0.3930000000000007,0.10300000000000153,-0.03100000000000236,qso
0.32800000000000296,-0.1980000000000004,-0.22000000000000242,-0.46499999999999986,wd
1.4536520000000017,0.49952499999999844,0.17361999999999966,0.1706700000000012,star
1.1757980000000003,0.4186729999999983,0.1277310000000007,0.03298799999999957,star
3.140207,1.3775759999999995,0.531504,0.32921900000000015,star
0.4339999999999975,0.11700000000000088,0.013999999999999346,0.0470000000000006,wd
0.07199999999999918,0.045999999999999375,0.15700000000000003,0.18400000000000105,qso
1.5604359999999993,0.6097239999999999,0.2400700000000029,0.12292300000000012,star
0.38700000000000045,-0.3260000000000005,-0.19299999999999784,-0.17999999999999972,wd
1.0871560000000002,0.3981980000000007,0.1300170000000005,0.04976899999999951,star
2.5280780000000007,1.1208500000000008,0.42797299999999794,0.2197830000000014,star
1.3764649999999996,0.4989259999999973,0.20810100000000276,0.08460299999999776,star
1.1907880000000013,0.46517199999999903,0.15995999999999988,0.053622999999999976,star
-0.2680000000000007,-0.36799999999999855,-0.370000000000001,-0.33500000000000085,wd
0.05900000000000105,0.24099999999999966,-0.06400000000000006,-0.06500000000000128,qso
0.26699999999999946,0.0,-0.0799999999999983,-0.16600000000000037,wd
0.2140000000000022,0.14699999999999847,-0.08800000000000097,0.08699999999999974,qso
0.33200000000000074,-0.25500000000000256,-0.232999999999997,-0.20200000000000173,wd
1.8757649999999977,0.7621360000000017,0.31656699999999915,0.1783999999999999,star
0.11700000000000088,0.4039999999999999,0.0799999999999983,-0.053999999999998494,qso
0.04199999999999804,-0.16600000000000037,-0.16499999999999915,-0.11499999999999844,wd
1.8858949999999979,0.7507920000000006,0.30466200000000043,0.1419089999999983,star
1.0499999999999972,-0.27399999999999736,0.05699999999999861,0.4400000000000013,qso
2.0717719999999993,0.7735869999999991,0.27582400000000007,0.15599900000000133,star
1.1366080000000025,0.4254870000000004,0.14329399999999737,0.024586000000002883,star
0.09199999999999875,-0.3260000000000005,-0.16300000000000026,-0.41799999999999926,wd
0.11199999999999832,0.3049999999999997,0.0470000000000006,-0.0009999999999976694,qso
1.204182000000003,0.4914929999999984,0.21299199999999985,0.08854099999999931,star
0.3949999999999996,-0.08200000000000074,-0.24200000000000088,0.1980000000000004,wd
0.21199999999999974,0.21799999999999997,0.28999999999999915,-0.10600000000000165,qso
0.9793140000000022,0.32920899999999875,0.12485300000000166,0.003992000000000218,star
0.0730000000000004,0.18599999999999994,0.17100000000000293,0.12199999999999989,qso
-0.4800000000000004,-0.4690000000000012,-0.3819999999999979,-0.31400000000000006,wd
0.19299999999999784,-0.0030000000000001137,-0.0030000000000001137,0.16199999999999903,qso
0.909588000000003,0.29047799999999846,0.11329800000000034,0.026982999999999535,star
0.37900000000000134,-0.10699999999999932,0.07099999999999795,0.06099999999999994,qso
1.3440569999999994,0.5382669999999994,0.177562,0.05799200000000049,star
0.3230000000000004,-0.17800000000000082,-0.11899999999999977,-0.4029999999999987,wd
0.5999999999999979,0.20800000000000196,0.06500000000000128,-0.005000000000002558,wd
0.10300000000000153,0.16199999999999903,-0.04100000000000037,0.10800000000000054,qso
1.060658,0.41334999999999944,0.14545599999999936,0.008549000000000362,star
1.1921179999999971,0.52393,0.19975200000000015,0.12486499999999978,star
0.08399999999999963,0.26500000000000057,-0.028999999999999915,0.004999999999999005,qso
0.10200000000000031,-0.3279999999999994,-0.13400000000000034,-0.006000000000000227,wd
2.083135000000002,0.8445420000000006,0.2802919999999993,0.15059499999999915,star
0.4660000000000011,-0.0940000000000012,-0.2809999999999988,-0.21499999999999986,wd
0.11200000000000188,-0.32200000000000273,0.004000000000001336,0.31299999999999883,wd
0.3990000000000009,-0.120000000000001,-0.16199999999999903,-0.1440000000000019,wd
2.5723860000000016,1.3402349999999998,0.6806999999999999,0.37887199999999943,star
2.1918049999999987,0.948208000000001,0.29389400000000165,0.17164399999999702,star
2.5076940000000008,1.2866189999999982,0.8801300000000012,0.4224779999999999,star
0.1739999999999995,0.13400000000000034,0.2190000000000012,0.0990000000000002,qso
0.27199999999999847,-0.006000000000000227,-0.17999999999999972,-0.46499999999999986,wd
1.747883999999999,0.7870199999999983,0.3305340000000001,0.1224330000000009,star
1.3663309999999989,0.5245309999999996,0.1990470000000002,0.042299999999999116,star
0.4499999999999993,-0.18400000000000105,-0.18900000000000006,-0.22800000000000153,wd
1.4996639999999992,0.5230370000000022,0.19964499999999852,0.19348700000000107,star
0.4690000000000012,0.09499999999999886,0.1670000000000016,-0.060000000000002274,qso
1.425179,0.4029139999999991,0.1715990000000005,0.11401499999999842,star
-0.3960000000000008,-0.40600000000000236,-0.389999999999997,-0.26500000000000057,wd
1.0503479999999996,0.37254899999999935,0.14084800000000008,0.024423000000000528,star
-0.5,-0.4939999999999998,-0.3780000000000001,-0.3410000000000011,wd
1.2032799999999995,0.4145409999999998,0.16345600000000005,0.026794999999999902,star
0.0009999999999976694,-0.3069999999999986,-0.2710000000000008,-0.28200000000000003,wd
-0.11199999999999832,-0.13599999999999923,0.4109999999999978,0.22500000000000142,wd
-0.16400000000000148,-0.4469999999999992,-0.3069999999999986,-0.19700000000000273,wd
0.2729999999999997,0.09700000000000131,0.254999999999999,0.006999999999997897,qso
1.2198640000000012,0.3829779999999978,0.1828510000000012,0.053122000000000114,star
0.4109999999999978,0.38300000000000267,0.2099999999999973,0.23700000000000188,qso
2.2081529999999994,0.9610939999999992,0.3626630000000013,0.1633509999999987,star
0.05699999999999861,0.3279999999999994,0.09500000000000242,-0.018000000000000682,qso
0.3990000000000009,-0.06299999999999883,-0.08800000000000097,-0.16000000000000014,wd
0.09299999999999997,0.125,0.014999999999997016,0.019000000000001904,qso
1.1848259999999975,0.41284700000000285,0.14178099999999816,0.027163000000001603,star
1.0890769999999996,0.2568380000000001,0.07271300000000025,0.012872999999999024,star
1.9239260000000016,0.792484,0.33046099999999967,0.12301300000000026,star
1.0345760000000013,0.3122379999999989,0.07206700000000055,-0.016945000000001542,star
0.06899999999999906,-0.40700000000000003,-0.28999999999999915,-0.4529999999999994,wd
-0.16000000000000014,-0.31599999999999895,-0.245000000000001,-0.26399999999999935,wd
0.20599999999999952,-0.30400000000000205,-0.254999999999999,0.20400000000000063,wd
0.4819999999999993,0.04900000000000304,0.06400000000000006,0.18299999999999983,qso
1.323601,0.4938830000000003,0.1809100000000008,0.015664999999998486,star
0.23699999999999832,0.08000000000000185,0.21799999999999997,-0.10900000000000176,qso
0.28200000000000003,0.21199999999999974,0.25700000000000145,-0.054999999999999716,qso
2.5923549999999977,1.318041000000001,0.5987669999999987,0.30060400000000165,star
0.14599999999999724,0.04600000000000293,0.2099999999999973,-0.019999999999999574,qso
1.0955760000000012,0.4072509999999987,0.16353799999999907,0.05109400000000264,star
0.13500000000000156,0.16799999999999926,0.0009999999999976694,-0.0329999999999977,qso
2.3838749999999997,0.9127140000000011,0.3544249999999991,0.1263450000000006,star
1.2083849999999998,0.49215300000000184,0.08135499999999851,0.1090049999999998,star
1.0365159999999989,0.3491110000000024,0.13986499999999857,0.03996500000000047,star
1.7624999999999993,0.6979889999999997,0.26091900000000123,0.08635300000000079,star
1.2283250000000017,0.38583500000000015,0.1476559999999978,0.05497200000000291,star
0.4710000000000001,-0.0259999999999998,-0.01600000000000179,-0.15200000000000102,wd
-0.2749999999999986,0.47499999999999787,-0.05799999999999983,-0.022999999999999687,qso
-0.03200000000000003,-0.4029999999999987,-0.2740000000000009,-0.3490000000000002,wd
0.25,-0.1460000000000008,0.08500000000000085,0.04100000000000037,qso
-0.352999999999998,-0.40700000000000003,-0.26699999999999946,-0.3240000000000016,wd
0.37799999999999656,-0.06599999999999895,-0.14099999999999824,-0.18299999999999983,wd
0.28699999999999903,0.05799999999999983,0.23000000000000043,0.03399999999999892,qso
0.23100000000000165,-0.037000000000002586,-0.10799999999999699,-0.1509999999999998,wd
0.8367690000000003,0.268419999999999,0.10565100000000172,0.0223949999999995,star
1.3955059999999975,0.46328100000000205,0.1441669999999995,0.072734999999998,star
0.129999999999999,-0.03999999999999915,0.23000000000000043,-0.027000000000001023,qso
-0.16699999999999804,-0.21000000000000085,0.5670000000000002,0.6759999999999984,wd
0.46199999999999974,0.0779999999999994,-0.028999999999999915,0.1180000000000021,wd
1.7542299999999997,0.7078740000000003,0.2606129999999993,0.16478900000000252,star
1.4713589999999996,0.5294950000000007,0.18164900000000017,0.088220999999999,star
0.45099999999999696,-0.11799999999999855,-0.22100000000000009,0.013999999999999346,wd
0.1620000000000026,0.009000000000000341,0.04899999999999949,0.35800000000000054,qso
0.16699999999999804,-0.28500000000000014,-0.2759999999999998,-0.2789999999999999,wd
2.630129,1.4253229999999988,0.675241999999999,0.378088,star
2.0919109999999996,0.7863919999999993,0.324816000000002,0.09889399999999782,star
0.4510000000000005,-0.1559999999999988,-0.16799999999999926,-0.1910000000000025,wd
0.9670659999999991,0.299551000000001,0.12870000000000203,0.009399999999999409,star
0.3149999999999977,0.18599999999999994,0.2699999999999996,-0.04899999999999949,qso
1.1717469999999999,0.39831700000000225,0.16553299999999993,0.05279900000000026,star
0.3960000000000008,-0.08999999999999986,0.1839999999999975,-0.029999999999997584,qso
2.209042,0.8572810000000004,0.3678600000000003,0.13452200000000047,star
0.9271069999999995,0.2797620000000016,0.08111399999999946,-0.003444999999999254,star
0.14700000000000202,0.33899999999999864,-0.012999999999998124,-0.15200000000000102,qso
-0.25900000000000034,-0.4759999999999991,-0.3030000000000008,-0.29499999999999815,wd
0.32599999999999696,-0.03599999999999781,-0.05100000000000193,-0.14599999999999724,wd
-0.05000000000000071,-0.4140000000000015,-0.34699999999999775,-0.31200000000000117,wd
0.28500000000000014,0.6729999999999983,1.0700000000000003,0.6380000000000017,wd
2.424813999999998,1.1011180000000014,0.246262999999999,0.35213099999999997,star
0.9188130000000001,0.41796700000000087,0.21620599999999968,-0.033854000000001605,star
0.1960000000000015,0.1410000000000018,-0.05000000000000071,0.5689999999999991,qso
2.098131000000002,0.7851179999999989,0.2506869999999992,0.11547900000000055,star
0.06599999999999895,0.18599999999999994,0.1490000000000009,-0.07499999999999929,qso
0.13099999999999667,-0.3329999999999984,-0.254999999999999,-0.28100000000000236,wd
0.48300000000000054,-0.19399999999999906,-0.21100000000000207,-0.24799999999999756,wd
1.172735000000003,0.4106349999999992,0.13931499999999986,-0.05443600000000082,star
0.31400000000000006,-0.2779999999999987,-0.22800000000000153,-0.23199999999999932,wd
-0.13299999999999912,0.26899999999999835,0.008000000000002672,0.29999999999999716,qso
0.6350000000000016,-0.1180000000000021,0.03200000000000003,0.36299999999999955,qso
0.9231270000000009,0.2801720000000003,0.09376299999999915,0.014089999999999492,star
1.127635999999999,0.4297960000000032,0.14281999999999684,0.0440300000000029,star
1.1257359999999998,0.34299700000000044,0.13998899999999992,0.06781799999999905,star
0.36100000000000065,-0.022999999999999687,-0.028999999999999915,0.05799999999999983,qso
2.166474000000001,0.8459429999999983,0.3834380000000017,0.15669299999999886,star
1.1691299999999991,0.3679389999999998,0.14687300000000114,0.01866899999999916,star
0.14499999999999957,0.43599999999999994,0.16499999999999915,0.1269999999999989,qso
0.34899999999999665,-0.17999999999999972,-0.23799999999999955,0.17900000000000205,wd
0.40500000000000114,0.02400000000000091,-0.05000000000000071,-0.12300000000000111,wd
0.37299999999999756,0.21799999999999997,0.23700000000000188,-0.0259999999999998,qso
2.0320150000000012,0.7954100000000004,0.2859729999999985,0.2133749999999992,star
0.28100000000000236,0.11599999999999966,-0.03300000000000125,-0.18100000000000094,wd
0.09800000000000253,-0.3990000000000009,-0.3049999999999997,-0.36400000000000077,wd
0.13599999999999923,0.2980000000000018,0.28800000000000026,0.30799999999999983,qso
0.28699999999999903,0.0730000000000004,0.2519999999999989,0.0070000000000014495,qso
0.20500000000000185,0.3039999999999985,0.05999999999999872,0.011000000000002785,qso
0.40800000000000125,-0.13200000000000145,-0.27199999999999847,-0.22100000000000009,wd
0.5730000000000004,-0.11299999999999955,-0.10500000000000043,-0.25,wd
0.4490000000000016,0.26599999999999824,-0.09699999999999775,-0.027000000000001023,qso
2.6108089999999997,1.4080030000000008,0.6734089999999995,0.35931900000000105,star
0.10999999999999943,0.29799999999999827,-0.046999999999997044,0.125,qso
0.43700000000000117,0.07400000000000162,0.04399999999999693,-0.13100000000000023,wd
0.3150000000000013,0.490000000000002,0.8379999999999974,0.5240000000000009,wd
0.17600000000000193,-0.03300000000000125,0.14000000000000057,0.01600000000000179,qso
0.397000000000002,0.2010000000000005,0.1579999999999977,0.17900000000000205,qso
1.5101109999999984,0.5525950000000002,0.1968589999999999,0.06404799999999966,star
0.46899999999999764,-0.12899999999999778,-0.17900000000000205,-0.3059999999999974,wd
0.3879999999999981,-0.1280000000000001,-0.11499999999999844,-0.23799999999999955,wd
1.3142609999999983,0.49510000000000076,0.21166999999999803,0.04179500000000047,star
2.0131440000000005,0.7767029999999995,0.29094899999999946,0.13726899999999986,star
0.4700000000000024,0.053999999999998494,-0.053999999999998494,-0.16400000000000148,wd
2.0260710000000017,0.7846209999999978,0.297384000000001,0.12849600000000017,star
0.16999999999999815,0.23400000000000176,0.04999999999999716,0.0,qso
0.259999999999998,0.0730000000000004,0.28000000000000114,0.3260000000000005,qso
0.0470000000000006,-0.365000000000002,-0.3460000000000001,-0.06899999999999906,wd
-0.33399999999999963,-0.5030000000000001,-0.3039999999999985,-0.3390000000000022,wd
0.3999999999999986,-0.0519999999999996,-0.05000000000000071,-0.0730000000000004,wd
0.10299999999999798,0.013000000000001677,0.2829999999999977,0.05700000000000216,qso
1.2100819999999999,0.4599569999999993,0.2680439999999997,-0.048767999999999034,star
0.46499999999999986,-0.1039999999999992,-0.1559999999999988,-0.10200000000000031,wd
0.13400000000000034,0.15199999999999747,0.043000000000002814,0.045999999999999375,qso
0.9289999999999985,0.2900000000000027,0.12899999999999778,0.01699999999999946,qso
-0.36599999999999966,0.47499999999999787,0.03500000000000014,0.009000000000000341,qso
0.23199999999999932,-0.25,-0.20700000000000074,-0.23899999999999721,wd
0.9646599999999985,0.28019000000000105,0.06695200000000057,0.0005810000000003868,star
0.5199999999999996,0.21199999999999974,0.16799999999999926,0.03999999999999915,qso
0.16400000000000148,0.23400000000000176,0.16599999999999682,-0.2049999999999983,qso
2.678021000000001,1.3539309999999993,0.553882999999999,0.29356899999999975,star
1.6611820000000002,0.6360359999999972,0.1423400000000008,0.20814900000000236,star
0.46199999999999974,-0.07199999999999918,-0.0660000000000025,-0.2560000000000002,wd
0.25200000000000244,0.16499999999999915,0.2220000000000013,-0.036000000000001364,qso
1.1090070000000019,0.4463329999999992,0.10178499999999957,0.06788900000000098,star
0.8958030000000008,0.2639700000000005,0.08219499999999869,0.03526499999999899,star
0.08099999999999952,0.38400000000000034,0.0940000000000012,-0.018000000000000682,qso
1.6214410000000008,0.6286689999999986,0.23868399999999923,0.08474000000000004,star
0.13400000000000034,-0.38200000000000145,-0.31899999999999906,-0.05000000000000071,wd
0.030000000000001137,0.0070000000000014495,0.2339999999999982,-0.053999999999998494,qso
0.2569999999999979,-0.08699999999999974,0.2840000000000025,0.12099999999999866,qso
1.2406539999999993,0.3792699999999982,0.20235800000000026,-0.057053999999997274,star
1.9366249999999994,0.8380749999999999,0.306832,0.18235900000000171,star
-0.05000000000000071,0.021000000000000796,0.2469999999999999,0.19200000000000017,qso
0.43599999999999994,-0.05099999999999838,0.19000000000000128,0.11199999999999832,qso
0.25099999999999767,-0.21599999999999753,-0.22500000000000142,-0.24599999999999866,wd
0.8699019999999997,0.2653959999999991,0.12812000000000268,0.0002329999999979293,star
2.662441000000001,1.207538999999997,0.5395680000000027,0.3093119999999985,star
0.4349999999999987,-0.24399999999999977,-0.16900000000000048,-0.10299999999999798,wd
0.07099999999999795,0.28800000000000026,-0.00999999999999801,0.029999999999997584,qso
1.44379,0.48367999999999967,0.24079799999999985,0.1082490000000007,star
0.4759999999999991,-0.1720000000000006,-0.16799999999999926,-0.3219999999999992,wd
0.3769999999999989,0.022000000000002018,-0.08599999999999852,-0.18100000000000094,wd
2.0020039999999995,0.8664679999999993,0.2977989999999995,0.18432000000000137,star
1.7317810000000016,0.650504999999999,0.23948700000000045,0.10948700000000144,star
0.0010000000000012221,0.036999999999999034,0.2889999999999979,-0.054999999999999716,qso
0.10400000000000276,0.3269999999999982,0.40800000000000125,0.129999999999999,qso
0.4659999999999975,-0.16300000000000026,-0.24899999999999878,-0.2259999999999991,wd
0.402000000000001,0.04100000000000037,-0.030000000000001137,-0.13899999999999935,wd
0.18299999999999983,-0.33699999999999974,-0.27199999999999847,-0.44700000000000273,wd
0.0940000000000012,0.29100000000000037,0.125,0.0730000000000004,qso
0.31700000000000017,0.2510000000000012,0.10899999999999821,-0.0589999999999975,qso
0.3609999999999971,0.2190000000000012,0.2510000000000012,-0.060000000000002274,qso
1.1126120000000022,0.4246629999999989,0.12847000000000008,0.022353999999999985,star
0.2579999999999991,0.22300000000000253,0.3000000000000007,0.045999999999999375,qso
0.1440000000000019,-0.2480000000000011,-0.2680000000000007,-0.1529999999999987,wd
1.3139859999999999,0.5349599999999981,0.1360650000000021,0.07983799999999874,star
0.4710000000000001,-0.04499999999999815,-0.07700000000000173,-0.21899999999999764,wd
0.37599999999999767,-0.2729999999999997,-0.28500000000000014,-0.0940000000000012,wd
1.928606000000002,0.8029170000000008,0.31675599999999804,0.20602700000000063,star
1.4818350000000002,0.5162689999999976,0.20780399999999943,0.07011200000000173,star
0.4549999999999983,-0.16900000000000048,-0.04199999999999804,-0.21199999999999974,wd
0.053999999999998494,0.37099999999999866,0.08600000000000207,0.07900000000000063,qso
2.585682000000002,1.2379789999999993,0.49130000000000074,0.21386299999999991,star
1.1340000000000003,0.9100000000000001,1.3079999999999998,0.7539999999999996,wd
1.3347490000000022,0.527037,-0.5112720000000017,0.8239209999999986,star
1.571625000000001,0.6158330000000021,0.1912009999999995,0.10519399999999912,star
-0.3460000000000001,-0.4930000000000021,-0.3269999999999982,-0.2519999999999989,wd
1.2405679999999997,0.07522200000000012,-0.01028800000000274,-0.016057999999997463,star
1.706197999999997,0.6343370000000004,0.23048600000000086,0.1127110000000009,star
0.21499999999999986,0.14300000000000068,-0.04600000000000293,0.06500000000000128,qso
2.4830439999999996,1.1185590000000012,0.4525989999999993,0.23422500000000035,star
0.9971299999999985,0.0800110000000025,-0.011013000000001938,-0.01617199999999741,star
0.1410000000000018,0.03300000000000125,0.17999999999999972,0.01699999999999946,qso
0.022000000000002018,0.379999999999999,0.2889999999999979,0.17800000000000082,qso
0.5479999999999983,-0.09699999999999775,-0.1479999999999997,-0.125,wd
-0.15899999999999892,0.43299999999999983,0.0730000000000004,-0.09199999999999875,qso
0.29999999999999716,-0.259999999999998,-0.20400000000000063,-0.37099999999999866,wd
0.9271939999999983,0.24156499999999959,0.10682100000000005,0.028868000000001004,star
1.2730449999999998,0.5554500000000004,0.1901419999999998,0.10742199999999968,star
0.9947550000000014,0.2969469999999994,0.09108499999999964,0.0032429999999976644,star
0.18100000000000094,0.053999999999998494,0.2510000000000012,0.08599999999999852,qso
0.5249999999999986,0.06300000000000239,0.5869999999999997,0.5579999999999998,wd
1.2253240000000005,0.46321299999999965,0.18351200000000034,0.07649800000000084,star
1.1778369999999967,0.4030750000000012,0.1493089999999988,0.03115100000000126,star
2.269157,0.9590720000000026,0.30693299999999724,0.17691800000000057,star
0.9570070000000008,0.25174300000000116,0.17536699999999783,0.0018659999999997012,star
1.2893620000000006,0.40759799999999835,0.21993300000000104,-0.03494200000000092,star
0.277000000000001,0.10699999999999932,0.21300000000000097,0.3410000000000011,qso
0.23000000000000043,-0.30100000000000193,-0.1789999999999985,0.14399999999999835,wd
1.1795709999999993,0.5339850000000013,0.1824949999999994,0.14250399999999885,star
1.1193030000000022,0.4936480000000003,0.1961270000000006,0.09531199999999984,star
1.1441119999999998,0.45172799999999924,0.12342499999999923,0.04544199999999954,star
-0.125,-0.41199999999999903,-0.2759999999999998,-0.17999999999999972,wd
0.12600000000000122,-0.3290000000000006,-0.24900000000000233,-0.21599999999999753,wd
0.21000000000000085,0.2989999999999995,0.19200000000000017,0.09499999999999886,qso
0.2259999999999991,-0.30799999999999983,-0.2519999999999989,-0.5770000000000017,wd
0.22499999999999787,0.09299999999999997,0.0990000000000002,0.3180000000000014,qso
0.28200000000000003,0.14499999999999957,0.21499999999999986,-0.0030000000000001137,qso
0.272000000000002,-0.25400000000000134,-0.2680000000000007,-0.3089999999999975,wd
0.09299999999999997,0.05900000000000105,0.23600000000000065,-0.07000000000000028,qso
0.2839999999999989,0.14699999999999847,0.13400000000000034,0.13500000000000156,qso
0.357999999999997,-0.29999999999999716,-0.30799999999999983,0.17599999999999838,wd
0.08200000000000074,0.20599999999999952,0.03400000000000247,-0.08200000000000074,qso
0.911322000000002,0.25509800000000027,0.06856200000000001,0.022728999999998223,star
1.8897359999999992,0.8091969999999975,0.35153000000000034,0.034432999999999936,star
0.0940000000000012,0.3149999999999977,0.045000000000001705,-0.11200000000000188,qso
-0.08900000000000219,-0.3879999999999981,-0.27800000000000225,-0.14399999999999835,wd
0.33800000000000097,-0.12399999999999878,-0.20800000000000196,-0.38599999999999923,wd
0.036000000000001364,0.21300000000000097,0.0329999999999977,-0.08399999999999963,qso
0.06800000000000139,-0.33699999999999974,-0.2710000000000008,-0.3309999999999995,wd
0.25700000000000145,-0.3210000000000015,-0.2519999999999989,-0.3290000000000006,wd
1.2426290000000009,0.4138560000000009,0.11790199999999906,0.07812700000000028,star
1.7667369999999991,0.6331660000000028,0.2949269999999977,0.11388799999999932,star
0.5559999999999974,0.0940000000000012,0.15800000000000125,0.18799999999999883,qso
1.0548900000000003,0.4005979999999987,0.13039899999999882,0.028093000000000146,star
0.3059999999999974,-0.2889999999999979,-0.28699999999999903,-0.3719999999999999,wd
0.14199999999999946,0.13100000000000023,0.19699999999999918,0.22500000000000142,qso
1.1867329999999985,0.3912209999999998,0.15860500000000144,0.030617999999998702,star
0.19899999999999807,0.1999999999999993,0.16000000000000014,0.09800000000000253,qso
0.08899999999999864,0.2220000000000013,0.06299999999999883,-0.053000000000000824,qso
0.09099999999999753,0.49900000000000233,0.08599999999999852,-0.015000000000000568,qso
0.1039999999999992,-0.018000000000000682,0.2630000000000017,-0.054000000000002046,qso
1.6346339999999984,0.5623930000000001,0.1774160000000009,0.04441399999999973,star
0.6859999999999999,0.16600000000000037,0.3739999999999988,0.4059999999999988,qso
0.20199999999999818,0.060000000000002274,0.04899999999999949,-0.04899999999999949,qso
0.30900000000000105,0.05999999999999872,-0.16399999999999793,0.134999999999998,wd
0.44399999999999906,0.14300000000000068,0.028999999999999915,-0.0070000000000014495,wd
0.18299999999999983,-0.05600000000000094,-0.04899999999999949,-0.3019999999999996,wd
1.5661680000000011,0.5877589999999984,0.22730400000000017,0.09204300000000032,star
0.23000000000000043,0.012000000000000455,0.14399999999999835,0.01699999999999946,qso
0.9964100000000009,0.42193599999999876,0.11868000000000123,0.04125900000000016,star
0.12299999999999756,-0.34699999999999775,-0.3260000000000005,-0.3030000000000008,wd
-0.09700000000000131,-0.3279999999999994,-0.3880000000000017,-0.007999999999999119,wd
0.1750000000000007,0.0519999999999996,0.07000000000000028,0.13899999999999935,qso
0.9292770000000026,0.2869129999999984,0.13457899999999867,0.05510100000000051,star
0.02500000000000213,-0.3260000000000005,-0.25400000000000134,-0.3200000000000003,wd
1.2887909999999998,0.5943930000000002,0.21576100000000054,0.12657000000000096,star
0.11799999999999855,-0.06299999999999883,0.3539999999999992,-0.05699999999999861,qso
0.23000000000000043,-0.010000000000001563,0.28600000000000136,0.08599999999999852,qso
0.5519999999999996,0.10099999999999909,0.004999999999999005,0.20400000000000063,qso
2.4535920000000004,1.1668190000000003,0.4241500000000009,0.21511999999999887,star
0.23199999999999932,0.2809999999999988,-0.134999999999998,0.24399999999999977,qso
-0.062000000000001165,-0.03399999999999892,0.33399999999999963,0.11400000000000077,qso
0.1720000000000006,-0.19500000000000028,-0.15800000000000125,-0.23199999999999932,wd
2.451858999999999,1.1018950000000025,0.39527999999999963,0.18169599999999875,star
0.12199999999999989,0.23900000000000077,0.15300000000000225,0.04100000000000037,qso
0.8159739999999989,0.2714660000000002,0.080565,0.001682999999999879,star
0.3619999999999983,-0.17999999999999972,-0.33899999999999864,-0.25900000000000034,wd
1.0092250000000007,0.3808710000000026,0.13044199999999861,0.028670999999999225,star
0.4009999999999998,0.15900000000000247,0.010999999999999233,-0.03900000000000148,wd
0.9022979999999983,0.2487010000000005,0.07270600000000016,0.03261200000000031,star
0.3390000000000022,0.3049999999999997,0.17099999999999937,-0.021999999999998465,qso
-0.14499999999999957,-0.41300000000000026,-0.28699999999999903,-0.35999999999999943,wd
0.3269999999999982,-0.26699999999999946,-0.21199999999999974,-0.2690000000000019,wd
0.05500000000000327,-0.2010000000000005,-0.18299999999999983,-0.06099999999999994,wd
0.4339999999999975,-0.045999999999999375,0.16400000000000148,0.07499999999999929,qso
0.1980000000000004,-0.15399999999999991,0.11899999999999977,0.0519999999999996,qso
0.13700000000000045,-0.012000000000000455,0.05700000000000216,0.06899999999999906,qso
0.47800000000000153,0.13100000000000023,0.04400000000000048,0.0,wd
2.539707,1.188639000000002,0.49549299999999974,0.3167239999999989,star
0.8718409999999999,0.31625000000000014,0.10083900000000057,0.04630900000000082,star
0.4819999999999993,-0.06299999999999883,-0.13700000000000045,-0.1750000000000007,wd
0.11599999999999966,-0.30900000000000105,-0.3249999999999993,-0.2240000000000002,wd
0.06799999999999784,0.2220000000000013,0.32099999999999795,-0.1369999999999969,qso
1.7300570000000022,0.7277619999999985,0.2318300000000022,0.13950599999999724,star
0.3999999999999986,0.05900000000000105,-0.07499999999999929,0.04199999999999804,wd
1.1952320000000007,0.4477019999999996,0.13691599999999937,0.06832099999999919,star
-0.028999999999999915,0.12900000000000134,0.21600000000000108,0.20599999999999952,qso
-0.04800000000000182,-0.3000000000000007,-0.2240000000000002,-0.06899999999999906,wd
0.3829999999999991,-0.1819999999999986,-0.21300000000000097,-0.11299999999999955,wd
0.31899999999999906,0.16100000000000136,0.1999999999999993,-0.012999999999998124,qso
0.06400000000000006,-0.3359999999999985,-0.3030000000000008,-0.28200000000000003,wd
1.570651999999999,0.6497060000000019,0.24729199999999807,0.11995700000000298,star
0.1479999999999997,-0.1529999999999987,0.14599999999999724,-0.01699999999999946,qso
-0.4009999999999998,-0.5150000000000006,-0.3979999999999997,-0.33699999999999974,wd
0.20199999999999818,-0.26200000000000045,-0.27699999999999747,-0.28600000000000136,wd
0.3260000000000005,0.28800000000000026,0.12400000000000233,0.5089999999999968,qso
2.0051060000000014,0.7315699999999996,0.21640200000000043,0.0310889999999997,star
-0.2660000000000018,-0.352999999999998,-0.4480000000000004,0.22299999999999898,wd
0.17299999999999827,0.12900000000000134,0.015999999999998238,0.10700000000000287,qso
2.526254999999999,1.2560119999999984,0.5943330000000007,0.3462069999999997,star
0.937663999999998,0.2622850000000021,0.09531299999999732,0.03682500000000033,star
-0.120000000000001,-0.24199999999999733,-0.28200000000000003,-0.17400000000000304,wd
0.07699999999999818,-0.05999999999999872,0.06799999999999784,0.27800000000000225,qso
0.1819999999999986,0.04800000000000182,0.038999999999997925,0.11700000000000088,qso
-0.19899999999999984,-0.39000000000000057,-0.11799999999999855,0.013999999999999346,wd
-0.39199999999999946,-0.4380000000000024,-0.27199999999999847,0.12199999999999989,wd
0.21699999999999875,-0.11799999999999855,0.01899999999999835,0.010000000000001563,qso
0.2749999999999986,-0.03399999999999892,0.5030000000000001,0.5620000000000012,wd
-0.2049999999999983,-0.41199999999999903,-0.23499999999999943,-0.6580000000000013,wd
1.0867770000000014,0.46660400000000024,0.23820899999999767,-0.045546999999999116,star
1.7957680000000025,0.6242319999999992,0.24454099999999812,0.11117700000000141,star
1.219971000000001,0.46541899999999714,0.15109100000000097,0.025228000000002027,star
0.13599999999999923,0.24399999999999977,-0.13100000000000023,0.053000000000000824,qso
-0.045000000000001705,-0.09699999999999775,0.40700000000000003,-0.08900000000000219,qso
0.3299999999999983,0.13700000000000045,-0.15899999999999892,0.31099999999999994,qso
0.13800000000000168,0.31400000000000006,0.07199999999999918,-0.13500000000000156,qso
0.9208560000000006,0.2820380000000018,0.10644499999999901,0.04351400000000005,star
1.243590000000001,-0.12229999999999919,-0.09414800000000056,-0.05938899999999947,star
0.8832450000000023,0.33039099999999877,0.11323700000000159,0.02113599999999849,star
0.11200000000000188,0.045999999999999375,0.259999999999998,0.0870000000000033,qso
1.3153100000000002,0.4897310000000026,0.1502219999999994,0.08583299999999738,star
2.013380999999999,0.7137910000000005,0.197438,0.11668599999999962,star
0.1509999999999998,0.142000000000003,0.41799999999999926,-0.0470000000000006,qso
0.9412420000000026,0.34393799999999786,0.10446300000000086,0.06446599999999947,star
-0.11499999999999844,-0.04899999999999949,0.24599999999999866,0.21199999999999974,qso
0.04100000000000037,0.08999999999999986,0.2240000000000002,0.28000000000000114,qso
2.7123649999999984,1.3091310000000007,0.5688060000000004,0.28413499999999914,star
0.39699999999999847,-0.015999999999998238,-0.12300000000000111,-0.16499999999999915,wd
0.11400000000000077,0.19099999999999895,-0.0259999999999998,0.4289999999999985,qso
0.9956259999999979,0.3011330000000001,0.11625800000000197,0.0018459999999969057,star
0.5860000000000021,0.18499999999999872,0.019999999999999574,-0.019999999999999574,wd
0.18799999999999883,-0.0990000000000002,0.3130000000000024,0.16699999999999804,qso
0.8763369999999995,0.34382400000000146,0.1097779999999986,0.011732000000002074,star
0.129999999999999,0.33999999999999986,0.19899999999999807,0.4190000000000005,qso
0.10000000000000142,0.21099999999999852,0.045999999999999375,-0.0519999999999996,qso
2.2355400000000003,0.9726239999999997,0.38644999999999996,0.21790799999999777,star
1.4995539999999998,0.5411999999999999,0.24974299999999872,0.13014200000000287,star
0.6330000000000027,-0.2840000000000025,-0.23699999999999832,-0.028999999999999915,wd
0.20899999999999963,0.15199999999999747,0.0010000000000012221,0.11500000000000199,qso
0.2579999999999991,0.19500000000000028,0.26599999999999824,0.010999999999999233,qso
0.41999999999999815,-0.0470000000000006,-0.07699999999999818,-0.21000000000000085,wd
0.31400000000000006,-0.0259999999999998,0.4250000000000007,0.6869999999999976,wd
0.6159999999999997,-0.10699999999999932,-0.23000000000000043,-0.1559999999999988,wd
0.4720000000000013,-0.1720000000000006,-0.1960000000000015,-0.232999999999997,wd
0.10999999999999943,-0.2259999999999991,-0.11000000000000298,0.33500000000000085,wd
0.23999999999999844,0.04299999999999926,-0.004999999999999005,0.2510000000000012,qso
0.12100000000000222,0.2069999999999972,-0.019999999999999574,-0.18799999999999883,qso
0.40700000000000003,0.11599999999999966,0.134999999999998,0.21199999999999974,qso
0.25900000000000034,-0.021000000000000796,-0.08299999999999841,-0.13599999999999923,wd
0.33999999999999986,-0.3000000000000007,-0.28699999999999903,-0.2240000000000002,wd
-0.04400000000000048,-0.3940000000000019,-0.2859999999999978,-0.4200000000000017,wd
1.8782750000000021,0.7058110000000006,0.2078950000000006,0.1400619999999968,star
0.9233539999999998,0.4878440000000026,0.14587399999999917,0.026361999999998886,star
0.1280000000000001,-0.3940000000000019,-0.3210000000000015,-0.2879999999999967,wd
2.204861000000001,0.8562709999999996,0.3624679999999998,0.17650199999999927,star
0.4159999999999968,-0.04999999999999716,-0.13200000000000145,-0.36400000000000077,wd
0.5920000000000023,-0.16300000000000026,-0.2680000000000007,0.21099999999999852,wd
0.9854759999999985,0.3299120000000002,0.11516200000000154,-0.018260999999998972,star
1.472602000000002,0.5499809999999989,0.15009799999999984,0.16998099999999994,star
2.199951000000002,0.8738319999999984,0.25619000000000014,0.20970200000000006,star
0.045999999999999375,-0.33399999999999963,-0.27399999999999736,-0.22300000000000253,wd
0.32399999999999807,-0.012999999999998124,0.2079999999999984,0.08399999999999963,qso
-0.053999999999998494,-0.20800000000000196,-0.20599999999999952,-0.16300000000000026,wd
0.11599999999999966,-0.14499999999999957,0.0,0.39000000000000057,qso
0.44599999999999795,-0.19099999999999895,-0.23700000000000188,-0.20599999999999952,wd
1.3321679999999994,0.5029079999999997,0.1936479999999996,0.05772600000000061,star
1.6284450000000028,0.754491999999999,0.21046799999999877,0.06545799999999957,star
0.1739999999999995,0.010000000000001563,0.2789999999999999,0.006000000000000227,qso
0.045000000000001705,0.10099999999999909,0.21399999999999864,-0.021999999999998465,qso
-0.04499999999999815,0.39099999999999824,0.0660000000000025,0.053999999999998494,qso
0.9322340000000011,0.20805700000000016,0.0734180000000002,-0.009096000000003102,star
1.2692769999999989,0.4372709999999991,0.1493190000000002,0.04980699999999949,star
2.575669999999999,1.2455739999999995,0.5140989999999999,0.25150200000000034,star
2.142380000000003,0.8436869999999992,0.33714699999999986,0.11837399999999931,star
1.1050379999999969,0.42505600000000143,0.11070300000000088,0.03520499999999949,star
1.3720019999999984,0.5718379999999996,0.1798169999999999,0.07637599999999978,star
-0.1839999999999975,-0.4430000000000014,-0.2680000000000007,-0.29100000000000037,wd
0.8471980000000023,0.24284799999999862,0.10132199999999969,-0.006882000000000943,star
0.2759999999999998,0.19500000000000028,0.053000000000000824,-0.0519999999999996,qso
0.5670000000000002,0.16300000000000026,0.013000000000001677,-0.04100000000000037,wd
-0.036999999999999034,-0.38599999999999923,-0.25700000000000145,-0.11399999999999721,wd
-0.006000000000000227,0.2859999999999978,-0.1039999999999992,0.4450000000000003,qso
0.2410000000000032,0.0,0.2259999999999991,0.07600000000000051,qso
0.7459999999999987,0.34199999999999875,0.5060000000000002,0.09299999999999997,qso
-0.11700000000000088,-0.1319999999999979,0.37099999999999866,0.5360000000000014,wd
0.13999999999999702,0.16300000000000026,-0.03399999999999892,0.20500000000000185,qso
0.22799999999999798,-0.045999999999999375,-0.16499999999999915,-0.06299999999999883,wd
0.21300000000000097,-0.012000000000000455,0.1559999999999988,0.2289999999999992,qso
1.1989249999999991,0.4380050000000004,0.14365199999999945,0.025283999999999196,star
0.2740000000000009,-0.06400000000000006,0.08500000000000085,-0.0470000000000006,qso
-0.14499999999999957,-0.3019999999999996,-0.3190000000000026,-0.14499999999999957,wd
0.9097979999999986,0.320608,0.07146099999999933,0.04279299999999964,star
0.46699999999999875,0.6509999999999998,0.3180000000000014,0.37099999999999866,qso
0.34199999999999875,0.40700000000000003,0.30600000000000094,0.13299999999999912,qso
0.5449999999999982,0.22800000000000153,0.4220000000000006,-0.03200000000000003,qso
1.0759430000000023,0.3180890000000005,0.08296199999999843,0.02849300000000099,star
0.18400000000000105,-0.027000000000001023,0.2079999999999984,0.022000000000002018,qso
0.8403150000000004,0.21982900000000072,0.08258899999999869,0.028563999999999368,star
0.28500000000000014,-0.006000000000000227,0.1769999999999996,-0.19500000000000028,qso
0.35900000000000176,0.21799999999999997,0.26399999999999935,0.09100000000000108,qso
0.4190000000000005,-0.028999999999999915,-0.0940000000000012,-0.125,wd
0.16600000000000037,0.06899999999999906,-0.0329999999999977,0.015999999999998238,qso
0.4349999999999987,-0.03200000000000003,-0.06599999999999895,-0.036999999999999034,wd
0.3829999999999991,-0.15700000000000003,-0.2010000000000005,-0.10000000000000142,wd
2.090909,0.7652709999999985,0.31110200000000177,0.19959799999999817,star
-0.028999999999999915,-0.3260000000000005,-0.18100000000000094,-0.21799999999999997,wd
0.07400000000000162,0.33899999999999864,-0.0010000000000012221,0.08699999999999974,qso
1.1752949999999984,0.43726099999999946,0.15689500000000223,0.03880099999999942,star
1.1029529999999994,0.27430400000000077,0.10753399999999758,-0.009373000000000076,star
0.33699999999999974,-0.2339999999999982,-0.21699999999999875,-0.2970000000000006,wd
0.3290000000000006,0.05699999999999861,-0.06700000000000017,0.022000000000002018,qso
1.561947,0.5623659999999973,0.16678800000000038,0.12003400000000042,star
0.37900000000000134,0.6089999999999982,0.31700000000000017,0.28500000000000014,qso
1.7168519999999994,0.8221939999999996,0.2955810000000021,0.18160299999999907,star
1.2658690000000021,0.4543609999999987,0.17120399999999947,0.09451800000000077,star
0.4339999999999975,0.3030000000000008,0.09600000000000009,0.15700000000000003,qso
0.053000000000000824,-0.35999999999999943,-0.23400000000000176,-0.16300000000000026,wd
0.347999999999999,0.3180000000000014,0.28800000000000026,-0.21999999999999886,qso
1.4282749999999993,0.5545159999999996,0.16007899999999964,0.07663500000000134,star
0.21699999999999875,0.30799999999999983,0.0070000000000014495,0.0,qso
2.2468830000000004,0.8023479999999985,0.28759799999999913,0.14157500000000134,star
0.44200000000000017,-0.20200000000000173,-0.19299999999999784,-0.3760000000000012,wd
1.2546370000000024,0.43324999999999925,0.16458399999999962,0.046001999999999654,star
0.504999999999999,0.07900000000000063,0.053000000000000824,-0.021000000000000796,wd
0.11999999999999744,-0.347999999999999,-0.30600000000000094,-0.20199999999999818,wd
0.4209999999999994,0.23900000000000077,0.7139999999999986,0.75,wd
1.0650049999999993,0.3505439999999993,0.12470400000000126,0.05699200000000104,star
0.39599999999999724,-0.01899999999999835,-0.1039999999999992,-0.12900000000000134,wd
0.2049999999999983,-0.28200000000000003,0.16000000000000014,0.5629999999999988,wd
0.12400000000000233,0.24199999999999733,-0.07199999999999918,0.0710000000000015,qso
0.8999999999999986,0.8550000000000004,1.2560000000000002,0.7910000000000004,wd
0.43200000000000216,0.005999999999996675,0.13000000000000256,0.6509999999999998,qso
-0.15500000000000114,-0.4039999999999999,-0.3359999999999985,-0.30600000000000094,wd
0.5530000000000008,0.1750000000000007,0.09299999999999997,0.18599999999999994,qso
-0.08399999999999963,-0.3999999999999986,-0.3689999999999998,-0.4559999999999995,wd
1.3018190000000018,0.45294299999999765,0.15676500000000004,0.04316400000000087,star
1.4670299999999976,0.5086669999999991,0.10495600000000138,0.10970700000000022,star
0.2950000000000017,-0.2469999999999999,-0.24600000000000222,-0.29799999999999827,wd
0.14699999999999847,0.030000000000001137,0.3030000000000008,0.1999999999999993,qso
1.113703000000001,0.3928130000000003,0.17381199999999808,0.023945000000001215,star
0.120000000000001,0.1609999999999978,-0.19500000000000028,0.043000000000002814,qso
1.2753230000000002,-0.15448899999999988,-0.12800099999999937,-0.13222000000000023,star
0.4079999999999977,-0.08399999999999963,-0.14699999999999847,-0.054000000000002046,wd
1.4410550000000022,0.46857999999999933,0.17665799999999976,0.021240999999999843,star
0.2660000000000018,0.17999999999999972,0.2940000000000005,0.2789999999999999,qso
0.05900000000000105,0.010999999999999233,0.21999999999999886,0.01600000000000179,qso
0.006999999999997897,-0.2940000000000005,-0.2519999999999989,-0.17300000000000182,wd
-0.20600000000000307,-0.43599999999999994,-0.3200000000000003,-0.31400000000000006,wd
0.26799999999999713,0.41100000000000136,0.120000000000001,-0.03500000000000014,qso
1.035468999999999,0.31657000000000224,0.12008699999999806,0.04093200000000152,star
0.1739999999999995,0.27699999999999747,-0.04899999999999949,-0.019999999999999574,qso
1.4058910000000004,0.46741299999999875,0.08862799999999993,0.09819500000000048,star
0.25,-0.2010000000000005,-0.17099999999999937,-0.38599999999999923,wd
1.5422569999999993,0.6423340000000017,0.24205399999999955,0.13318600000000202,star
1.3389489999999995,0.4631219999999985,0.1822550000000014,0.052951999999999444,star
1.3239769999999993,0.4863389999999992,0.12071200000000104,0.09053199999999961,star
0.5459999999999994,-0.08699999999999974,-0.0990000000000002,0.019999999999999574,wd
0.3880000000000017,0.14199999999999946,0.14599999999999724,-0.003999999999997783,qso
1.5102849999999997,0.6212030000000013,0.22748100000000093,0.12477299999999936,star
0.40500000000000114,0.10600000000000165,0.4519999999999982,0.26200000000000045,qso
1.013807,0.22218099999999907,0.04184199999999905,0.0020060000000015066,star
1.1660140000000006,0.4218130000000002,0.1108519999999995,0.08527000000000129,star
1.2400929999999981,0.5026100000000007,0.20348299999999853,0.055780999999999636,star
-0.17800000000000082,0.038000000000000256,0.0940000000000012,0.21799999999999997,qso
1.356498000000002,0.4912549999999989,0.2368830000000024,0.11881999999999948,star
0.14999999999999858,-0.3379999999999974,-0.2980000000000018,-0.2940000000000005,wd
0.125,0.34299999999999997,0.24599999999999866,0.23100000000000165,qso
2.3003040000000006,0.9283380000000001,0.3028960000000005,0.20922299999999971,star
0.4590000000000032,-0.1700000000000017,0.1700000000000017,-0.19500000000000028,wd
2.5413759999999996,1.2571539999999999,0.47014199999999917,0.27118200000000137,star
0.26399999999999935,0.03900000000000148,0.19500000000000028,0.01799999999999713,qso
0.06599999999999895,0.014000000000002899,0.24399999999999977,0.10200000000000031,qso
0.21599999999999753,0.12199999999999989,0.14800000000000324,-0.08300000000000196,qso
0.04800000000000182,-0.19900000000000162,-0.2560000000000002,-0.2469999999999999,wd
0.09199999999999875,-0.10999999999999943,0.3999999999999986,0.527000000000001,wd
0.17799999999999727,0.0030000000000001137,0.26200000000000045,0.11700000000000088,qso
-0.26500000000000057,-0.4239999999999995,-0.3470000000000013,-0.33200000000000074,wd
0.5470000000000006,0.593,0.8309999999999995,0.5410000000000004,wd
1.0741249999999987,0.3985459999999996,0.14141899999999907,-0.04162799999999933,star
1.0195439999999998,0.3312740000000005,0.1294310000000003,0.0474950000000014,star
2.3982029999999988,0.9994900000000015,0.38160999999999845,0.1095480000000002,star
0.20899999999999963,0.16699999999999804,0.23799999999999955,0.009000000000000341,qso
0.1999999999999993,-0.03200000000000003,0.38599999999999923,0.1700000000000017,qso
1.5007040000000025,0.5072979999999987,0.16605500000000006,0.0700630000000011,star
1.1340449999999986,0.1887129999999999,0.046806000000000125,0.009097999999999828,star
0.31200000000000117,0.18299999999999983,0.05699999999999861,0.16600000000000037,qso
0.1280000000000001,-0.2729999999999997,-0.28200000000000003,-0.2339999999999982,wd
0.010999999999999233,-0.05799999999999983,-0.11199999999999832,0.6400000000000006,qso
1.0397510000000025,0.3610629999999979,0.1296350000000004,0.05104000000000042,star
-0.0920000000000023,0.2680000000000007,0.4499999999999993,-0.018000000000000682,qso
1.1978089999999977,0.4600460000000002,0.1596390000000003,0.06703599999999987,star
1.7369109999999992,0.6834169999999986,0.1389370000000021,0.17462499999999892,star
0.4670000000000023,-0.25400000000000134,-0.24599999999999866,-0.19900000000000162,wd
0.09299999999999997,-0.347999999999999,-0.21499999999999986,-0.41100000000000136,wd
-0.014000000000002899,0.045000000000001705,0.21799999999999997,0.20700000000000074,qso
0.4029999999999987,-0.2759999999999998,-0.26399999999999935,-0.3450000000000024,wd
0.3810000000000002,0.006000000000000227,0.006000000000000227,-0.08600000000000207,wd
0.0779999999999994,-0.39000000000000057,-0.19599999999999795,-0.6240000000000023,wd
1.8002049999999983,0.737992000000002,0.26631300000000024,0.1431699999999978,star
0.19899999999999807,-0.11799999999999855,0.39699999999999847,0.45800000000000196,wd
0.35999999999999943,-0.129999999999999,0.129999999999999,0.045000000000001705,qso
1.2401180000000025,0.5518419999999971,0.16846600000000223,0.0780700000000003,star
1.299044000000002,0.5269200000000005,0.12983499999999815,0.09918799999999983,star
0.5199999999999996,-0.05999999999999872,0.04299999999999926,0.1700000000000017,wd
0.2049999999999983,0.1789999999999985,0.01600000000000179,0.15800000000000125,qso
0.43200000000000216,0.1769999999999996,0.0030000000000001137,-0.06099999999999994,wd
0.9319570000000006,0.33119999999999905,0.1341549999999998,0.018850000000000477,star
0.3730000000000011,-0.1280000000000001,0.09499999999999886,-0.012999999999998124,qso
0.1280000000000001,0.4089999999999989,0.11100000000000065,-0.047999999999998266,qso
1.9706960000000002,0.8054439999999978,0.2810660000000009,0.20777299999999954,star
1.2262169999999983,0.4278639999999996,0.13388500000000292,0.1301509999999979,star
1.334574,0.532159,0.26077500000000065,0.025922999999998808,star
0.2240000000000002,0.13400000000000034,-0.021000000000000796,0.4969999999999999,qso
0.21199999999999974,0.0,-0.11299999999999955,-0.23999999999999844,wd
2.6524579999999993,1.2898059999999987,0.528061000000001,0.27909499999999987,star
-0.07700000000000173,0.2890000000000015,0.047999999999998266,-0.055999999999997385,qso
0.5060000000000002,0.16199999999999903,0.0070000000000014495,-0.08800000000000097,wd
0.09100000000000108,0.27399999999999736,0.41600000000000037,0.25700000000000145,qso
0.9229190000000003,0.10124899999999926,0.23319299999999998,-0.04884099999999947,star
0.5380000000000003,0.20000000000000284,0.07099999999999795,-0.0730000000000004,wd
1.0231500000000011,0.41881599999999963,0.11355000000000004,0.023177999999997922,star
2.3451369999999976,1.098987000000001,0.4005200000000002,0.2332769999999993,star
1.2034110000000027,0.42742599999999875,0.1398849999999996,0.03841500000000053,star
0.10200000000000031,-0.15200000000000102,0.4140000000000015,0.5109999999999992,wd
1.7699320000000007,0.5996959999999998,0.27461100000000016,0.12571499999999958,star
-0.48600000000000065,0.5730000000000004,-0.03999999999999915,-0.03200000000000003,qso
0.21000000000000085,0.15700000000000003,0.10500000000000043,-0.06299999999999883,qso
0.6539999999999999,0.1529999999999987,0.1960000000000015,0.2530000000000001,qso
0.22299999999999898,-0.3609999999999971,-0.245000000000001,-0.3990000000000009,wd
0.1390000000000029,0.14999999999999858,0.26099999999999923,0.1440000000000019,qso
0.39199999999999946,0.07000000000000028,-0.1750000000000007,-0.34299999999999997,wd
2.017409999999998,0.7897110000000005,0.2967070000000014,0.08535699999999835,star
0.13299999999999912,-0.23700000000000188,-0.2839999999999989,-0.2569999999999979,wd
0.4269999999999996,-0.13299999999999912,-0.1750000000000007,-0.12199999999999989,wd
0.27099999999999724,0.2430000000000021,0.16300000000000026,0.007999999999999119,qso
0.43400000000000105,-0.0660000000000025,-0.06599999999999895,0.03500000000000014,wd
-0.1720000000000006,-0.5300000000000011,-0.3279999999999994,-0.6380000000000017,wd
0.5010000000000012,0.03999999999999915,-0.00999999999999801,0.17099999999999937,qso
0.3249999999999993,0.4480000000000004,0.11400000000000077,0.22100000000000009,qso
0.0030000000000001137,0.3470000000000013,0.004999999999999005,-0.17999999999999972,qso
0.16999999999999815,-0.26500000000000057,-0.31799999999999784,-0.20500000000000185,wd
0.3019999999999996,0.06099999999999994,0.2049999999999983,-0.046999999999997044,qso
-0.23900000000000077,-0.3319999999999972,-0.24900000000000233,-0.3879999999999981,wd
-0.36499999999999844,-0.4720000000000013,-0.347999999999999,-0.30600000000000094,wd
0.16400000000000148,-0.23999999999999844,-0.267000000000003,-0.31400000000000006,wd
0.15700000000000003,0.19500000000000028,0.1930000000000014,0.277000000000001,qso
1.0302919999999993,0.15930600000000084,0.06377600000000072,-0.04253999999999891,star
0.6259999999999977,0.10900000000000176,0.019999999999999574,0.09499999999999886,qso
-0.015000000000000568,0.4009999999999998,0.21199999999999974,0.43100000000000094,qso
0.44099999999999895,-0.15700000000000003,-0.06499999999999773,-0.26200000000000045,wd
0.0779999999999994,0.013000000000001677,0.2710000000000008,0.0,qso
2.376705000000001,1.3710759999999986,0.699993000000001,0.28501900000000013,star
0.2029999999999994,0.1999999999999993,0.0020000000000024443,0.28999999999999915,qso
0.36100000000000065,-0.2680000000000007,-0.3550000000000004,0.012000000000000455,wd
-0.09199999999999875,-0.33999999999999986,-0.21000000000000085,-0.277000000000001,wd
-0.013000000000001677,0.12100000000000222,-0.06300000000000239,-0.06899999999999906,qso
1.1239530000000002,0.40602499999999964,0.11831100000000205,0.035796999999998746,star
1.4045400000000008,0.6067269999999994,0.2067629999999987,0.06841300000000139,star
1.4503529999999998,0.5493050000000004,0.20236399999999932,0.07910400000000095,star
2.0009289999999993,0.775665,0.2463829999999998,0.12600600000000028,star
0.2849999999999966,-0.3119999999999976,-0.18299999999999983,0.05099999999999838,wd
-0.2289999999999992,-0.397000000000002,-0.2989999999999995,-0.2799999999999976,wd
1.352999999999998,0.22000000000000242,0.18299999999999983,0.0470000000000006,qso
0.2240000000000002,-0.008000000000002672,0.20000000000000284,0.1059999999999981,qso
0.16799999999999926,-0.31400000000000006,-0.28500000000000014,-0.2789999999999999,wd
0.27800000000000225,-0.08900000000000219,0.17999999999999972,0.2759999999999998,qso
0.4559999999999995,-0.20599999999999952,-0.25900000000000034,-0.14399999999999835,wd
0.4670000000000023,-0.20599999999999952,-0.1490000000000009,-0.2710000000000008,wd
0.40700000000000003,0.0519999999999996,0.2339999999999982,0.0990000000000002,qso
0.30900000000000105,0.5289999999999999,0.14099999999999824,0.10700000000000287,qso
-0.3879999999999981,-0.44200000000000017,-0.36100000000000065,0.018000000000000682,wd
1.454820999999999,0.5379850000000026,0.20951599999999715,0.03481000000000023,star
0.08800000000000097,0.004000000000001336,0.07499999999999929,0.21999999999999886,qso
0.33200000000000074,0.09199999999999875,0.047999999999998266,0.02300000000000324,qso
1.915890000000001,0.7672309999999989,0.3056870000000025,0.13138700000000014,star
1.7209889999999994,0.6382910000000024,0.2599599999999995,0.09149499999999833,star
0.8350340000000003,0.301794000000001,0.07552699999999746,0.045840999999999354,star
0.06800000000000139,0.5299999999999976,0.019999999999999574,0.019999999999999574,qso
0.25900000000000034,0.11100000000000065,0.2699999999999996,-0.06400000000000006,qso
0.20599999999999952,0.13800000000000168,0.00999999999999801,0.4140000000000015,qso
0.37299999999999933,-0.1039999999999992,-0.22199999999999953,-0.18900000000000006,wd
1.650667000000002,0.6097719999999995,0.17009099999999933,0.1316500000000005,star
0.9693879999999986,0.29996200000000073,0.14728900000000067,-0.02153600000000111,star
0.16000000000000014,-0.2560000000000002,-0.18700000000000117,-0.18799999999999883,wd
1.449971999999999,0.513770000000001,0.19537499999999852,0.07972099999999926,star
0.12600000000000122,0.19599999999999795,0.13300000000000267,0.015999999999998238,qso
0.4609999999999985,-0.0779999999999994,-0.17099999999999937,-0.3329999999999984,wd
0.4740000000000002,-0.03200000000000003,0.24200000000000088,0.29199999999999804,qso
0.18799999999999883,0.2579999999999991,0.019999999999999574,-0.10299999999999798,qso
-0.11100000000000065,-0.2530000000000001,-0.27500000000000213,-0.27199999999999847,wd
0.019999999999999574,-0.04100000000000037,0.1750000000000007,-0.008000000000002672,qso
0.029999999999997584,0.4009999999999998,0.10900000000000176,0.01899999999999835,qso
0.3819999999999979,-0.0009999999999976694,-0.08200000000000074,-0.13200000000000145,wd
0.10999999999999943,0.30600000000000094,-0.0019999999999988916,0.13200000000000145,qso
1.1750030000000002,0.417037999999998,0.1630710000000022,0.014062999999996606,star
0.4759999999999991,0.17600000000000193,-0.06300000000000239,0.2630000000000017,qso
0.19799999999999685,0.008000000000002672,0.21699999999999875,0.06500000000000128,qso
-0.12700000000000244,-0.3789999999999978,-0.2640000000000029,-0.31899999999999906,wd
0.29299999999999926,-0.21399999999999864,-0.19000000000000128,-0.3119999999999976,wd
1.8086959999999976,0.7268410000000003,0.24989900000000276,0.07531200000000027,star
0.3910000000000018,-0.11700000000000088,-0.054000000000002046,-0.2859999999999978,wd
2.219035999999999,0.9358050000000002,0.34915399999999863,0.20390500000000067,star
0.0470000000000006,-0.13599999999999923,0.4549999999999983,0.5800000000000018,wd
0.19099999999999895,0.23699999999999832,-0.03200000000000003,0.030000000000001137,qso
0.36799999999999855,0.2049999999999983,0.23600000000000065,0.23100000000000165,qso
-0.10200000000000031,-0.2789999999999999,-0.2430000000000021,-0.2959999999999994,wd
-0.0710000000000015,-0.24799999999999756,-0.2170000000000023,-0.23300000000000054,wd
0.4939999999999998,0.129999999999999,-0.0030000000000001137,-0.11399999999999721,wd
1.1423489999999994,0.46076200000000256,0.15673899999999819,0.11927800000000133,star
0.15700000000000003,-0.25,-0.2010000000000005,-0.10999999999999943,wd
2.569907999999998,1.1628170000000004,0.4771239999999999,0.24417200000000072,star
0.4920000000000009,0.21300000000000097,0.018000000000000682,-0.0730000000000004,wd
0.4239999999999995,0.06800000000000139,-0.02400000000000091,-0.05600000000000094,wd
1.8668329999999997,0.7508410000000012,0.30209199999999825,0.20661700000000138,star
-0.08599999999999852,-0.3760000000000012,-0.28699999999999903,-0.3329999999999984,wd
1.908650999999999,0.9697689999999994,0.3139149999999997,0.19384500000000138,star
0.06299999999999883,0.054000000000002046,0.28800000000000026,0.0329999999999977,qso
0.5150000000000006,0.1559999999999988,-0.08999999999999986,0.277000000000001,qso
1.2158470000000001,0.4194469999999981,0.16699600000000103,0.03261399999999881,star
0.15700000000000003,0.10000000000000142,0.15499999999999758,0.05600000000000094,qso
0.24899999999999878,0.08099999999999952,0.28100000000000236,-0.038000000000000256,qso
0.2970000000000006,-0.2740000000000009,-0.28699999999999903,-0.40800000000000125,wd
0.38400000000000034,-0.28999999999999915,-0.22500000000000142,0.021000000000000796,wd
1.317499999999999,0.4826000000000015,0.171697,0.04119500000000009,star
1.1993790000000004,0.40960899999999967,0.14158799999999871,0.04199600000000103,star
-0.04899999999999949,-0.2970000000000006,-0.37099999999999866,0.36599999999999966,wd
0.1869999999999976,0.17099999999999937,-0.1059999999999981,-0.2530000000000001,qso
0.1869999999999976,0.036000000000001364,0.2289999999999992,0.04100000000000037,qso
1.3470460000000006,0.5232669999999988,0.14776400000000045,0.07283600000000057,star
0.07399999999999807,-0.3149999999999977,-0.28600000000000136,-0.3260000000000005,wd
2.0209919999999997,0.791015999999999,0.2568640000000002,0.1219619999999999,star
0.09600000000000009,0.1529999999999987,0.053000000000000824,-0.04299999999999926,qso
1.9994700000000023,0.6711249999999982,0.49260899999999985,0.07964600000000033,star
0.4920000000000009,-0.0730000000000004,-0.0519999999999996,-0.15899999999999892,wd
0.16799999999999926,-0.06800000000000139,0.10000000000000142,0.05999999999999872,qso
0.9879999999999995,0.7020000000000017,0.4220000000000006,0.3589999999999982,qso
1.6900000000000013,0.1720000000000006,0.2530000000000001,0.10999999999999943,qso
0.1269999999999989,-0.04400000000000048,0.2510000000000012,-0.09199999999999875,qso
2.073705999999998,0.8439610000000002,0.29756800000000183,0.2233269999999976,star
0.5139999999999993,0.2579999999999991,0.3990000000000009,0.08800000000000097,qso
1.7039030000000004,0.6070729999999998,0.23137799999999942,0.03716100000000111,star
0.21799999999999997,0.11899999999999977,0.06800000000000139,0.22499999999999787,qso
0.5760000000000005,0.21499999999999986,0.15200000000000102,0.28600000000000136,qso
0.004999999999999005,0.7149999999999999,0.12600000000000122,0.038999999999997925,qso
0.2779999999999987,0.03500000000000014,0.0030000000000001137,0.12099999999999866,qso
0.0329999999999977,-0.2579999999999991,-0.1700000000000017,-0.2559999999999967,wd
0.35800000000000054,0.39000000000000057,0.13999999999999702,0.0010000000000012221,qso
0.3130000000000024,-0.13599999999999923,0.1369999999999969,0.005000000000002558,qso
1.0029719999999998,0.3404890000000016,0.16012899999999775,0.024395000000001943,star
0.4519999999999982,-0.13200000000000145,-0.14299999999999713,-0.17600000000000193,wd
0.1670000000000016,0.06299999999999883,0.19900000000000162,0.06099999999999994,qso
-0.05999999999999872,-0.28500000000000014,-0.2530000000000001,-0.15600000000000236,wd
1.9646320000000017,0.9280919999999995,0.34734399999999965,0.19611300000000043,star
0.31099999999999994,-0.26099999999999923,-0.2759999999999998,-0.1410000000000018,wd
0.22500000000000142,0.11299999999999955,0.23900000000000077,-0.02400000000000091,qso
0.20400000000000063,0.062000000000001165,0.26899999999999835,-0.16999999999999815,qso
2.5990280000000006,0.9732399999999988,0.4377689999999994,0.22736399999999968,star
1.1401380000000003,-0.08548499999999848,-0.06655500000000103,-0.11371000000000109,star
0.06899999999999906,0.29299999999999926,0.018000000000000682,-0.1670000000000016,qso
2.5840739999999975,1.181555000000003,0.4646410000000003,0.2757359999999984,star
0.3509999999999991,-0.2469999999999999,-0.2859999999999978,-0.005000000000002558,wd
0.3550000000000004,0.31099999999999994,0.35600000000000165,0.08799999999999741,qso
1.2469780000000021,0.4365239999999986,0.09207500000000124,0.1769319999999972,star
0.26500000000000057,0.06899999999999906,-0.129999999999999,0.14000000000000057,qso
0.41499999999999915,0.25700000000000145,0.264999999999997,-0.038999999999997925,qso
1.6210000000000022,0.357999999999997,-0.053999999999998494,0.0070000000000014495,qso
2.1273459999999993,0.8544940000000025,0.3382109999999976,0.19745400000000046,star
0.5259999999999998,0.2029999999999994,0.021000000000000796,-0.05000000000000071,wd
0.8737050000000011,0.36481299999999806,0.1518720000000009,0.07147399999999848,star
1.1243090000000002,0.4984130000000011,0.08740599999999965,0.06611599999999918,star
1.1096530000000016,0.40278799999999926,0.132911,0.04885900000000021,star
1.1769269999999992,0.2562639999999998,0.04068200000000033,-0.03539699999999968,star
-0.28999999999999915,-0.45600000000000307,-0.3289999999999971,-0.19400000000000261,wd
1.7910240000000002,0.7191960000000002,0.24549099999999768,0.1209680000000013,star
0.4610000000000021,0.07199999999999918,-0.1039999999999992,0.053999999999998494,wd
1.193564000000002,0.3971039999999988,0.19767899999999905,0.039531000000000205,star
0.4089999999999989,-0.24099999999999966,-0.18900000000000006,-0.23100000000000165,wd
1.196190999999999,0.43085400000000007,0.14484900000000067,0.009502999999998707,star
0.4139999999999979,0.2190000000000012,0.027999999999998693,-0.015000000000000568,qso
0.38200000000000145,0.05999999999999872,-0.05099999999999838,-0.11700000000000088,wd
0.49299999999999855,0.05500000000000327,-0.10000000000000142,-0.1980000000000004,wd
1.2472609999999982,0.5481359999999995,0.2062160000000013,0.07011500000000126,star
0.3390000000000022,0.4079999999999977,0.21600000000000108,0.20700000000000074,qso
0.4610000000000021,0.053999999999998494,0.1960000000000015,0.038000000000000256,qso
1.1859080000000013,0.42241099999999676,0.25263200000000197,0.0832809999999995,star
0.46799999999999997,-0.19200000000000017,-0.24099999999999966,-0.1960000000000015,wd
0.10099999999999909,0.3279999999999994,0.04100000000000037,0.13500000000000156,qso
1.8608480000000007,0.7312580000000004,0.27399600000000035,0.14208099999999746,star
0.16799999999999926,-0.012000000000000455,0.20300000000000296,0.09199999999999875,qso
0.17199999999999704,0.017000000000003013,0.19499999999999673,-0.0519999999999996,qso
0.1789999999999985,0.20800000000000196,0.03399999999999892,0.05000000000000071,qso
1.5752389999999998,0.6503760000000014,0.27022300000000143,0.15328799999999987,star
1.3519949999999987,0.5278480000000023,0.25400499999999937,0.08917800000000042,star
-0.30299999999999727,-0.4120000000000026,-0.31099999999999994,-0.34199999999999875,wd
2.4695670000000014,0.9915689999999984,0.36011900000000097,0.19993999999999978,star
0.21100000000000207,-0.009000000000000341,0.21699999999999875,-0.07000000000000028,qso
0.6359999999999992,0.1269999999999989,0.010000000000001563,-0.125,wd
0.16699999999999804,-0.3949999999999996,-0.21499999999999986,0.03500000000000014,wd
2.5340779999999974,1.1077879999999993,0.4566410000000012,0.27321500000000043,star
0.3099999999999987,0.41600000000000037,0.17800000000000082,-0.027999999999998693,qso
0.43900000000000006,-0.38500000000000156,-0.25900000000000034,-0.2629999999999981,wd
0.5410000000000004,0.08699999999999974,0.05000000000000071,-0.09100000000000108,wd
0.7560000000000002,0.6640000000000015,1.1609999999999978,0.7310000000000016,wd
1.0093420000000002,0.37161700000000053,0.09937400000000096,0.04642300000000077,star
2.492939,1.133822000000002,0.4249389999999984,0.24488900000000058,star
0.3539999999999992,0.11400000000000077,0.022999999999999687,-0.08699999999999974,wd
0.4220000000000006,0.005999999999996675,-0.04399999999999693,0.046999999999997044,wd
1.6207090000000015,0.6696869999999997,0.23954399999999865,0.19373900000000077,star
0.019000000000001904,-0.02300000000000324,0.19400000000000261,0.015999999999998238,qso
1.17061,0.38512399999999936,0.17520000000000024,0.00356700000000032,star
0.6300000000000026,-0.006000000000000227,0.0730000000000004,0.21499999999999986,qso
0.15399999999999991,0.34499999999999886,-0.03999999999999915,-0.010000000000001563,qso
1.0375589999999981,0.3560030000000012,0.11279899999999898,0.03047600000000017,star
0.26799999999999713,-0.08099999999999952,0.07400000000000162,-0.022999999999999687,qso
0.1960000000000015,-0.0070000000000014495,0.11000000000000298,0.028999999999999915,qso
0.3149999999999977,-0.023999999999997357,0.23199999999999932,0.08200000000000074,qso
-0.1559999999999988,-0.11400000000000077,0.33899999999999864,0.054999999999999716,qso
0.3730000000000011,-0.34199999999999875,-0.20500000000000185,-0.29199999999999804,wd
1.5666979999999988,0.5606360000000006,0.20835899999999974,0.07998700000000092,star
0.4450000000000003,0.022999999999999687,-0.045999999999999375,-0.0010000000000012221,wd
0.2980000000000018,-0.21100000000000207,-0.245000000000001,-0.3559999999999981,wd
-0.41999999999999815,-0.5420000000000016,-0.3769999999999989,-0.12199999999999989,wd
0.1750000000000007,0.0030000000000001137,0.13599999999999923,0.23400000000000176,qso
0.1479999999999997,0.36100000000000065,0.0779999999999994,0.11500000000000199,qso
-0.07400000000000162,-0.34299999999999997,-0.31299999999999883,-0.1700000000000017,wd
1.152518999999998,0.3833490000000026,0.13851199999999864,0.05339800000000139,star
0.11700000000000088,-0.11899999999999977,-0.23000000000000043,0.13899999999999935,wd
0.0710000000000015,0.1529999999999987,-0.013000000000001677,0.42700000000000315,qso
0.836354,0.24004899999999907,0.06918699999999944,0.024703999999999837,star
0.10299999999999798,-0.31599999999999895,-0.254999999999999,-0.05600000000000094,wd
-0.1559999999999988,-0.037000000000002586,0.3440000000000012,-0.24299999999999855,qso
0.15899999999999892,0.2789999999999999,0.12199999999999989,-0.05900000000000105,qso
0.17599999999999838,0.03500000000000014,0.21199999999999974,-0.0009999999999976694,qso
0.036999999999999034,-0.0519999999999996,0.19500000000000028,0.010999999999999233,qso
1.0153099999999995,-0.11303900000000056,-0.1004889999999996,-0.10904700000000034,star
2.3023719999999983,1.163539,0.41843700000000084,0.2566120000000005,star
1.2585070000000016,0.45763900000000035,0.16922399999999982,0.06989899999999949,star
0.4250000000000007,0.254999999999999,0.06400000000000006,0.29799999999999827,qso
-0.41699999999999804,-0.5090000000000003,-0.35300000000000153,-0.28500000000000014,wd
0.8865700000000025,0.29527599999999765,0.13765599999999978,0.02986500000000092,star
-0.4269999999999996,-0.5400000000000027,-0.4309999999999974,0.00999999999999801,wd
1.673489,0.6419890000000024,0.2759799999999988,0.09646299999999997,star
1.2731999999999992,0.46679599999999866,0.16314399999999907,0.08792500000000203,star
0.44099999999999895,0.03100000000000236,-0.18299999999999983,-0.1670000000000016,wd
0.1490000000000009,-0.019999999999999574,0.15499999999999758,-0.0019999999999988916,qso
0.6430000000000007,0.2759999999999998,0.3500000000000014,0.13100000000000023,qso
0.3089999999999975,0.2029999999999994,0.18000000000000327,0.011999999999996902,qso
0.3780000000000001,-0.24899999999999878,-0.2530000000000001,-0.2220000000000013,wd
0.7620000000000005,0.03999999999999915,-0.004000000000001336,0.8140000000000001,qso
-0.004999999999999005,-0.4140000000000015,-0.35999999999999943,-0.19500000000000028,wd
0.1670000000000016,-0.3100000000000023,-0.2789999999999999,-0.33699999999999974,wd
0.5749999999999993,0.16000000000000014,0.07199999999999918,-0.04299999999999926,wd
1.2028430000000014,0.5300750000000001,0.20676399999999973,0.12108100000000022,star
0.006000000000000227,-0.27200000000000024,-0.19899999999999807,-0.22900000000000276,wd
0.14499999999999957,-0.277000000000001,-0.2740000000000009,-0.3069999999999986,wd
0.41199999999999903,0.18100000000000094,0.1579999999999977,0.03500000000000014,qso
0.915811999999999,0.29497900000000143,0.10203200000000123,0.04004300000000072,star
1.8957690000000014,0.8066180000000003,0.3078309999999984,0.13576900000000158,star
-0.07500000000000284,-0.37299999999999756,-0.28000000000000114,-0.3180000000000014,wd
0.2940000000000005,0.08900000000000219,-0.04400000000000048,0.0730000000000004,qso
-0.3669999999999991,-0.46499999999999986,-0.33000000000000185,-0.3309999999999995,wd
0.3810000000000002,-0.24600000000000222,-0.2469999999999999,0.0990000000000002,wd
1.2234419999999986,0.3676250000000021,0.14767999999999937,0.04380300000000048,star
1.154205000000001,0.4221420000000009,0.15574099999999902,0.1048120000000008,star
1.1711549999999988,0.4224480000000028,0.18621799999999666,0.0885680000000022,star
1.499205,0.617027000000002,0.26373599999999975,0.13232700000000008,star
2.1478660000000005,0.8669429999999991,0.3469250000000006,0.1707970000000003,star
0.19200000000000017,0.12300000000000111,-0.13200000000000145,0.03200000000000003,qso
0.26799999999999713,0.022000000000002018,0.27199999999999847,-0.02699999999999747,qso
1.069545999999999,0.3302259999999997,0.14543800000000218,-0.015652000000002886,star
0.11700000000000088,-0.14000000000000057,0.3359999999999985,0.11700000000000088,qso
2.419367000000001,1.0336610000000004,0.4890460000000001,0.22345299999999924,star
0.1039999999999992,0.010999999999999233,0.708000000000002,0.75,wd
0.28699999999999903,0.01699999999999946,-0.08599999999999852,-0.11599999999999966,wd
0.02500000000000213,0.09099999999999753,0.22900000000000276,0.19099999999999895,qso
0.43599999999999994,-0.18200000000000216,-0.20199999999999818,-0.21000000000000085,wd
0.16600000000000037,0.23600000000000065,0.31099999999999994,0.17599999999999838,qso
1.2187149999999995,0.435020999999999,0.14570499999999953,0.057349000000000316,star
0.3829999999999991,0.08599999999999852,0.045000000000001705,-0.015000000000000568,wd
1.016014000000002,0.3914580000000001,0.20878799999999842,-0.06554399999999916,star
0.16000000000000014,0.1980000000000004,-0.06300000000000239,0.04899999999999949,qso
0.3789999999999978,-0.17099999999999937,-0.21499999999999986,-0.24899999999999878,wd
-0.0849999999999973,-0.33200000000000074,-0.23600000000000065,-0.46499999999999986,wd
2.5818360000000027,1.3648339999999983,0.581391,0.3062390000000015,star
0.14699999999999847,0.2789999999999999,0.05600000000000094,-0.06700000000000017,qso
0.2560000000000002,0.003999999999997783,0.09800000000000253,0.1509999999999998,qso
0.1839999999999975,-0.2519999999999989,-0.2759999999999998,-0.2710000000000008,wd
1.732651999999998,0.7174050000000012,0.23833500000000107,0.12412400000000012,star
0.2010000000000005,0.05299999999999727,0.3200000000000003,-0.04299999999999926,qso
2.023381999999998,0.8024450000000005,0.2665670000000002,0.11430599999999913,star
0.2660000000000018,-0.0030000000000001137,-0.20599999999999952,0.28999999999999915,qso
1.070136999999999,0.4052150000000001,0.14006400000000063,0.04099700000000084,star
0.2930000000000028,-0.2640000000000029,-0.25,-0.31999999999999673,wd
2.166514999999997,0.9825290000000031,0.37649199999999894,0.19873999999999903,star
-0.129999999999999,-0.3780000000000001,-0.2840000000000025,-0.34499999999999886,wd
0.379999999999999,0.060000000000002274,-0.01600000000000179,-0.11299999999999955,wd
0.17900000000000205,-0.3390000000000022,-0.125,-0.3539999999999992,wd
1.896725,0.7941070000000003,0.2729319999999973,0.17805099999999996,star
2.531542999999999,1.0582850000000015,0.41402500000000053,0.191535,star
0.4910000000000032,-0.16900000000000048,-0.11599999999999966,-0.3410000000000011,wd
1.054678000000001,0.36021200000000064,0.08864299999999936,0.03599700000000006,star
0.4740000000000002,-0.11700000000000088,-0.17099999999999937,-0.26399999999999935,wd
-0.04100000000000037,0.35600000000000165,-0.09600000000000009,0.04400000000000048,qso
0.19000000000000128,-0.007999999999999119,0.18799999999999883,0.15200000000000102,qso
1.3286669999999994,0.48054499999999933,0.21816199999999952,0.11621900000000096,star
0.08800000000000097,-0.12199999999999989,-0.18400000000000105,-0.007999999999999119,wd
1.6232439999999997,0.6146540000000016,0.2696499999999986,0.11262699999999981,star
2.2992959999999982,0.8088180000000023,0.2835239999999999,0.15536499999999975,star
-0.25,-0.41499999999999915,-0.31299999999999883,-0.5940000000000012,wd
0.4049999999999976,-0.07199999999999918,0.27500000000000213,0.13299999999999912,qso
1.0519770000000008,0.3634379999999986,0.1396220000000028,0.042449999999998766,star
1.1014160000000004,0.4389479999999999,0.1694640000000014,0.05529799999999874,star
0.010000000000001563,-0.23700000000000188,-0.1999999999999993,-0.23699999999999832,wd
0.5480000000000018,0.2729999999999997,0.047999999999998266,0.16300000000000026,qso
2.1798959999999994,0.8581850000000024,0.32680699999999874,0.1587770000000006,star
0.13899999999999935,0.15800000000000125,0.1479999999999997,0.007999999999999119,qso
0.3240000000000016,0.06099999999999994,-0.08800000000000097,-0.08500000000000085,wd
1.8821340000000006,0.8348440000000004,0.29598800000000125,0.13775300000000001,star
1.3307029999999997,0.39591200000000093,0.20092799999999933,0.1124179999999999,star
1.3165759999999977,0.4379729999999995,0.16200100000000006,-0.012945999999999458,star
0.06700000000000017,-0.13400000000000034,0.09800000000000253,0.10099999999999909,qso
0.4280000000000008,-0.21000000000000085,0.10800000000000054,0.4659999999999975,wd
0.06899999999999906,-0.3099999999999987,-0.33200000000000074,-0.19899999999999807,wd
-0.3099999999999987,-0.4430000000000014,-0.32700000000000173,-0.2889999999999979,wd
1.932062000000002,0.7437749999999994,0.2687799999999996,0.19203299999999857,star
0.5259999999999998,0.1180000000000021,0.07699999999999818,-0.14300000000000068,wd
0.05999999999999872,-0.4109999999999978,-0.2510000000000012,-0.35600000000000165,wd
0.40700000000000003,0.028000000000002245,-0.07500000000000284,-0.15499999999999758,wd
0.24399999999999977,0.0940000000000012,0.16400000000000148,-0.04200000000000159,qso
1.0114899999999984,0.32384899999999917,0.10651400000000066,0.02431400000000039,star
0.20700000000000074,-0.33999999999999986,-0.2469999999999999,-0.25900000000000034,wd
1.3443069999999988,0.4921970000000009,0.19895999999999958,0.07271599999999978,star
2.4764830000000018,1.3077559999999977,0.8420390000000015,0.4622820000000001,star
0.03500000000000014,0.28600000000000136,-0.10999999999999943,0.12299999999999756,qso
0.259999999999998,-0.07199999999999918,-0.1509999999999998,0.16300000000000026,qso
0.3550000000000004,0.06599999999999895,-0.134999999999998,0.12599999999999767,wd
1.5265459999999997,0.610907000000001,0.22650299999999746,0.08433199999999985,star
-0.45200000000000173,-0.5109999999999992,-0.34699999999999775,-0.30100000000000193,wd
0.43599999999999994,0.07499999999999929,0.5899999999999999,0.5769999999999982,wd
0.3269999999999982,0.38899999999999935,0.07000000000000028,-0.13400000000000034,qso
0.16499999999999915,0.04400000000000048,0.12400000000000233,0.1789999999999985,qso
0.13700000000000045,-0.360000000000003,-0.25,-0.129999999999999,wd
0.49299999999999855,0.06900000000000261,-0.009000000000000341,-0.028999999999999915,wd
0.15199999999999747,0.2900000000000027,0.013999999999999346,-0.05900000000000105,qso
-0.015000000000000568,-0.014999999999998792,0.2729999999999997,-0.0030000000000001137,qso
0.20899999999999963,-0.028999999999999915,-0.11599999999999966,-0.18700000000000117,wd
0.4480000000000004,-0.04100000000000037,-0.10000000000000142,-0.16300000000000026,wd
0.28600000000000136,-0.1930000000000014,-0.16399999999999793,-0.46499999999999986,wd
0.4269999999999996,-0.20599999999999952,-0.23199999999999932,-0.2560000000000002,wd
1.9829229999999995,0.7989050000000013,0.34540400000000027,0.13960699999999981,star
2.253084000000001,0.8352799999999974,0.319898000000002,0.10211900000000007,star
-0.07800000000000118,-0.44200000000000017,-0.2649999999999988,-0.35499999999999865,wd
0.2920000000000016,-0.2989999999999995,-0.2920000000000016,-0.053000000000000824,wd
0.8852519999999977,0.26490599999999986,0.09395000000000309,0.00648299999999935,star
0.07600000000000051,0.02400000000000091,0.29799999999999827,0.1750000000000007,qso
0.5130000000000017,0.1479999999999997,0.04499999999999815,0.19500000000000028,qso
0.5300000000000011,0.1490000000000009,0.0730000000000004,-0.010999999999999233,wd
1.367220999999999,0.5014400000000006,0.23813399999999874,0.019398000000000692,star
1.3706150000000008,0.5507860000000022,0.18487599999999915,0.015323999999999671,star
0.45899999999999963,-0.1999999999999993,-0.12199999999999989,-0.4289999999999985,wd
1.958786,0.7227519999999998,0.24477499999999885,0.1593309999999999,star
0.38599999999999923,0.31799999999999784,0.37700000000000244,0.12199999999999989,qso
0.36400000000000077,0.15800000000000125,0.21899999999999764,-0.019999999999999574,qso
2.0565560000000005,0.8349200000000003,0.3475280000000005,0.20161500000000032,star
0.3069999999999986,-0.009000000000000341,0.08500000000000085,0.18200000000000216,qso
0.10200000000000031,-0.3569999999999993,-0.28300000000000125,-0.34499999999999886,wd
0.08599999999999852,-0.32399999999999807,-0.3150000000000013,-0.08000000000000185,wd
0.4220000000000006,-0.21699999999999875,0.3410000000000011,-0.17300000000000182,qso
0.2749999999999986,0.3620000000000019,0.16199999999999903,0.17599999999999838,qso
0.3410000000000011,0.04400000000000048,-0.06900000000000261,-0.12599999999999767,wd
1.9941480000000027,0.7761999999999993,0.2677859999999974,0.1259110000000021,star
0.36599999999999966,-0.062000000000001165,-0.11400000000000077,-0.4859999999999971,wd
-0.0070000000000014495,-0.3509999999999991,-0.272000000000002,-0.10299999999999798,wd
1.6467379999999991,0.6437020000000011,0.18855500000000092,0.14041699999999935,star
-0.1280000000000001,-0.28600000000000136,-0.20899999999999963,-0.18400000000000105,wd
0.5100000000000016,0.04200000000000159,0.0379999999999967,-0.12099999999999866,wd
0.16199999999999903,0.277000000000001,-0.019999999999999574,-0.021000000000000796,qso
0.8170000000000002,1.0410000000000004,0.8780000000000001,0.5090000000000003,wd
0.43900000000000006,0.10899999999999821,-0.004999999999999005,-0.13700000000000045,wd
0.4750000000000014,-0.11599999999999966,-0.3470000000000013,0.31200000000000117,wd
1.32761,0.45707700000000173,0.1776479999999978,0.07093400000000116,star
1.8667160000000003,0.798211000000002,0.331904999999999,0.21192100000000025,star
1.3336190000000023,0.6180929999999982,0.21035200000000032,0.09390600000000049,star
-0.3420000000000023,-0.49499999999999744,-0.3520000000000003,-0.2660000000000018,wd
0.3810000000000002,-0.10299999999999798,-0.1960000000000015,-0.2519999999999989,wd
1.0750540000000015,0.3796980000000012,0.10021199999999908,0.05414599999999936,star
2.2604390000000016,0.8951259999999976,0.2854920000000014,0.20425600000000088,star
0.21099999999999852,0.15399999999999991,0.12199999999999989,0.18599999999999994,qso
0.3230000000000004,0.06099999999999994,-0.04899999999999949,-0.062000000000001165,wd
1.3925710000000002,0.5547390000000014,0.22870599999999897,0.1621270000000017,star
0.19399999999999906,-0.1930000000000014,-0.2469999999999999,-0.16699999999999804,wd
1.3045409999999968,0.5216920000000016,0.23010700000000028,0.08297100000000057,star
0.847919000000001,0.24978699999999776,0.08452600000000032,0.009788000000000352,star
-0.0710000000000015,0.3049999999999997,0.01600000000000179,-0.006000000000000227,qso
1.0079999999999991,0.9130000000000003,0.9319999999999986,0.6120000000000001,wd
0.4209999999999994,-0.19399999999999906,-0.21999999999999886,-0.10400000000000276,wd
0.47900000000000276,-0.1880000000000024,-0.20899999999999963,-0.20400000000000063,wd
0.2970000000000006,-0.2950000000000017,-0.2560000000000002,-0.053999999999998494,wd
1.3843370000000021,0.48981099999999955,0.1695670000000007,0.0609909999999978,star
0.2699999999999996,-0.07499999999999929,-0.10500000000000043,-0.254999999999999,wd
0.4220000000000006,-0.26000000000000156,-0.21099999999999852,-0.240000000000002,wd
0.18900000000000006,-0.05099999999999838,0.2859999999999978,-0.022999999999999687,qso
0.24899999999999878,0.21399999999999864,-0.02499999999999858,0.26200000000000045,qso
-0.1280000000000001,0.5180000000000007,-0.06400000000000006,0.019999999999999574,qso
1.1607500000000002,0.42097300000000004,0.1787370000000017,0.02877299999999927,star
1.9167009999999998,0.7472880000000011,0.28707100000000096,0.15753499999999931,star
0.620000000000001,0.3180000000000014,0.2629999999999981,0.15399999999999991,qso
0.41100000000000136,0.09299999999999997,-0.047999999999998266,-0.1620000000000026,wd
0.1930000000000014,-0.3470000000000013,-0.2469999999999999,-0.1509999999999998,wd
0.46699999999999875,-0.11499999999999844,-0.0920000000000023,0.20800000000000196,wd
-0.25900000000000034,-0.5389999999999979,-0.33300000000000196,-0.10999999999999943,wd
2.2566929999999985,0.9787420000000004,0.4092659999999988,0.14740600000000015,star
1.2013820000000024,0.5038370000000008,0.1998679999999986,0.08343500000000148,star
1.635857999999999,0.6746680000000005,0.24577599999999933,0.12805999999999962,star
0.04199999999999804,0.20700000000000074,-0.03900000000000148,-0.09999999999999787,qso
0.39000000000000057,0.09600000000000009,-0.013000000000001677,-0.17499999999999716,wd
1.2599010000000028,0.4388070000000006,0.16380099999999764,0.0533330000000003,star
1.0921999999999983,0.4282570000000021,0.15749499999999728,0.048874000000001416,star
2.5313359999999996,1.1491760000000006,0.46504699999999843,0.22832700000000017,star
1.345521999999999,0.45447200000000265,0.10984399999999894,0.02414100000000019,star
1.3472809999999988,0.5096640000000008,0.1264460000000014,0.10062399999999982,star
1.2091480000000026,0.46134399999999687,0.1803530000000002,0.06919300000000206,star
0.18299999999999983,0.03200000000000003,0.20700000000000074,0.1509999999999998,qso
1.213960000000002,0.46373400000000053,0.13347099999999834,0.03774800000000056,star
0.03300000000000125,0.03999999999999915,0.28999999999999915,-0.2309999999999981,qso
2.599197,1.3775879999999994,0.6584710000000005,0.38605100000000014,star
0.2259999999999991,-0.13500000000000156,-0.13899999999999935,-0.027000000000001023,wd
0.04900000000000304,0.10499999999999687,0.22500000000000142,0.006000000000000227,qso
1.0768829999999987,0.37200400000000045,0.11494300000000024,0.10014699999999976,star
0.9315220000000011,0.277311000000001,0.09416599999999775,0.04866400000000226,star
0.09700000000000131,0.15399999999999991,0.029999999999997584,-0.07599999999999696,qso
1.1432479999999998,0.41677999999999926,0.15614599999999967,0.028674999999999784,star
0.02499999999999858,-0.08200000000000074,0.490000000000002,0.6039999999999992,wd
0.20899999999999963,0.11799999999999855,0.10000000000000142,0.10999999999999943,qso
0.2049999999999983,-0.04499999999999815,-0.07900000000000063,-0.21100000000000207,wd
-0.3930000000000007,-0.41199999999999903,-0.29299999999999926,-0.25700000000000145,wd
1.1794779999999996,0.4608319999999999,0.17705199999999977,0.03620800000000024,star
1.1190069999999999,0.3523409999999991,0.13203300000000162,0.024036999999999864,star
0.06099999999999994,-0.009000000000000341,0.3440000000000012,0.009000000000000341,qso
-0.03999999999999915,-0.3049999999999997,-0.2740000000000009,-0.37099999999999866,wd
0.13599999999999923,-0.2710000000000008,-0.2879999999999967,-0.38000000000000256,wd
1.0220829999999985,0.42446299999999937,0.12252100000000077,0.017044999999999533,star
-0.07400000000000162,0.11700000000000088,0.03100000000000236,0.46799999999999997,qso
1.1490599999999986,0.4262630000000023,0.16774199999999873,0.033023999999999276,star
-0.022999999999999687,-0.06199999999999761,0.20099999999999696,0.08600000000000207,qso
1.0503549999999997,0.3581009999999978,0.14938000000000073,0.05594299999999919,star
-0.003999999999997783,-0.35999999999999943,-0.15700000000000003,0.036999999999999034,wd
0.03599999999999781,-0.14899999999999736,-0.10500000000000043,-0.10600000000000165,wd
0.009000000000000341,-0.2759999999999998,-0.22800000000000153,-0.11100000000000065,wd
0.3099999999999987,0.06299999999999883,0.2890000000000015,0.2010000000000005,qso
0.3049999999999997,-0.28500000000000014,-0.24899999999999878,-0.2270000000000003,wd
0.18999999999999773,-0.29799999999999827,-0.4380000000000024,0.07600000000000051,wd
-0.03500000000000014,-0.31700000000000017,-0.22500000000000142,-0.3030000000000008,wd
0.1999999999999993,0.10600000000000165,0.21899999999999764,0.03500000000000014,qso
2.6115739999999974,1.2014390000000006,0.4409010000000002,0.2285889999999995,star
0.11500000000000199,0.11499999999999844,0.02400000000000091,-0.08800000000000097,qso
0.36100000000000065,0.1789999999999985,0.8170000000000002,0.08600000000000207,qso
1.146024999999998,0.4129080000000016,0.16507199999999855,0.03031299999999959,star
1.1879039999999996,0.3836130000000004,0.1621479999999984,0.06194900000000203,star
0.4710000000000001,-0.19500000000000028,-0.19500000000000028,-0.2259999999999991,wd
-0.06199999999999761,-0.3990000000000009,-0.3230000000000004,-0.26399999999999935,wd
0.9911279999999998,0.36846399999999946,0.1040309999999991,0.03675400000000195,star
0.5510000000000019,0.10999999999999943,-0.03500000000000014,0.129999999999999,qso
0.3420000000000023,0.352999999999998,0.060000000000002274,-0.009000000000000341,qso
0.4450000000000003,-0.17800000000000082,-0.14499999999999957,-0.23900000000000077,wd
0.17199999999999704,0.2870000000000026,-0.037000000000002586,-0.06799999999999784,qso
0.19599999999999795,-0.002999999999996561,0.011999999999996902,0.3130000000000024,qso
0.9947770000000009,0.3475319999999993,0.07827499999999965,0.02280100000000118,star
1.1729069999999986,0.3732950000000024,0.1366669999999992,0.05431899999999956,star
2.4001710000000003,1.1692339999999994,0.4178480000000011,0.26056400000000046,star
1.7539580000000008,0.684076000000001,0.22874399999999895,0.09527100000000033,star
0.09699999999999775,-0.28699999999999903,-0.254999999999999,-0.3000000000000007,wd
0.6410000000000018,0.04499999999999815,0.23600000000000065,0.04899999999999949,qso
0.28300000000000125,0.11499999999999844,0.3240000000000016,0.1369999999999969,qso
1.4435369999999992,0.5558130000000006,0.20991300000000024,0.13217200000000062,star
0.3210000000000015,0.40700000000000003,0.3509999999999991,0.10900000000000176,qso
0.46199999999999974,-0.22500000000000142,-0.2029999999999994,-0.11299999999999955,wd
0.46199999999999974,0.20800000000000196,0.018000000000000682,-0.0779999999999994,wd
1.588719000000001,0.577634999999999,0.16528600000000004,0.04237000000000002,star
0.46000000000000085,-0.1410000000000018,-0.16000000000000014,-0.00999999999999801,wd
1.306555000000003,0.46830899999999787,0.16368300000000247,0.06236799999999931,star
0.2270000000000003,-0.3360000000000021,-0.31299999999999883,-0.3329999999999984,wd
0.264999999999997,0.07900000000000063,0.3219999999999992,0.028999999999999915,qso
1.460993000000002,0.5266399999999969,0.20094900000000138,0.07711000000000112,star
2.5853769999999976,1.1273710000000001,0.41891999999999996,0.2503390000000021,star
0.1739999999999995,0.21799999999999997,0.04100000000000037,0.045000000000001705,qso
0.862131999999999,0.31234500000000054,0.11376399999999975,-0.03040099999999768,star
1.402034999999998,0.563245000000002,0.19551899999999733,0.08453899999999948,star
1.2844209999999983,0.41971500000000184,0.14707199999999965,0.06537600000000054,star
0.4369999999999976,-0.06400000000000006,-0.134999999999998,-0.2740000000000009,wd
0.05600000000000094,0.07099999999999795,0.16000000000000014,0.24200000000000088,qso
1.218363,0.4676910000000021,0.19862999999999786,0.029569000000002177,star
0.2010000000000005,0.11899999999999977,0.17299999999999827,-0.013999999999999346,qso
-0.08399999999999963,-0.2889999999999979,-0.3130000000000024,0.142000000000003,wd
1.2584119999999999,0.47672199999999876,0.16554299999999955,0.0955200000000005,star
0.36400000000000077,-0.2789999999999999,-0.1980000000000004,-0.3099999999999987,wd
0.28200000000000003,0.5050000000000026,0.2029999999999994,-0.03900000000000148,qso
0.39199999999999946,-0.1460000000000008,0.10999999999999943,0.2840000000000025,qso
0.39199999999999946,-0.11700000000000088,-0.1999999999999993,-0.20500000000000185,wd
0.4150000000000027,-0.18100000000000094,-0.22299999999999898,-0.21799999999999997,wd
0.3420000000000023,0.4339999999999975,0.14800000000000324,0.11899999999999977,qso
0.397000000000002,0.027999999999998693,0.129999999999999,0.17600000000000193,qso
1.2045339999999989,0.4487649999999981,0.1891820000000024,0.025252999999999304,star
1.0095290000000006,0.35864999999999725,0.08276599999999945,0.008953000000001765,star
0.21199999999999974,0.3410000000000011,-0.004000000000001336,-0.11799999999999855,qso
0.34299999999999997,0.0799999999999983,0.07800000000000296,0.1339999999999968,qso
0.1869999999999976,-0.003999999999997783,0.14499999999999957,0.18499999999999872,qso
1.2067890000000006,0.4407810000000012,0.17897099999999888,0.029306000000000054,star
0.18400000000000105,0.25900000000000034,0.054999999999999716,0.23900000000000077,qso
1.6288750000000007,0.692733999999998,0.22215900000000133,0.11014499999999927,star
2.0221020000000003,0.7770869999999981,0.29172500000000134,0.09231400000000001,star
1.060687999999999,0.44415900000000264,0.19357699999999767,0.09561899999999923,star
1.7539310000000015,0.620785999999999,0.246023000000001,0.08104399999999856,star
1.0922620000000016,0.4031539999999989,0.15322100000000027,0.07255199999999995,star
0.05900000000000105,0.05999999999999872,0.2270000000000003,0.1700000000000017,qso
1.0549999999999997,0.9640000000000022,0.9199999999999982,0.5399999999999991,wd
0.009000000000000341,0.0009999999999976694,0.16600000000000037,-0.08200000000000074,qso
0.1819999999999986,0.11600000000000321,0.23999999999999844,-0.054999999999999716,qso
0.1280000000000001,0.2010000000000005,0.04099999999999682,0.0070000000000014495,qso
0.912706,0.31300600000000145,0.16968100000000064,-0.021032000000001716,star
-0.1930000000000014,-0.44399999999999906,-0.31400000000000006,-0.31599999999999895,wd
2.4790819999999982,1.1150300000000009,0.40323700000000073,0.20483999999999902,star
0.5179999999999971,0.04100000000000037,0.2029999999999994,0.43900000000000006,wd
0.15800000000000125,0.2240000000000002,0.3509999999999991,0.0329999999999977,qso
1.6091979999999992,0.45265999999999806,0.531880000000001,0.13503700000000052,star
1.1847190000000012,0.45920199999999767,0.17911700000000152,0.052949999999999164,star
-0.013000000000001677,-0.34499999999999886,-0.2959999999999994,0.12600000000000122,wd
1.0396210000000021,0.24560999999999922,0.029365000000000308,0.014889000000000152,star
0.15000000000000213,0.1460000000000008,0.2749999999999986,-0.006000000000000227,qso
0.3240000000000016,-0.2959999999999994,-0.18299999999999983,-0.19200000000000017,wd
0.43100000000000094,-0.2270000000000003,-0.2680000000000007,-0.3839999999999968,wd
1.2708849999999998,0.45910299999999893,0.17381000000000135,0.05766099999999952,star
0.39000000000000057,0.22300000000000253,0.21099999999999852,0.16600000000000037,qso
0.38599999999999923,-0.08599999999999852,-0.11500000000000199,-0.28300000000000125,wd
0.09799999999999898,0.07499999999999929,0.21999999999999886,0.028000000000002245,qso
1.4641140000000021,0.527949999999997,0.2541159999999998,0.12713200000000313,star
0.1999999999999993,0.030999999999998806,0.20599999999999952,0.3180000000000014,qso
0.31799999999999784,-0.1559999999999988,0.16300000000000026,0.2029999999999994,qso
0.4220000000000006,0.29399999999999693,0.43200000000000216,0.5019999999999989,qso
0.1130000000000031,-0.28600000000000136,-0.3949999999999996,-0.3829999999999991,wd
0.5180000000000007,-0.12199999999999989,-0.1620000000000026,-0.29299999999999926,wd
1.9586079999999981,0.7771480000000004,0.3285499999999999,0.14295400000000136,star
1.261978000000001,0.474005,0.2042230000000007,0.032675999999998595,star
1.7014180000000003,0.5982950000000002,0.2266710000000014,0.04168999999999912,star
0.0,0.11299999999999955,0.05700000000000216,-0.08600000000000207,qso
1.0663030000000013,0.5230619999999995,0.18759499999999818,0.032143000000001365,star
0.3569999999999993,0.20800000000000196,0.16900000000000048,-0.10800000000000054,qso
1.247084000000001,0.47413799999999995,0.15916799999999753,0.10510500000000178,star
2.470210999999999,1.2366069999999993,0.44175699999999907,0.2997000000000014,star
0.036999999999999034,-0.2789999999999999,-0.2680000000000007,-0.31799999999999784,wd
1.585091000000002,0.5588119999999996,0.21752099999999963,0.09726399999999913,star
-0.05299999999999727,-0.3960000000000008,-0.2809999999999988,-0.3190000000000026,wd
0.4190000000000005,-0.20899999999999963,-0.17900000000000205,-0.2989999999999995,wd
0.03500000000000014,-0.2959999999999994,-0.26099999999999923,0.0329999999999977,wd
2.052885,0.9727970000000017,0.34675799999999946,0.17119000000000106,star
1.043165000000002,0.0591029999999968,-0.001606999999999914,-0.06894699999999787,star
1.222811,0.4212379999999989,0.11076699999999917,0.08206200000000052,star
-0.15900000000000247,-0.3460000000000001,-0.3379999999999974,-0.34299999999999997,wd
1.2335259999999977,0.4785010000000014,0.22194999999999965,0.10730799999999974,star
0.4839999999999982,-0.02499999999999858,-0.0259999999999998,-0.1039999999999992,wd
-0.24899999999999878,-0.4440000000000026,-0.3689999999999998,-0.2519999999999989,wd
-0.245000000000001,0.40300000000000225,-0.019000000000001904,0.010999999999999233,qso
0.5579999999999998,0.13300000000000267,0.0470000000000006,-0.15800000000000125,wd
0.370000000000001,-0.120000000000001,0.23600000000000065,-0.03500000000000014,qso
0.4059999999999988,0.010999999999999233,0.03900000000000148,0.1609999999999978,qso
0.13299999999999912,-0.3349999999999973,-0.33000000000000185,-0.2759999999999998,wd
1.9262249999999987,0.8056720000000013,0.32536899999999847,0.19066199999999967,star
2.0564750000000025,0.7831199999999985,0.28518000000000043,0.1254539999999995,star
0.2879999999999967,0.0660000000000025,0.11699999999999733,-0.003999999999997783,qso
0.4039999999999999,-0.12300000000000111,-0.09100000000000108,-0.27099999999999724,wd
0.3509999999999991,-0.019999999999999574,-0.007999999999999119,0.038000000000000256,qso
1.2457729999999998,0.3863050000000001,0.1579480000000011,0.016795999999999367,star
0.16999999999999815,0.04299999999999926,0.2840000000000025,0.0329999999999977,qso
0.2660000000000018,-0.33500000000000085,-0.2740000000000009,0.10000000000000142,wd
0.07600000000000051,0.06099999999999994,0.2259999999999991,0.11599999999999966,qso
0.37599999999999767,0.07800000000000296,-0.07900000000000063,0.16000000000000014,qso
0.09699999999999775,0.3539999999999992,0.3470000000000013,0.14499999999999957,qso
1.4515669999999972,0.5084340000000012,0.1668030000000016,0.08150299999999966,star
0.35700000000000287,-0.25400000000000134,-0.3150000000000013,-0.2859999999999978,wd
2.561314999999997,1.4043390000000002,0.6775450000000021,0.35677499999999895,star
-0.11199999999999832,-0.3979999999999997,-0.30200000000000315,-0.19099999999999895,wd
-0.0710000000000015,-0.40700000000000003,-0.3009999999999984,-0.5440000000000005,wd
1.8661519999999996,0.7482900000000008,0.25548700000000046,0.14674300000000073,star
0.5570000000000022,0.18799999999999883,0.06299999999999883,-0.02699999999999747,wd
-0.09700000000000131,-0.2940000000000005,-0.2699999999999996,-0.26200000000000045,wd
0.3960000000000008,0.19500000000000028,0.018000000000000682,0.19699999999999918,qso
0.5500000000000007,-0.15600000000000236,-0.2240000000000002,-0.12299999999999756,wd
1.8208680000000008,0.6743710000000007,0.2750860000000017,0.1102269999999983,star
0.06099999999999994,-0.3200000000000003,-0.26399999999999935,-0.3520000000000003,wd
-0.2029999999999994,-0.21999999999999886,-0.3230000000000004,-0.11500000000000199,wd
0.05600000000000094,0.12099999999999866,0.679000000000002,0.5779999999999994,wd
0.4089999999999989,-0.030000000000001137,-0.11399999999999721,-0.16400000000000148,wd
0.045999999999999375,-0.31099999999999994,-0.2680000000000007,-0.39000000000000057,wd
0.5120000000000005,0.11899999999999977,0.09299999999999997,0.08399999999999963,qso
0.43100000000000094,0.22500000000000142,0.19200000000000017,0.27399999999999736,qso
-0.11199999999999832,0.19699999999999918,-0.00999999999999801,-0.12700000000000244,qso
0.12199999999999989,0.09499999999999886,-0.10199999999999676,0.12899999999999778,qso
0.021999999999998465,-0.3290000000000006,-0.24799999999999756,-0.272000000000002,wd
-0.34999999999999787,-0.4819999999999993,-0.32800000000000296,0.05600000000000094,wd
0.41999999999999815,0.04899999999999949,-0.06499999999999773,-0.05100000000000193,wd
1.0078010000000006,0.3079459999999994,0.12755600000000022,0.040726999999998625,star
0.14000000000000057,-0.30100000000000193,-0.2539999999999978,-0.3940000000000019,wd
1.3891850000000012,0.45888300000000015,0.22557999999999723,0.012758000000001601,star
0.35800000000000054,-0.17599999999999838,-0.1650000000000027,-0.29199999999999804,wd
1.0448450000000022,0.39426599999999823,0.08742499999999964,0.07536900000000024,star
0.20899999999999963,-0.0019999999999988916,0.15199999999999747,-0.006000000000000227,qso
0.33999999999999986,-0.18900000000000006,0.036000000000001364,0.1490000000000009,wd
1.502286999999999,0.6003179999999997,0.2634109999999996,0.12945599999999935,star
0.6210000000000022,0.5769999999999982,1.2660000000000018,0.9860000000000007,wd
1.4140589999999982,0.3801330000000007,0.18754599999999932,0.040439000000001,star
0.08999999999999986,-0.37299999999999756,-0.28000000000000114,-0.3569999999999993,wd
0.20300000000000296,0.1739999999999995,0.0799999999999983,0.12400000000000233,qso
0.08400000000000318,0.04199999999999804,0.28999999999999915,0.027000000000001023,qso
0.4350000000000023,0.134999999999998,0.10099999999999909,0.1680000000000028,qso
0.4140000000000015,-0.16199999999999903,-0.1620000000000026,-0.1789999999999985,wd
2.6321239999999975,1.1707810000000016,0.4170059999999989,0.27409700000000115,star
0.9689679999999967,0.29314000000000107,0.13346500000000106,-0.002962000000000131,star
1.8767430000000012,0.7498520000000006,0.2533449999999977,0.14426000000000094,star
-0.0030000000000001137,0.08800000000000097,-0.09800000000000253,-0.11499999999999844,qso
0.5889999999999986,0.021000000000000796,-0.02499999999999858,0.1599999999999966,qso
0.03900000000000148,0.045999999999999375,-0.07600000000000051,0.48300000000000054,qso
1.3669400000000032,0.4099769999999978,0.15335699999999974,0.08182100000000148,star
2.2399179999999994,0.998934000000002,0.3131719999999998,0.14064499999999924,star
0.32700000000000173,-0.038000000000000256,0.2029999999999994,0.2010000000000005,qso
-0.06899999999999906,-0.3539999999999992,-0.23000000000000043,-0.24399999999999977,wd
0.125,0.13899999999999935,0.13400000000000034,0.2699999999999996,qso
1.8279999999999994,0.22299999999999898,0.0730000000000004,0.010000000000001563,qso
0.18500000000000227,0.003999999999997783,0.19200000000000017,0.0070000000000014495,qso
0.07199999999999918,-0.3769999999999989,-0.27500000000000213,-0.48900000000000077,wd
1.1715489999999988,0.49275599999999997,0.17244099999999918,0.06311100000000103,star
1.891489,0.7794820000000016,0.3109529999999996,0.17203899999999983,star
0.254999999999999,0.1479999999999997,0.4930000000000021,-0.01600000000000179,qso
0.23000000000000043,0.0589999999999975,0.26500000000000057,0.07400000000000162,qso
0.36400000000000077,0.18400000000000105,0.16499999999999915,0.3949999999999996,qso
0.9590950000000014,0.38079299999999705,0.12526800000000193,0.079896999999999,star
0.2660000000000018,0.34499999999999886,0.08500000000000085,0.07099999999999795,qso
1.476535000000002,0.5818200000000004,0.19835799999999892,0.1269859999999987,star
0.019999999999999574,0.2469999999999999,-0.0070000000000014495,-0.1039999999999992,qso
1.1997350000000004,0.517078999999999,0.13940600000000103,0.051126000000000005,star
0.6809999999999974,0.6600000000000001,0.8260000000000005,0.583000000000002,wd
2.0399509999999985,0.7974390000000007,0.38956500000000105,0.17505399999999938,star
1.137163000000001,0.37310599999999994,0.16905599999999765,0.06662700000000044,star
0.24599999999999866,-0.3180000000000014,-0.2619999999999969,-0.3780000000000001,wd
0.3930000000000007,0.13400000000000034,0.1789999999999985,-0.07199999999999918,qso
0.945328,0.30566599999999866,0.11539300000000097,0.03900300000000101,star
2.2730050000000013,0.938269,0.31550099999999937,0.10862700000000025,star
0.1980000000000004,0.038000000000000256,0.036999999999999034,0.13700000000000045,qso
1.2450180000000017,0.42606500000000125,0.1533699999999989,0.06155000000000044,star
0.4610000000000021,0.03999999999999915,-0.02500000000000213,-0.6049999999999969,wd
1.6792370000000005,0.6306499999999993,0.19116,0.10368000000000066,star
0.05900000000000105,0.31599999999999895,-0.13799999999999812,-0.13200000000000145,wd
1.528268999999998,0.6333730000000024,0.20764699999999792,0.11060200000000009,star
1.1283320000000003,0.4125209999999999,0.13618699999999961,0.011623000000000161,star
0.08799999999999741,0.25700000000000145,0.030999999999998806,-0.07499999999999929,qso
0.32700000000000173,-0.0030000000000001137,-0.10700000000000287,-0.20599999999999952,wd
0.19899999999999807,-0.31899999999999906,-0.2010000000000005,0.2729999999999997,wd
1.2264730000000021,0.43917499999999876,0.10481099999999977,0.10593800000000009,star
0.19099999999999895,0.06299999999999883,0.11000000000000298,-0.19000000000000128,qso
0.33000000000000185,-0.21100000000000207,-0.24099999999999966,-0.25400000000000134,wd
1.461777999999999,0.5504690000000032,0.1573999999999991,0.11529900000000026,star
0.08800000000000097,0.14199999999999946,0.3150000000000013,0.020999999999997243,qso
0.379999999999999,-0.2099999999999973,-0.26000000000000156,-0.28200000000000003,wd
0.2809999999999988,0.02499999999999858,-0.0519999999999996,-0.2629999999999981,wd
2.7315429999999985,1.3634350000000008,0.49176600000000015,0.3301480000000012,star
0.2170000000000023,0.5989999999999966,0.2950000000000017,0.22800000000000153,qso
2.405645,1.0793970000000002,0.46813099999999963,0.30065099999999845,star
1.4271460000000005,0.5250069999999987,0.1406179999999999,0.07509699999999953,star
0.5390000000000015,0.15700000000000003,0.0470000000000006,-0.09299999999999997,wd
0.4490000000000016,-0.11799999999999855,-0.1769999999999996,-0.25800000000000267,wd
0.5330000000000013,0.11199999999999832,-0.04899999999999949,-0.11400000000000077,wd
0.2539999999999978,0.07800000000000296,0.3689999999999998,0.33999999999999986,qso
0.12199999999999989,0.13500000000000156,0.015999999999998238,0.33000000000000185,qso
0.1960000000000015,0.11999999999999744,0.23199999999999932,0.0660000000000025,qso
1.0845640000000003,0.35512299999999897,0.12333500000000086,0.07070199999999716,star
0.2890000000000015,-0.18500000000000227,-0.14199999999999946,-0.19399999999999906,wd
0.34299999999999997,0.2010000000000005,0.4540000000000006,0.0519999999999996,qso
1.720606,0.682741,0.19197999999999737,0.1413480000000007,star
0.014000000000002899,-0.3190000000000026,-0.36999999999999744,-0.09100000000000108,wd
0.3760000000000012,-0.027000000000001023,0.2029999999999994,0.03500000000000014,qso
0.9992560000000026,0.3941669999999977,0.1600210000000004,0.05635600000000096,star
0.9917660000000001,0.3301759999999998,0.13697100000000084,0.014908000000000143,star
0.9839040000000026,0.36396199999999723,0.1241000000000021,0.025891999999998916,star
0.19200000000000017,-0.370000000000001,-0.2789999999999999,-0.34699999999999775,wd
0.10099999999999909,0.11400000000000077,0.134999999999998,-0.08500000000000085,qso
0.02400000000000091,0.0940000000000012,0.01699999999999946,-0.1440000000000019,wd
0.14000000000000057,0.20400000000000063,-0.04899999999999949,0.4129999999999967,qso
0.14499999999999957,0.08000000000000185,-0.08699999999999974,0.03399999999999892,qso
0.4029999999999987,0.09100000000000108,-0.0070000000000014495,0.010999999999999233,wd
-0.2920000000000016,-0.4540000000000006,-0.2759999999999998,-0.4009999999999998,wd
-0.11499999999999844,-0.2630000000000017,-0.24099999999999966,-0.26599999999999824,wd
0.41699999999999804,0.2430000000000021,0.34999999999999787,0.20200000000000173,qso
2.3694039999999994,1.006646,0.4340679999999999,0.245514,star
0.33699999999999974,0.1999999999999993,0.29299999999999926,0.004000000000001336,qso
0.14700000000000202,0.21199999999999974,-0.060000000000002274,0.006000000000000227,qso
2.5277770000000004,1.1995649999999998,0.4941469999999981,0.24333700000000036,star
-0.31599999999999895,-0.21300000000000097,0.36599999999999966,0.3049999999999997,wd
2.6431619999999967,1.2491600000000034,0.4679489999999973,0.2738580000000006,star
0.15200000000000102,0.06700000000000017,0.16799999999999926,-0.0799999999999983,qso
0.4969999999999999,-0.038000000000000256,-0.12599999999999767,-0.19400000000000261,wd
0.3260000000000005,-0.1269999999999989,0.5960000000000001,0.7360000000000007,wd
0.0259999999999998,0.03200000000000003,0.19699999999999918,0.22199999999999775,qso
1.969072999999998,0.7319030000000026,0.3559709999999985,0.13321499999999986,star
-0.047999999999998266,0.4529999999999994,0.06700000000000017,0.09499999999999886,qso
2.030339999999999,0.8199459999999998,0.3321100000000001,0.11362499999999898,star
0.18999999999999773,0.23700000000000188,0.04199999999999804,0.021000000000000796,qso
2.5070700000000024,1.112845,0.44207599999999836,0.14951399999999992,star
0.4740000000000002,-0.054000000000002046,0.0940000000000012,-0.10899999999999821,wd
1.692774,0.6822680000000005,0.2647479999999973,0.13283500000000004,star
0.3410000000000011,0.21199999999999974,0.3009999999999984,0.053000000000000824,qso
1.0134489999999978,0.31761900000000054,0.13614100000000207,0.05257999999999896,star
-0.04199999999999804,-0.3290000000000006,-0.2710000000000008,-0.36499999999999844,wd
0.30600000000000094,0.038000000000000256,-0.10800000000000054,-0.05799999999999983,wd
0.13800000000000168,0.4319999999999986,-0.06500000000000128,-0.08799999999999741,qso
0.3769999999999989,0.10099999999999909,0.29100000000000037,-0.027999999999998693,qso
0.3880000000000017,-0.21799999999999997,-0.21100000000000207,-0.30299999999999727,wd
0.11699999999999733,0.04400000000000048,0.02500000000000213,0.08599999999999852,qso
0.2889999999999979,0.43900000000000006,0.26099999999999923,0.41100000000000136,qso
0.20200000000000173,0.12399999999999878,0.22500000000000142,0.007999999999999119,qso
-0.06099999999999994,-0.4380000000000024,-0.3119999999999976,-0.3460000000000001,wd
-0.021999999999998465,-0.4450000000000003,-0.18599999999999994,-0.5259999999999998,wd
0.23600000000000065,0.2309999999999981,0.20400000000000063,0.2480000000000011,qso
0.22100000000000009,0.31599999999999895,0.12900000000000134,0.20700000000000074,qso
0.5139999999999993,-0.2240000000000002,-0.24399999999999977,-0.09299999999999997,wd
1.7845520000000015,0.7158350000000002,0.25974899999999934,0.11975400000000036,star
0.16499999999999915,-0.08699999999999974,-0.03900000000000148,-0.3539999999999992,wd
0.4289999999999985,0.09700000000000131,0.004000000000001336,0.3049999999999997,qso
0.4809999999999981,-0.2569999999999979,-0.1039999999999992,-0.47800000000000153,wd
0.8379999999999974,0.2170000000000023,0.2289999999999992,-0.02499999999999858,qso
0.2480000000000011,-0.02499999999999858,-0.1479999999999997,0.19599999999999795,qso
1.6190660000000001,0.644264999999999,0.18974400000000102,0.10813499999999898,star
1.6463889999999992,0.6018380000000008,0.23573100000000125,0.1033319999999982,star
-0.44799999999999685,-0.5250000000000021,-0.3550000000000004,-0.37299999999999756,wd
0.35700000000000287,-0.0070000000000014495,0.38899999999999935,0.3520000000000003,qso
0.25900000000000034,-0.277000000000001,-0.24299999999999855,-0.2640000000000029,wd
0.3549999999999969,-0.2539999999999978,-0.25900000000000034,-0.40000000000000213,wd
0.4029999999999987,0.5410000000000004,0.009000000000000341,0.15399999999999991,qso
0.43299999999999983,0.021000000000000796,-0.10200000000000031,-0.08100000000000307,wd
0.18299999999999983,-0.3290000000000006,-0.21399999999999864,-0.24599999999999866,wd
0.05999999999999872,0.31700000000000017,-0.06999999999999673,-0.0730000000000004,qso
2.5586069999999985,1.400221000000002,0.7079899999999988,0.41810599999999987,star
0.120000000000001,0.06700000000000017,-0.16799999999999926,-0.15500000000000114,wd
0.09099999999999753,0.019999999999999574,0.370000000000001,-0.007999999999999119,qso
0.30200000000000315,-0.2150000000000034,-0.18499999999999872,-0.46999999999999886,wd
0.384999999999998,0.0990000000000002,0.004000000000001336,-0.13899999999999935,wd
0.018000000000000682,0.18599999999999994,-0.013999999999999346,-0.16900000000000048,qso
1.021051,0.40510599999999997,0.16069599999999973,0.03187699999999971,star
1.1788249999999998,0.4075300000000013,0.16275799999999663,0.017295000000000726,star
0.20899999999999963,0.036999999999999034,0.08300000000000196,0.09299999999999997,qso
0.4490000000000016,0.21999999999999886,0.06500000000000128,0.4139999999999979,qso
0.1490000000000009,-0.0990000000000002,-0.16999999999999815,-0.18200000000000216,wd
1.2685839999999988,0.4432120000000008,0.14387799999999906,0.00405500000000103,star
0.43100000000000094,-0.20400000000000063,-0.2010000000000005,-0.0019999999999988916,wd
-0.20600000000000307,-0.43599999999999994,-0.3200000000000003,-0.31400000000000006,wd
0.28699999999999903,-0.09600000000000009,-0.2789999999999999,-0.2560000000000002,wd
0.4259999999999984,-0.2630000000000017,-0.3289999999999971,-0.010000000000001563,wd
0.13000000000000256,-0.29900000000000304,-0.23899999999999721,-0.4400000000000013,wd
0.37099999999999866,-0.24899999999999878,-0.22100000000000009,-0.26599999999999824,wd
0.11600000000000321,0.07499999999999929,0.33699999999999974,0.012999999999998124,qso
0.1789999999999985,0.2700000000000031,0.6759999999999984,0.5330000000000013,wd
2.494415,1.1144789999999993,0.4539659999999994,0.28318500000000135,star
0.0990000000000002,0.13599999999999923,-0.04499999999999815,-0.1479999999999997,qso
0.053999999999998494,-0.02699999999999747,-0.2170000000000023,-0.21499999999999986,wd
0.31200000000000117,0.0379999999999967,0.18400000000000105,0.2220000000000013,qso
0.2680000000000007,-0.2240000000000002,-0.14199999999999946,-0.2699999999999996,wd
-0.1280000000000001,-0.36499999999999844,-0.3520000000000003,-0.240000000000002,wd
0.47199999999999775,0.2220000000000013,0.08000000000000185,-0.1440000000000019,wd
0.29900000000000304,0.26799999999999713,0.28800000000000026,0.030000000000001137,qso
2.319060999999998,1.0029280000000007,0.3924500000000002,0.21174599999999977,star
0.09700000000000131,0.17199999999999704,-0.0519999999999996,-0.07499999999999929,qso
0.3930000000000007,0.12600000000000122,-0.0030000000000001137,0.07099999999999795,wd
0.05099999999999838,-0.37099999999999866,-0.272000000000002,-0.3619999999999983,wd
0.5629999999999988,0.03300000000000125,-0.13000000000000256,0.2870000000000026,qso
1.0205020000000005,0.24259499999999967,0.2874579999999991,0.008047000000001248,star
-0.3760000000000012,-0.46799999999999997,-0.2879999999999967,-0.6820000000000022,wd
0.14300000000000068,0.37599999999999767,0.021000000000000796,-0.06700000000000017,qso
0.4800000000000004,-0.03999999999999915,-0.08800000000000097,-0.2069999999999972,wd
0.055999999999997385,0.14800000000000324,0.13299999999999912,0.24099999999999966,qso
2.469759,1.016684999999999,0.39093599999999995,0.18698300000000145,star
0.07499999999999929,-0.3290000000000006,-0.2519999999999989,-0.18700000000000117,wd
1.0358599999999996,0.33998499999999865,0.1921280000000003,0.02124900000000096,star
0.43799999999999883,-0.027999999999998693,-0.08500000000000085,-0.0990000000000002,wd
2.576626000000001,1.2091999999999992,0.4254339999999992,0.3017580000000013,star
1.1709560000000003,0.4243009999999998,0.18271700000000024,0.094773,star
0.1559999999999988,0.1720000000000006,-0.06400000000000006,0.22100000000000009,qso
0.2660000000000018,0.08599999999999852,0.26500000000000057,0.19200000000000017,qso
0.2519999999999989,0.036000000000001364,-0.038000000000000256,-0.11899999999999977,wd
1.1678370000000022,0.447298,0.16582099999999755,0.05347100000000182,star
0.4450000000000003,0.4280000000000008,0.012000000000000455,-0.08599999999999852,qso
-0.24200000000000088,-0.46999999999999886,-0.3049999999999997,-0.24599999999999866,wd
0.04100000000000037,0.07499999999999929,0.7989999999999995,0.7240000000000002,wd
0.14699999999999847,0.008000000000002672,0.31599999999999895,0.14499999999999957,qso
0.0379999999999967,0.1860000000000035,-0.07900000000000063,-0.09700000000000131,qso
-0.028999999999999915,-0.09500000000000242,0.2680000000000007,0.23600000000000065,qso
0.2480000000000011,-0.1410000000000018,0.10800000000000054,-0.09499999999999886,qso
1.2230150000000002,0.4035340000000005,0.1248509999999996,0.03788199999999975,star
1.5509960000000014,0.5856479999999991,0.2488369999999982,-0.06219899999999967,star
0.44200000000000017,0.09699999999999775,0.11500000000000199,-0.021000000000000796,wd
-0.10800000000000054,-0.42900000000000205,-0.28999999999999915,-0.3569999999999993,wd
0.2799999999999976,0.3950000000000031,0.2889999999999979,-0.06700000000000017,qso
-0.08099999999999952,0.3329999999999984,0.01600000000000179,-0.04800000000000182,qso
1.2850360000000016,0.4578819999999979,0.14985100000000173,0.04852399999999868,star
0.4140000000000015,0.02499999999999858,0.30700000000000216,0.17199999999999704,qso
0.10999999999999943,-0.3130000000000024,-0.2809999999999988,-0.22500000000000142,wd
0.20800000000000196,0.10800000000000054,0.14599999999999724,0.04800000000000182,qso
1.6698149999999998,0.6320060000000005,0.2524040000000003,0.10332899999999867,star
1.281053,0.47420499999999777,0.28296700000000286,0.08309899999999715,star
-0.038000000000000256,0.13000000000000256,0.055999999999997385,-0.08199999999999719,qso
0.4480000000000004,-0.2079999999999984,-0.20599999999999952,-0.2220000000000013,wd
1.0518429999999999,0.33615499999999976,0.10808399999999985,0.006944999999999979,star
0.39899999999999736,-0.18099999999999739,-0.20400000000000063,-0.2029999999999994,wd
1.4348930000000024,0.511181999999998,0.19099699999999942,0.07882800000000145,star
0.14699999999999847,0.2660000000000018,0.24099999999999966,0.0519999999999996,qso
0.3880000000000017,0.26200000000000045,0.8409999999999975,0.6449999999999996,wd
0.3069999999999986,0.10800000000000054,0.19099999999999895,-0.09399999999999764,qso
0.3509999999999991,-0.20899999999999963,-0.31599999999999895,-0.0519999999999996,wd
0.3769999999999989,-0.18900000000000006,-0.23199999999999932,-0.22299999999999898,wd
0.4819999999999993,-0.08899999999999864,0.06099999999999994,-0.027000000000001023,qso
1.2534789999999987,0.5069449999999982,0.18318000000000012,0.058660000000003265,star
0.46300000000000097,0.0009999999999976694,-0.05999999999999872,-0.1559999999999988,wd
0.8756599999999999,0.2978570000000005,0.06999799999999823,0.04557800000000256,star
0.9142939999999982,0.32009100000000146,0.1478369999999991,0.07168899999999923,star
0.2010000000000005,0.23699999999999832,0.10700000000000287,0.07899999999999707,qso
0.15500000000000114,0.3279999999999994,0.6209999999999987,0.4440000000000026,wd
0.352999999999998,0.2610000000000028,0.07299999999999685,-0.09999999999999787,qso
1.161051999999998,0.5069930000000014,0.2415219999999998,0.09990299999999941,star
0.2759999999999998,-0.23199999999999932,-0.2560000000000002,-0.2339999999999982,wd
2.5345329999999997,1.3774780000000018,0.5304279999999988,0.3131409999999999,star
0.4450000000000003,0.12399999999999878,0.5,0.690999999999999,wd
0.41499999999999915,-0.053000000000000824,-0.19500000000000028,-0.12899999999999778,wd
0.3279999999999994,0.5410000000000004,0.13500000000000156,0.00999999999999801,qso
1.2049979999999998,0.45469300000000246,-0.0851360000000021,0.36043300000000045,star
-0.06099999999999994,-0.3260000000000005,-0.3329999999999984,-0.4269999999999996,wd
0.30400000000000205,-0.054999999999999716,-0.13299999999999912,-0.24900000000000233,wd
0.4569999999999972,-0.12399999999999878,-0.1039999999999992,-0.2430000000000021,wd
-0.08000000000000185,0.013000000000001677,0.2270000000000003,0.004999999999999005,qso
0.33100000000000307,0.006999999999997897,-0.09999999999999787,0.03399999999999892,qso
0.036999999999999034,-0.022999999999999687,-0.0519999999999996,0.5579999999999998,qso
0.31200000000000117,0.036999999999999034,0.28600000000000136,-0.05600000000000094,qso
0.2680000000000007,-0.2940000000000005,-0.20899999999999963,-0.25900000000000034,wd
0.43100000000000094,0.4009999999999998,0.1109999999999971,0.5840000000000032,qso
0.2569999999999979,0.12600000000000122,0.30100000000000193,-0.036000000000001364,qso
-0.029999999999997584,-0.16400000000000148,-0.2079999999999984,-0.22100000000000009,wd
1.9124870000000023,0.8804289999999995,0.24600399999999922,0.1627270000000003,star
2.6811369999999997,1.3620149999999995,0.566517000000001,0.32161999999999935,star
-0.2510000000000012,-0.48999999999999844,-0.30600000000000094,-0.33699999999999974,wd
0.31200000000000117,-0.15600000000000236,-0.3119999999999976,-0.011000000000002785,wd
1.1006670000000014,0.3869630000000015,0.1456339999999976,0.048231000000001245,star
0.07900000000000063,0.062000000000001165,0.11400000000000077,0.16499999999999915,qso
0.2579999999999991,0.13400000000000034,-0.21099999999999852,0.11999999999999744,qso
0.38500000000000156,0.0019999999999988916,-0.08099999999999952,-0.14300000000000068,wd
0.42900000000000205,-0.18700000000000117,-0.23999999999999844,-0.2190000000000012,wd
0.23799999999999955,0.0470000000000006,0.0730000000000004,0.5420000000000016,qso
1.0959800000000008,0.34413999999999945,0.12351899999999993,0.07693500000000064,star
0.134999999999998,0.38200000000000145,0.08299999999999841,-0.0259999999999998,qso
0.4559999999999995,-0.02500000000000213,0.2380000000000031,0.06299999999999883,qso
0.18599999999999994,-0.347999999999999,-0.18100000000000094,-0.3039999999999985,wd
1.1258009999999992,0.4487880000000004,0.17024400000000028,0.047042999999998614,star
0.22100000000000009,0.19500000000000028,-0.022000000000002018,-0.06299999999999883,qso
0.05100000000000193,0.07699999999999818,0.31700000000000017,0.08600000000000207,qso
0.08200000000000074,0.20899999999999963,-0.08999999999999986,0.09299999999999997,qso
2.304392,0.9770760000000003,0.3562049999999992,0.23046900000000292,star
1.8569320000000005,0.7543180000000014,0.28166200000000075,0.1825689999999991,star
0.10999999999999943,-0.022999999999999687,0.24299999999999855,-0.06299999999999883,qso
0.42499999999999716,-0.045999999999999375,-0.125,-0.1579999999999977,wd
0.18700000000000117,-0.015999999999998238,0.17999999999999972,0.04199999999999804,qso
0.1269999999999989,-0.3249999999999993,-0.3290000000000006,-0.36400000000000077,wd
-0.41100000000000136,-0.4859999999999971,-0.33500000000000085,-0.41499999999999915,wd
0.3539999999999992,0.022000000000002018,0.023999999999997357,0.16600000000000037,qso
0.46199999999999974,-0.12199999999999989,-0.2240000000000002,-0.254999999999999,wd
0.4799999999999969,-0.09299999999999997,-0.16000000000000014,-0.23799999999999955,wd
0.07600000000000051,0.2710000000000008,0.12600000000000122,-0.030000000000001137,qso
0.08200000000000074,0.0379999999999967,0.3340000000000032,-0.045000000000001705,qso
0.129999999999999,0.07600000000000051,0.370000000000001,-0.019999999999999574,qso
0.06199999999999761,-0.36599999999999966,-0.254999999999999,-0.16300000000000026,wd
2.7348099999999995,1.2854750000000017,0.6010469999999994,0.3330269999999995,star
0.43100000000000094,-0.2430000000000021,-0.16000000000000014,-0.2339999999999982,wd
0.5010000000000012,-0.05000000000000071,-0.09800000000000253,-0.21699999999999875,wd
-0.2749999999999986,-0.4720000000000013,-0.4190000000000005,-0.4089999999999989,wd
-0.07600000000000051,-0.3470000000000013,-0.1789999999999985,0.09099999999999753,wd
1.0007610000000007,0.2924040000000012,0.13438799999999773,0.010493000000000308,star
0.47800000000000153,-0.013999999999999346,-0.03500000000000014,-0.09299999999999997,wd
-0.18299999999999983,-0.41000000000000014,-0.16000000000000014,-0.08399999999999963,wd
-0.3030000000000008,-0.5019999999999989,-0.31200000000000117,-0.3069999999999986,wd
1.1198419999999984,0.3703479999999999,0.16710899999999995,0.02038599999999846,star
0.15600000000000236,-0.120000000000001,0.49599999999999866,0.5500000000000007,wd
-0.07700000000000173,-0.4250000000000007,-0.3279999999999994,-0.16499999999999915,wd
0.28000000000000114,0.07399999999999807,-0.06299999999999883,0.15899999999999892,qso
0.36299999999999955,0.04400000000000048,-0.06400000000000006,-0.18799999999999883,wd
0.2560000000000002,0.08299999999999841,0.6170000000000009,0.593,wd
1.021295000000002,0.34604899999999716,0.21772400000000047,-0.052164999999998685,star
0.509999999999998,-0.1609999999999978,-0.13200000000000145,0.17299999999999827,wd
0.36999999999999744,0.29100000000000037,0.33200000000000074,0.2680000000000007,qso
1.0487830000000002,0.5077940000000005,0.13365199999999966,0.04423700000000075,star
0.19199999999999662,0.38200000000000145,0.17099999999999937,-0.07900000000000063,qso
0.8304520000000011,0.3218839999999972,0.19983700000000226,-0.028487999999999403,star
1.4803560000000004,0.5185339999999989,0.19264300000000034,0.06553499999999879,star
0.5069999999999979,-0.2190000000000012,-0.22199999999999775,-0.26200000000000045,wd
0.07900000000000063,-0.33300000000000196,-0.18999999999999773,-0.4870000000000019,wd
0.9637930000000026,0.38278199999999885,0.08886299999999991,0.061005999999999005,star
-0.04800000000000182,-0.40199999999999747,-0.2980000000000018,-0.2309999999999981,wd
0.5090000000000003,0.40700000000000003,0.48999999999999844,0.02500000000000213,qso
0.15500000000000114,-0.3000000000000007,-0.25400000000000134,-0.26500000000000057,wd
-0.1460000000000008,-0.384999999999998,-0.33999999999999986,-0.3130000000000024,wd
1.3548620000000007,0.5271340000000002,0.16479700000000008,0.07440599999999975,star
1.1368279999999977,0.37009000000000114,0.11272699999999958,0.00804899999999975,star
-0.21099999999999852,-0.472999999999999,-0.3719999999999999,-0.34800000000000253,wd
-0.013999999999999346,0.11899999999999977,0.30799999999999983,0.08200000000000074,qso
0.3880000000000017,-0.0400000000000027,-0.04199999999999804,-0.3049999999999997,wd
0.3690000000000033,0.3299999999999983,0.09499999999999886,-0.04199999999999804,qso
0.39199999999999946,0.04400000000000048,0.054999999999999716,0.06799999999999784,qso
2.322303999999999,0.8796269999999993,0.31407000000000096,0.1809580000000004,star
1.5757960000000004,0.5576439999999998,0.19013400000000047,0.09073199999999915,star
0.46699999999999875,-0.1410000000000018,-0.11899999999999977,-0.1720000000000006,wd
0.5609999999999999,-0.0519999999999996,-0.08099999999999952,-0.13400000000000034,wd
-0.43700000000000117,-0.49799999999999756,-0.3150000000000013,-0.3739999999999988,wd
0.18100000000000094,-0.32700000000000173,-0.3609999999999971,-0.021000000000000796,wd
0.23100000000000165,0.3520000000000003,-0.20800000000000196,-0.10999999999999943,qso
0.030000000000001137,0.12099999999999866,0.2870000000000026,0.023999999999997357,qso
1.0840359999999976,0.3826790000000013,0.14584499999999956,0.05356100000000019,star
0.22799999999999798,0.054999999999999716,0.0779999999999994,0.13600000000000279,qso
-0.0779999999999994,-0.3550000000000004,-0.2959999999999994,-0.23700000000000188,wd
0.32099999999999795,0.3100000000000023,0.389999999999997,0.1440000000000019,qso
0.5310000000000024,0.13100000000000023,0.04299999999999926,0.2789999999999999,qso
0.9923209999999969,0.3513200000000012,-0.15994999999999848,0.3642799999999973,star
2.421210000000002,1.0397660000000002,0.37263499999999894,0.18216400000000021,star
0.24299999999999855,0.15500000000000114,0.0,-0.08200000000000074,qso
0.4319999999999986,0.6649999999999991,1.0429999999999993,0.6550000000000011,wd
0.4540000000000006,0.0470000000000006,0.003999999999997783,-0.11699999999999733,wd
0.4400000000000013,0.16300000000000026,0.18900000000000006,-0.011000000000002785,qso
0.3210000000000015,0.3670000000000009,0.1739999999999995,0.06599999999999895,qso
0.9098059999999997,0.3005059999999986,0.11139700000000019,0.045875999999999806,star
0.43700000000000117,-0.17800000000000082,-0.17999999999999972,-0.23699999999999832,wd
0.4009999999999998,0.006000000000000227,0.013000000000001677,0.022999999999999687,wd
0.33899999999999864,-0.010999999999999233,0.15300000000000225,-0.13000000000000256,qso
0.5249999999999986,-0.22299999999999898,-0.1559999999999988,-0.27500000000000213,wd
0.45200000000000173,-0.09800000000000253,-0.1559999999999988,-0.25,wd
0.36999999999999744,0.20300000000000296,0.4209999999999994,0.22100000000000009,qso
0.1680000000000028,-0.013000000000001677,-0.13599999999999923,-0.12300000000000111,wd
0.4269999999999996,-0.07199999999999918,-0.1460000000000008,-0.29299999999999926,wd
0.0020000000000024443,-0.4770000000000003,-0.3550000000000004,-0.0470000000000006,wd
2.432763999999999,1.102284000000001,0.3992289999999983,0.20969700000000202,star
-0.019000000000001904,0.23100000000000165,-0.022999999999999687,-0.07900000000000063,qso
0.18299999999999983,0.020000000000003126,0.25099999999999767,0.007999999999999119,qso
0.14700000000000202,0.2859999999999978,0.25700000000000145,0.06500000000000128,qso
0.036000000000001364,0.16300000000000026,0.2889999999999979,-0.028999999999999915,qso
1.236467000000001,0.4131070000000001,0.10953100000000049,0.18909299999999796,star
-0.31400000000000006,-0.5050000000000026,-0.33399999999999963,-0.26500000000000057,wd
0.31899999999999906,0.07099999999999795,0.2640000000000029,-0.35800000000000054,qso
1.0882550000000002,0.38143299999999947,0.14896399999999943,0.024877000000000038,star
1.415032,0.5853960000000029,0.18094799999999722,0.12560799999999972,star
2.5853600000000014,1.2839910000000003,0.7878039999999995,0.42552200000000084,star
-0.07900000000000063,-0.41499999999999915,-0.2690000000000019,-0.16999999999999815,wd
0.4529999999999994,-0.08699999999999974,-0.08500000000000085,-0.26699999999999946,wd
0.9930000000000021,0.2521500000000003,0.11974899999999877,0.0067479999999982,star
2.7364309999999996,1.3074130000000004,0.6176399999999997,0.31769900000000106,star
1.258929000000002,0.49678600000000017,0.12357299999999682,0.07711400000000168,star
0.1509999999999998,0.18799999999999883,-0.012999999999998124,-0.04400000000000048,qso
-0.04200000000000159,-0.28999999999999915,-0.3539999999999992,-0.254999999999999,wd
0.14399999999999835,-0.11999999999999744,-0.1460000000000008,-0.23400000000000176,wd
0.11899999999999977,0.005000000000002558,0.3949999999999996,0.03300000000000125,qso
0.5990000000000002,0.23499999999999943,0.2749999999999986,-0.07399999999999807,qso
0.10900000000000176,-0.018000000000000682,0.17800000000000082,0.010999999999999233,qso
-0.009000000000000341,-0.3099999999999987,-0.30400000000000205,-0.3049999999999997,wd
1.8764520000000005,0.7022030000000008,0.21272699999999922,0.11672100000000007,star
0.25,0.021999999999998465,0.20500000000000185,-0.15800000000000125,qso
1.1585730000000005,0.3749299999999991,0.1252500000000012,0.08005899999999855,star
0.19200000000000017,0.10900000000000176,0.0779999999999994,0.006000000000000227,qso
1.2720649999999978,0.42894900000000113,0.09547399999999939,0.07433699999999988,star
0.9971369999999986,0.2707120000000014,0.1308209999999992,0.028805999999999443,star
0.4740000000000002,0.12600000000000122,-0.027000000000001023,-0.07700000000000173,wd
0.3019999999999996,-0.2530000000000001,-0.21699999999999875,-0.23000000000000043,wd
1.3845290000000006,0.4883749999999978,0.25467700000000093,0.082730999999999,star
0.3949999999999996,0.04200000000000159,0.06599999999999895,0.4510000000000005,qso
0.26399999999999935,0.8580000000000005,0.3200000000000003,0.41799999999999926,qso
0.36100000000000065,-0.1440000000000019,0.4920000000000009,0.6769999999999996,wd
1.215719,0.3688910000000014,0.13108199999999925,0.04347999999999885,star
0.8815269999999984,0.21061700000000272,0.08802799999999777,0.0189060000000012,star
2.381461999999999,1.0909459999999989,0.3907570000000007,0.2537400000000005,star
0.24899999999999878,0.1980000000000004,-0.012999999999998124,0.620000000000001,qso
1.0951589999999989,0.3638999999999992,0.14183700000000066,0.019591999999999388,star
0.14999999999999858,-0.11199999999999832,-0.14499999999999957,-0.10099999999999909,wd
2.594851000000002,1.3855569999999986,0.7319820000000004,0.40653200000000034,star
0.30100000000000193,-0.11200000000000188,-0.16199999999999903,-0.3539999999999992,wd
0.1720000000000006,0.08699999999999974,0.1869999999999976,0.053000000000000824,qso
0.1579999999999977,0.009000000000000341,0.16600000000000037,-0.03599999999999781,qso
0.4380000000000024,0.006000000000000227,-0.28800000000000026,0.17299999999999827,wd
0.6229999999999976,0.16300000000000026,0.23600000000000065,-0.053999999999998494,qso
0.29799999999999827,-0.21999999999999886,-0.21100000000000207,-0.19299999999999784,wd
0.17800000000000082,0.19200000000000017,0.21899999999999764,0.10999999999999943,qso
2.4419669999999982,1.022044000000001,0.34098900000000043,0.20368200000000058,star
0.20599999999999952,0.05900000000000105,0.13599999999999923,-0.07399999999999807,qso
0.6090000000000018,-0.013999999999999346,0.13799999999999812,0.31599999999999895,qso
1.9225619999999992,0.799234000000002,0.31673999999999936,0.17723900000000015,star
0.16600000000000037,0.08299999999999841,0.15399999999999991,-0.0010000000000012221,qso
-0.0259999999999998,-0.39199999999999946,-0.28699999999999903,-0.6460000000000008,wd
1.5029889999999995,0.5871100000000009,0.21586300000000058,0.08515599999999957,star
0.5240000000000009,0.11799999999999855,0.05600000000000094,-0.08699999999999974,wd
1.2790970000000002,0.5759769999999982,0.09596700000000169,0.1061949999999996,star
0.2680000000000007,0.30100000000000193,0.21499999999999986,0.27699999999999747,qso
1.2581580000000017,0.5562559999999976,0.2122230000000016,0.09246599999999994,star
0.8937050000000006,0.3041899999999984,0.12278200000000083,0.0010180000000019618,star
0.030999999999998806,0.13100000000000023,-0.0010000000000012221,-0.26399999999999935,qso
0.952767999999999,0.25947799999999965,0.02534599999999898,0.06177400000000155,star
1.4492949999999993,0.5299640000000032,0.19112999999999758,0.09660200000000074,star
0.5130000000000017,-0.18500000000000227,-0.19200000000000017,-0.23499999999999943,wd
0.21600000000000108,0.24799999999999756,0.17900000000000205,0.053999999999998494,qso
0.272000000000002,0.16300000000000026,0.12399999999999878,0.18499999999999872,qso
0.4319999999999986,0.24200000000000088,0.04400000000000048,0.04199999999999804,qso
1.3577650000000006,0.381497999999997,0.1889920000000025,0.05167399999999844,star
2.6323930000000004,1.2695729999999976,0.565723000000002,0.2875809999999994,star
0.09600000000000009,-0.25700000000000145,-0.264999999999997,-0.18599999999999994,wd
0.09600000000000009,0.0259999999999998,0.1609999999999978,0.05600000000000094,qso
2.435953999999999,1.1048310000000008,0.35031500000000193,0.23288899999999835,star
0.9887669999999993,0.38758900000000196,0.1749299999999998,0.07235199999999864,star
2.1405330000000014,0.8868149999999986,0.3027910000000009,0.24652599999999936,star
-0.41000000000000014,-0.4569999999999972,-0.37900000000000134,-0.35900000000000176,wd
1.2584459999999993,0.5434470000000005,0.2455580000000026,0.1533089999999966,star
0.26500000000000057,-0.29299999999999926,-0.23000000000000043,-0.28999999999999915,wd
0.2700000000000031,-0.120000000000001,0.004999999999999005,0.13100000000000023,qso
-0.35900000000000176,-0.565999999999999,-0.1509999999999998,-0.45000000000000284,wd
0.03900000000000148,0.15399999999999991,0.14300000000000068,-0.010000000000001563,qso
0.3009999999999984,0.3249999999999993,0.021000000000000796,0.31200000000000117,qso
0.045999999999999375,-0.036999999999999034,0.19099999999999895,-0.03500000000000014,qso
0.022000000000002018,-0.3130000000000024,-0.245000000000001,-0.08799999999999741,wd
-0.2940000000000005,-0.5159999999999982,-0.35300000000000153,-0.23699999999999832,wd
1.937737000000002,0.7863039999999977,0.2547760000000032,0.15303599999999662,star
1.107009999999999,0.39073000000000135,0.12751099999999838,0.06403699999999901,star
0.5309999999999988,0.3539999999999992,0.17400000000000304,0.11599999999999966,qso
1.2534499999999973,0.5179600000000022,0.1979079999999982,0.10542099999999976,star
2.3785479999999986,1.124334000000001,0.4638069999999992,0.22422399999999953,star
0.21399999999999864,0.38599999999999923,0.13100000000000023,0.14499999999999957,qso
1.0174029999999998,0.39748499999999964,0.09096100000000007,0.028983999999999455,star
1.148575000000001,0.38374299999999906,0.1640340000000009,-0.015316000000002106,star
0.20700000000000074,0.08900000000000219,-0.0010000000000012221,0.16400000000000148,qso
0.33800000000000097,0.023999999999997357,-0.19399999999999906,0.21999999999999886,qso
0.7630000000000017,0.26399999999999935,0.3279999999999994,0.08099999999999952,qso
0.06199999999999761,0.13800000000000168,-0.0990000000000002,-0.13299999999999912,qso
-0.04400000000000048,-0.22100000000000009,-0.21399999999999864,-0.20200000000000173,wd
0.5160000000000018,0.39699999999999847,0.0070000000000014495,0.09499999999999886,qso
1.7058619999999998,0.7265039999999985,0.2620369999999994,0.10653699999999944,star
0.11899999999999977,0.11599999999999966,0.18900000000000006,-0.07699999999999818,qso
0.9166680000000014,0.361224,0.11588000000000065,0.024380000000000734,star
0.0379999999999967,0.07900000000000063,0.22100000000000009,0.23600000000000065,qso
2.246031000000002,0.8266369999999981,0.2440080000000009,0.1025480000000023,star
2.0037319999999994,0.8519809999999985,0.27578100000000205,0.1685529999999993,star
0.41199999999999903,-0.07399999999999807,-0.04400000000000048,-0.125,wd
1.0724149999999995,0.37081300000000184,0.12373499999999993,0.05211100000000002,star
1.7346700000000013,0.7572310000000009,0.30582399999999765,0.1744480000000017,star
0.9529870000000003,0.4288540000000012,0.1755559999999985,0.05436500000000066,star
1.9844039999999978,0.7213490000000018,0.21802800000000033,0.14705799999999947,star
0.6219999999999999,0.911999999999999,0.7530000000000001,0.3760000000000012,wd
0.9789999999999992,0.17299999999999827,0.3290000000000006,0.27800000000000225,qso
1.2077880000000007,0.4764140000000019,0.16966199999999887,0.09490399999999966,star
0.4740000000000002,0.10600000000000165,0.14099999999999824,-0.06400000000000006,qso
1.4610020000000006,0.6071489999999997,0.20701300000000167,0.1263860000000001,star
1.0451809999999995,0.3663260000000008,0.1461579999999998,0.0009499999999995623,star
0.24099999999999966,0.43100000000000094,0.01699999999999946,0.46000000000000085,qso
0.5309999999999988,0.0259999999999998,0.08000000000000185,0.12399999999999878,qso
0.28000000000000114,0.0,0.12099999999999866,0.2779999999999987,qso
0.1980000000000004,0.06800000000000139,0.17799999999999727,0.3200000000000003,qso
0.4349999999999987,-0.2779999999999987,-0.21100000000000207,-0.28500000000000014,wd
-0.25900000000000034,-0.46499999999999986,-0.3240000000000016,-0.39399999999999835,wd
-0.3049999999999997,-0.477999999999998,-0.28100000000000236,0.3049999999999997,wd
0.40500000000000114,-0.3249999999999993,-0.24900000000000233,-0.1529999999999987,wd
0.4939999999999998,0.17499999999999716,0.005000000000002558,0.20399999999999707,qso
0.38300000000000267,0.04399999999999693,-0.06499999999999773,-0.0519999999999996,wd
-0.006000000000000227,0.26099999999999923,0.012000000000000455,0.06500000000000128,qso
-0.027999999999998693,-0.0010000000000012221,0.3309999999999995,0.05699999999999861,qso
-0.13000000000000256,-0.3979999999999997,-0.28200000000000003,-0.28800000000000026,wd
0.44200000000000017,-0.07399999999999807,-0.07199999999999918,-0.1980000000000004,wd
0.1280000000000001,-0.3249999999999993,-0.29299999999999926,-0.21300000000000097,wd
0.42700000000000315,0.015999999999998238,-0.09499999999999886,-0.3160000000000025,wd
-0.08099999999999952,-0.4280000000000008,-0.28200000000000003,-0.08699999999999974,wd
0.5569999999999986,-0.10999999999999943,-0.2729999999999997,-0.4150000000000027,wd
1.3360199999999978,0.5885350000000003,0.23766000000000176,0.10083500000000001,star
0.23799999999999955,-0.24099999999999966,-0.21799999999999997,-0.27800000000000225,wd
0.39199999999999946,0.5470000000000006,0.13400000000000034,0.05099999999999838,qso
0.2959999999999994,-0.08899999999999864,-0.2270000000000003,-0.1999999999999993,wd
-0.022999999999999687,-0.05799999999999983,0.24600000000000222,-0.1650000000000027,qso
0.008000000000002672,-0.3030000000000008,-0.3760000000000012,-0.07900000000000063,wd
1.246777999999999,0.4803430000000013,0.10544200000000004,0.03075799999999873,star
0.3130000000000024,-0.2610000000000028,-0.2289999999999992,-0.3049999999999997,wd
-0.17600000000000193,-0.27399999999999736,0.22799999999999798,0.2530000000000001,wd
0.4440000000000026,-0.25700000000000145,-0.21600000000000108,0.10000000000000142,wd
0.2560000000000002,-0.15600000000000236,0.33500000000000085,0.37099999999999866,wd
2.151147999999999,0.8932020000000023,0.3218109999999985,0.19266599999999912,star
-0.06400000000000006,0.4200000000000017,-0.010000000000001563,-0.04400000000000048,qso
1.2293830000000021,0.4930419999999991,0.198519000000001,0.0806939999999976,star
0.03300000000000125,-0.1750000000000007,-0.16900000000000048,0.0940000000000012,wd
0.1410000000000018,-0.15300000000000225,-0.004999999999999005,-0.04100000000000037,qso
1.517840999999997,0.614725,0.2808630000000001,0.16231400000000207,star
0.19299999999999784,0.04899999999999949,0.16000000000000014,0.10900000000000176,qso
1.041293999999997,0.350321000000001,0.06559500000000185,0.0372029999999981,star
0.6729999999999983,0.4579999999999984,0.36400000000000077,0.0990000000000002,qso
0.4640000000000022,0.24099999999999966,0.37299999999999756,0.08200000000000074,qso
0.22199999999999775,0.2840000000000025,0.0009999999999976694,0.38899999999999935,qso
0.42400000000000304,-0.06099999999999994,0.18099999999999739,-0.10099999999999909,qso
1.133293,0.3634769999999996,0.1312899999999999,0.01707800000000148,star
1.385476999999998,0.48472399999999993,0.161875000000002,0.061523000000001105,star
0.3359999999999985,0.4190000000000005,0.0470000000000006,-0.028999999999999915,qso
2.5910399999999996,1.4298610000000025,0.9196239999999989,0.4729170000000007,star
0.3879999999999999,-0.06700000000000017,-0.06799999999999962,-0.1850000000000005,wd
-0.023999999999997357,0.3829999999999991,0.120000000000001,0.019999999999999574,qso
-0.19099999999999895,-0.48799999999999955,-0.3550000000000004,-0.3689999999999998,wd
2.3150329999999997,1.0795400000000015,0.4496149999999979,0.21991799999999984,star
1.7868990000000018,0.513838999999999,0.4234290000000005,0.09014199999999839,star
0.23799999999999955,0.19099999999999895,0.2660000000000018,-0.019000000000001904,qso
0.3960000000000008,0.0710000000000015,-0.04800000000000182,-0.04299999999999926,wd
0.3329999999999984,0.3130000000000024,0.07099999999999795,0.11400000000000077,qso
1.8712599999999995,0.7027189999999983,0.2683490000000006,0.165300000000002,star
0.16199999999999903,0.01699999999999946,0.3290000000000006,-0.1819999999999986,qso
-0.06899999999999906,-0.40300000000000225,-0.3149999999999977,-0.35100000000000264,wd
1.1005629999999975,0.26435100000000133,0.10760900000000007,0.010580000000000922,star
0.2710000000000008,0.2049999999999983,0.1410000000000018,0.1750000000000007,qso
0.46799999999999997,0.46899999999999764,0.2989999999999995,0.28200000000000003,wd
0.4939999999999998,-0.26399999999999935,-0.11599999999999966,-0.24200000000000088,wd
1.240791999999999,0.4811170000000011,0.15967900000000057,0.04453900000000033,star
0.04999999999999716,-0.12199999999999989,-0.13100000000000023,-0.1839999999999975,wd
2.2849600000000017,0.885197999999999,0.32718199999999875,0.13994600000000013,star
1.5719999999999992,0.20500000000000185,0.13700000000000045,0.015000000000000568,qso
0.1980000000000004,0.1819999999999986,0.28999999999999915,0.19900000000000162,qso
-0.08300000000000196,-0.4049999999999976,-0.3180000000000014,-0.3619999999999983,wd
2.0533639999999984,0.7652380000000001,0.29236600000000124,0.15590900000000119,star
0.1509999999999998,-0.03399999999999892,0.3289999999999971,-0.19599999999999795,qso
2.089276999999999,0.8641450000000006,0.2964209999999987,0.16510600000000153,star
0.245000000000001,0.375,0.06099999999999994,0.07099999999999795,qso
-0.13899999999999935,-0.4450000000000003,-0.36100000000000065,-0.3019999999999996,wd
1.918498999999997,0.8202130000000007,0.31413200000000074,0.15021799999999885,star
0.4140000000000015,-0.16199999999999903,-0.20599999999999952,-0.3420000000000023,wd
-0.10099999999999909,-0.272000000000002,-0.2729999999999997,-0.26099999999999923,wd
-0.18799999999999883,-0.29799999999999827,-0.6189999999999998,-0.062000000000001165,wd
0.4759999999999991,-0.1319999999999979,-0.13500000000000156,-0.14999999999999858,wd
0.4170000000000016,0.22199999999999775,0.017000000000003013,0.11699999999999733,qso
0.28500000000000014,-0.3150000000000013,-0.24099999999999966,-0.21099999999999852,wd
1.2257290000000012,0.40281500000000037,0.14523700000000161,0.036506999999996737,star
1.4646240000000006,0.5817239999999977,0.2699210000000001,0.1548860000000012,star
0.1479999999999997,0.19399999999999906,0.33999999999999986,0.08899999999999864,qso
1.1623979999999996,0.4354610000000001,0.11136199999999974,0.03937300000000121,star
-0.13200000000000145,-0.3289999999999971,-0.31200000000000117,-0.0710000000000015,wd
1.9513689999999997,0.7513460000000016,0.21953699999999898,0.12611099999999986,star
1.0541099999999979,0.3264330000000015,0.16507899999999864,0.01118500000000111,star
0.134999999999998,-0.2530000000000001,-0.3539999999999992,-0.3949999999999996,wd
0.21300000000000097,0.08299999999999841,0.24200000000000088,0.05799999999999983,qso
0.08099999999999952,0.2530000000000001,-0.08600000000000207,-0.04299999999999926,qso
1.0738319999999995,0.34662799999999905,0.13175400000000081,0.024167999999999523,star
2.679935999999998,1.2989270000000026,0.5442799999999988,0.2687910000000002,star
0.2970000000000006,0.13700000000000045,-0.08800000000000097,0.14699999999999847,qso
1.2027999999999999,0.45628899999999817,0.12465100000000007,0.057608000000000104,star
0.2779999999999987,-0.11499999999999844,0.17299999999999827,-0.03900000000000148,qso
1.3650529999999996,0.5469459999999984,0.24531299999999945,0.10495400000000288,star
1.105481000000001,0.4068100000000001,0.1298300000000019,0.07609099999999813,star
0.18799999999999883,0.11299999999999955,0.2789999999999999,-0.11700000000000088,qso
0.4190000000000005,0.027999999999998693,-0.10299999999999798,0.29699999999999704,qso
1.3458499999999987,0.5191230000000004,0.23848500000000072,0.11192499999999939,star
0.8912179999999985,0.33367700000000156,0.11440699999999993,0.01780899999999974,star
1.782005999999999,0.696472,0.2145140000000012,0.14208400000000054,star
1.1750519999999973,0.36752300000000204,0.19775299999999874,0.0003150000000005093,star
0.30200000000000315,-0.23600000000000065,-0.24200000000000088,-0.34299999999999997,wd
1.1049569999999989,0.4024200000000011,0.12224699999999977,0.006235999999999464,star
0.16300000000000026,-0.3680000000000021,-0.2469999999999999,-0.3200000000000003,wd
0.4239999999999995,0.045999999999999375,-0.06899999999999906,-0.07700000000000173,wd
1.4238280000000003,0.5286050000000024,0.14274199999999837,0.09933900000000051,star
0.014000000000002899,-0.23100000000000165,-0.16000000000000014,-0.2789999999999999,wd
0.4920000000000009,0.16600000000000037,0.6409999999999982,0.6069999999999993,wd
0.554000000000002,0.053999999999998494,0.07000000000000028,0.23900000000000077,qso
0.05799999999999983,-0.3299999999999983,-0.2510000000000012,-0.20200000000000173,wd
-0.12399999999999878,-0.4209999999999994,-0.1490000000000009,0.14099999999999824,wd
0.7290000000000028,0.49499999999999744,0.3000000000000007,0.3569999999999993,qso
2.573325999999998,1.3381609999999995,0.6176330000000014,0.37262799999999885,star
0.15700000000000003,0.021000000000000796,-0.0730000000000004,-0.13799999999999812,wd
0.43700000000000117,-0.05699999999999861,-0.17800000000000082,-0.26000000000000156,wd
0.3810000000000002,-0.2190000000000012,-0.2069999999999972,0.06199999999999761,wd
0.4720000000000013,-0.030000000000001137,0.15500000000000114,-0.09499999999999886,qso
-0.38000000000000256,-0.3999999999999986,-0.36299999999999955,-0.33399999999999963,wd
1.5746010000000012,0.6351849999999999,0.22948099999999982,0.07727399999999918,star
-0.3940000000000019,-0.514999999999997,-0.35400000000000276,-0.4559999999999995,wd
0.37099999999999866,0.09800000000000253,0.01799999999999713,0.07000000000000028,qso
0.3360000000000021,0.09399999999999764,-0.06499999999999773,-0.16600000000000037,wd
0.7469999999999999,-0.0030000000000001137,0.07800000000000296,0.3329999999999984,qso
0.03100000000000236,-0.27800000000000225,-0.19299999999999784,-0.3420000000000023,wd
0.18900000000000006,-0.31899999999999906,-0.23700000000000188,-0.2789999999999999,wd
0.40000000000000213,-0.20200000000000173,-0.2309999999999981,-0.25900000000000034,wd
0.5289999999999999,0.8550000000000004,0.5819999999999972,0.3210000000000015,wd
0.1999999999999993,0.06400000000000006,0.01699999999999946,0.23199999999999932,qso
0.3219999999999992,-0.05100000000000193,0.23700000000000188,0.20400000000000063,qso
0.10100000000000264,0.12099999999999866,0.13800000000000168,0.21999999999999886,qso
0.2079999999999984,0.0779999999999994,0.13700000000000045,0.053999999999998494,qso
0.946196999999998,0.32546999999999926,0.11969000000000207,0.06886699999999735,star
1.2570260000000015,0.5351129999999991,0.1843900000000005,0.09440700000000035,star
-0.264999999999997,-0.3810000000000002,-0.2759999999999998,-0.1720000000000006,wd
0.7559999999999967,0.120000000000001,0.054000000000002046,0.232999999999997,qso
0.45700000000000074,0.2510000000000012,0.01899999999999835,0.1039999999999992,qso
2.541174999999999,1.1612459999999984,0.4323669999999993,0.29127100000000183,star
0.44200000000000017,0.0070000000000014495,-0.06899999999999906,-0.04800000000000182,wd
-0.0660000000000025,-0.2959999999999994,-0.28500000000000014,-0.36100000000000065,wd
0.1410000000000018,0.08399999999999963,0.1039999999999992,0.21600000000000108,qso
0.9637079999999987,0.35935199999999945,0.0715590000000006,0.029263999999999513,star
0.28999999999999915,-0.16600000000000037,-0.24899999999999878,0.0,wd
0.21999999999999886,0.02499999999999858,0.2950000000000017,0.22499999999999787,qso
0.5480000000000018,0.16499999999999915,0.05700000000000216,-0.06300000000000239,wd
0.009000000000000341,0.2220000000000013,-0.12099999999999866,-0.0070000000000014495,qso
1.0822010000000013,0.4045880000000004,0.14188399999999746,0.04721699999999984,star
0.4209999999999994,0.10600000000000165,0.0070000000000014495,-0.35400000000000276,wd
0.5229999999999997,-0.027000000000001023,-0.21600000000000108,-0.019999999999999574,wd
0.08600000000000207,-0.29299999999999926,-0.19900000000000162,-0.14199999999999946,wd
1.0504149999999974,0.08119200000000149,-0.00785799999999881,0.01876399999999734,star
1.1014590000000002,0.32983899999999977,0.12115599999999915,0.013495000000000701,star
0.11599999999999966,0.0009999999999976694,0.18700000000000117,-0.0030000000000001137,qso
0.4109999999999978,0.5809999999999995,0.35800000000000054,0.19000000000000128,qso
-0.08300000000000196,-0.2699999999999996,-0.245000000000001,-0.24599999999999866,wd
1.7657249999999998,0.6785600000000009,0.2063309999999987,0.11192099999999883,star
0.26399999999999935,-0.13800000000000168,-0.1789999999999985,-0.2220000000000013,wd
1.1009370000000018,0.39700699999999856,0.14301800000000142,0.01637500000000003,star
1.0744930000000004,0.4474659999999986,0.1469440000000013,0.07768799999999842,star
1.1312420000000003,0.3506190000000018,0.15174999999999983,0.06040799999999891,star
0.5480000000000018,0.1980000000000004,0.23199999999999932,0.08000000000000185,qso
-0.1720000000000006,-0.4049999999999976,-0.32800000000000296,-0.30799999999999983,wd
0.2539999999999978,-0.3349999999999973,-0.37900000000000134,-0.2759999999999998,wd
1.1637940000000029,0.4853759999999987,0.1908840000000005,0.0753610000000009,star
0.3030000000000008,-0.31400000000000006,-0.2560000000000002,-0.4939999999999998,wd
0.953088000000001,0.33330000000000126,0.15021099999999876,-0.06997499999999945,star
0.5199999999999996,0.11199999999999832,0.12400000000000233,0.18299999999999983,qso
0.7850000000000001,-0.21999999999999886,-0.21600000000000108,-0.24599999999999866,wd
2.3442799999999977,0.9531080000000003,0.3340810000000012,0.18700199999999967,star
-0.02400000000000091,-0.06700000000000017,0.277000000000001,0.13899999999999935,qso
0.4720000000000013,0.21799999999999997,-0.005000000000002558,0.20300000000000296,wd
0.31099999999999994,0.08300000000000196,0.28500000000000014,-0.019000000000001904,qso
0.1269999999999989,0.06900000000000261,-0.0920000000000023,0.006000000000000227,qso
1.0167140000000003,0.03540599999999827,-0.02830099999999902,-0.07741900000000257,star
0.40600000000000236,0.254999999999999,0.3150000000000013,-0.10800000000000054,qso
2.255928000000001,1.1865039999999993,0.5988319999999998,0.2619000000000007,star
0.40000000000000213,-0.18599999999999994,-0.11599999999999966,-0.20400000000000063,wd
1.7147520000000007,0.6885059999999985,0.1919959999999996,0.11501800000000095,star
0.41100000000000136,-0.18499999999999872,-0.272000000000002,-0.036999999999999034,wd
1.0056039999999982,0.28822400000000137,0.07033799999999957,-0.018468000000000373,star
1.153331999999999,0.41405400000000014,0.1293020000000027,0.05898999999999788,star
0.4079999999999977,-0.3149999999999977,-0.20899999999999963,-0.08399999999999963,wd
0.14499999999999957,-0.28999999999999915,-0.2660000000000018,-0.16199999999999903,wd
1.3442599999999985,0.5457910000000012,0.1964819999999996,0.10809700000000078,star
-0.13700000000000045,0.10999999999999943,0.3030000000000008,0.09799999999999898,qso
0.14399999999999835,-0.10099999999999909,0.07499999999999929,0.20200000000000173,qso
0.09700000000000131,-0.39699999999999847,-0.2710000000000008,-0.272000000000002,wd
1.9508960000000002,0.7933420000000027,0.27062099999999845,0.15216999999999992,star
0.11499999999999844,0.23499999999999943,0.16199999999999903,-0.011999999999996902,qso
0.22000000000000242,0.05799999999999983,0.26200000000000045,0.31700000000000017,qso
1.8897900000000014,0.7123869999999997,0.27178900000000183,0.11615399999999809,star
0.3089999999999975,-0.15199999999999747,0.0730000000000004,-0.06800000000000139,qso
1.1170000000000009,0.12300000000000111,0.11899999999999977,0.13400000000000034,qso
0.4559999999999995,-0.12099999999999866,-0.21099999999999852,-0.19400000000000261,wd
0.4349999999999987,0.021999999999998465,-0.09399999999999764,-0.20599999999999952,wd
0.15700000000000003,0.4289999999999985,0.1750000000000007,0.35999999999999943,qso
1.2138499999999972,0.42311100000000224,0.15715600000000052,0.03077199999999891,star
0.4740000000000002,-0.029999999999997584,-0.05600000000000094,-0.13400000000000034,wd
0.14000000000000057,-0.08599999999999852,0.3999999999999986,0.11599999999999966,qso
-0.04600000000000293,0.11700000000000088,0.1460000000000008,0.03999999999999915,qso
-0.05999999999999872,-0.3460000000000001,-0.3780000000000001,0.04299999999999926,wd
0.25400000000000134,0.14499999999999957,0.09499999999999886,0.13599999999999923,qso
1.2213429999999992,0.41534799999999983,0.036473000000000866,0.11664299999999983,star
0.14999999999999858,0.27800000000000225,0.08699999999999974,0.4559999999999995,qso
-0.17999999999999972,-0.45300000000000296,-0.27399999999999736,0.019999999999999574,wd
0.3719999999999999,-0.013999999999999346,-0.23000000000000043,-0.21300000000000097,wd
0.36799999999999855,-0.05000000000000071,0.011000000000002785,0.036999999999999034,wd
0.06199999999999761,0.35600000000000165,0.3200000000000003,0.1559999999999988,qso
2.553609999999999,1.3688390000000012,0.6354439999999997,0.32824900000000135,star
0.33999999999999986,0.01699999999999946,0.2970000000000006,0.08600000000000207,qso
0.13799999999999812,0.11200000000000188,0.11499999999999844,0.1180000000000021,qso
0.28200000000000003,-0.31599999999999895,-0.24899999999999878,-0.3030000000000008,wd
0.43799999999999883,0.1750000000000007,-0.07399999999999807,0.0589999999999975,wd
0.3460000000000001,0.10600000000000165,-0.07400000000000162,0.1930000000000014,qso
1.2884770000000003,0.477212999999999,0.1787780000000012,0.04793199999999942,star
0.09299999999999997,0.07699999999999818,-0.08899999999999864,0.6279999999999983,qso
-0.17800000000000082,-0.4700000000000024,-0.31999999999999673,-0.30500000000000327,wd
0.3279999999999994,0.5009999999999977,0.24400000000000333,0.26699999999999946,qso
0.1680000000000028,0.1839999999999975,0.19900000000000162,0.047999999999998266,qso
0.2270000000000003,0.16600000000000037,0.053000000000000824,-0.08500000000000085,qso
2.268689000000002,0.9687909999999977,0.2667409999999997,0.20467800000000125,star
0.1529999999999987,0.10600000000000165,-0.027000000000001023,0.472999999999999,qso
2.1676059999999993,1.0331980000000023,0.35919299999999765,0.1745190000000001,star
1.281093000000002,0.40963999999999956,0.15206699999999884,0.018437999999999732,star
1.1922270000000026,0.440135999999999,0.15493999999999986,0.006534999999999513,star
-0.012000000000000455,0.3410000000000011,-0.0519999999999996,-0.14000000000000057,qso
0.22999999999999687,0.15300000000000225,0.2339999999999982,0.06400000000000006,qso
0.1460000000000008,0.129999999999999,0.22000000000000242,0.004999999999999005,qso
0.5350000000000001,-0.036999999999999034,0.44899999999999984,0.5960000000000001,wd
1.5267449999999982,0.6196770000000029,0.2370449999999984,0.10432399999999831,star
0.10500000000000043,-0.006000000000000227,0.2640000000000029,0.129999999999999,qso
-0.08599999999999852,0.10099999999999909,0.7010000000000005,0.5539999999999985,wd
1.1244049999999994,0.43688000000000216,0.17315299999999922,0.07300599999999946,star
2.2090619999999994,1.039994,0.5140799999999999,0.03601199999999949,star
0.34199999999999875,-0.16300000000000026,-0.24299999999999855,-0.3230000000000004,wd
0.02300000000000324,-0.30799999999999983,-0.2480000000000011,0.10299999999999798,wd
1.5623269999999998,0.6048240000000007,0.22409900000000071,0.09663100000000036,star
1.3322970000000005,0.5032040000000002,0.21935099999999963,0.06620200000000054,star
1.3876080000000002,0.5663640000000001,0.20442999999999856,0.10372900000000129,star
1.5185909999999971,0.5738510000000012,0.15091100000000068,0.1616850000000003,star
2.571722000000001,1.2086469999999991,0.4847200000000029,0.25021199999999766,star
0.16600000000000037,0.06300000000000239,0.047999999999998266,0.23600000000000065,qso
0.43299999999999983,-0.23300000000000054,-0.21600000000000108,-0.11199999999999832,wd
0.915808000000002,0.27167299999999983,0.18950299999999842,0.007094000000002154,star
0.11499999999999844,0.1460000000000008,-0.05999999999999872,0.0990000000000002,qso
0.48400000000000176,-0.08099999999999952,-0.1440000000000019,0.021000000000000796,wd
0.375,-0.2530000000000001,-0.28600000000000136,0.18900000000000006,wd
-0.35800000000000054,-0.39000000000000057,-0.3249999999999993,-0.29299999999999926,wd
0.402000000000001,-0.29900000000000304,-0.14199999999999946,-0.021999999999998465,wd
0.12700000000000244,0.3039999999999985,-0.018000000000000682,-0.15899999999999892,qso
2.039347000000003,0.8442109999999978,0.2927900000000001,0.166952000000002,star
1.7500769999999974,0.5915520000000001,0.2271560000000008,0.05758700000000161,star
0.0019999999999988916,-0.379999999999999,-0.3440000000000012,-0.26899999999999835,wd
0.22100000000000009,0.1479999999999997,0.047999999999998266,-0.045999999999999375,qso
1.1158980000000014,0.41559099999999916,0.1829509999999992,0.05591000000000079,star
0.40800000000000125,0.03500000000000014,0.38200000000000145,-0.10800000000000054,qso
0.7300000000000004,0.5960000000000001,0.16600000000000037,0.6529999999999987,qso
0.3509999999999991,0.06400000000000006,0.16900000000000048,-0.23900000000000077,qso
1.974059999999998,0.7251890000000003,0.2667470000000005,0.14634699999999867,star
0.5069999999999979,0.022000000000002018,0.0030000000000001137,0.18499999999999872,qso
0.33899999999999864,-0.036999999999999034,-0.16699999999999804,-0.40100000000000335,wd
0.4640000000000022,0.07299999999999685,0.4410000000000025,0.1609999999999978,qso
0.7109999999999985,0.16400000000000148,0.10999999999999943,0.2699999999999996,qso
0.0070000000000014495,-0.25200000000000244,-0.17999999999999972,-0.21799999999999997,wd
1.1297379999999997,0.4199409999999979,0.13405600000000106,0.015731999999999857,star
-0.3249999999999993,-0.5300000000000011,-0.33200000000000074,-0.36599999999999966,wd
1.4423959999999987,0.5299690000000012,0.2126039999999989,0.09144400000000275,star
0.40800000000000125,0.08500000000000085,0.04100000000000037,-0.15700000000000003,wd
0.11299999999999955,0.12100000000000222,-0.015000000000000568,-0.0710000000000015,qso
-0.370000000000001,-0.4859999999999971,-0.2840000000000025,-0.2809999999999988,wd
0.3810000000000002,0.014999999999997016,-0.05299999999999727,-0.060000000000002274,wd
1.336075000000001,0.4345269999999992,0.1779130000000002,0.03732100000000216,star
0.045999999999999375,0.2690000000000019,0.18999999999999773,0.03300000000000125,qso
0.2740000000000009,0.013999999999999346,0.15399999999999991,-0.03999999999999915,qso
1.139398,0.3946860000000001,0.08233900000000105,0.0768349999999991,star
1.8647500000000008,0.7669440000000005,0.1419870000000003,0.14536399999999894,star
0.1339999999999968,0.2190000000000012,-0.0019999999999988916,0.05000000000000071,qso
0.945371999999999,0.3259500000000024,0.11373699999999687,0.0707000000000022,star
0.43700000000000117,0.02500000000000213,-0.05500000000000327,-0.05099999999999838,wd
0.26000000000000156,-0.16600000000000037,0.2190000000000012,0.1769999999999996,qso
-0.2660000000000018,-0.40199999999999747,-0.3420000000000023,-0.4529999999999994,wd
-0.2309999999999981,-0.41499999999999915,-0.35600000000000165,-0.18799999999999883,wd
-0.23900000000000077,-0.41000000000000014,-0.2359999999999971,-0.2560000000000002,wd
0.24099999999999966,-0.30600000000000094,-0.2889999999999979,-0.28300000000000125,wd
0.32700000000000173,-0.1280000000000001,-0.18799999999999883,-0.15700000000000003,wd
0.38500000000000156,0.08899999999999864,-0.013999999999999346,0.22299999999999898,qso
1.1691949999999984,0.4032630000000026,0.13104099999999974,0.056680000000000064,star
0.1739999999999995,0.3760000000000012,0.31899999999999906,-0.02699999999999747,qso
0.2740000000000009,0.13700000000000045,0.19899999999999807,0.13100000000000023,qso
1.2871999999999986,0.5266899999999985,0.1932299999999998,0.10610199999999992,star
0.46499999999999986,-0.08900000000000219,-0.07099999999999795,-0.277000000000001,wd
0.32800000000000296,-0.25400000000000134,-0.1930000000000014,-0.3609999999999971,wd
1.0447670000000002,0.36932599999999915,0.1071390000000001,0.05092199999999991,star
0.2950000000000017,-0.26699999999999946,-0.18100000000000094,-0.3990000000000009,wd
0.35700000000000287,0.07499999999999929,-0.022000000000002018,-0.03500000000000014,wd
1.1038629999999987,0.3962470000000007,0.09011699999999934,0.02388800000000124,star
0.3190000000000026,-0.25700000000000145,-0.26699999999999946,-0.20400000000000063,wd
0.20400000000000063,-0.0009999999999976694,0.14299999999999713,-0.08399999999999963,qso
0.6739999999999995,0.2759999999999998,0.08099999999999952,-0.1479999999999997,wd
1.0015009999999975,0.37671100000000024,0.12649899999999903,0.07220600000000132,star
1.4224250000000005,0.508189999999999,0.21284299999999945,0.053293000000000035,star
1.5557139999999983,0.5405190000000015,0.17793499999999973,0.023420999999999026,star
0.24099999999999966,-0.14299999999999713,0.2839999999999989,0.2010000000000005,qso
-0.2240000000000002,0.5199999999999996,-0.003999999999997783,0.0019999999999988916,qso
0.22100000000000009,0.21199999999999974,-0.10099999999999909,0.1280000000000001,wd
0.19099999999999895,0.28699999999999903,0.09800000000000253,0.03200000000000003,qso
1.7576539999999987,0.5886749999999985,0.217449000000002,0.14110999999999763,star
1.0558220000000027,0.33245099999999894,0.09650999999999854,0.09358800000000045,star
0.3930000000000007,-0.23799999999999955,-0.25800000000000267,-0.27399999999999736,wd
0.31799999999999784,-0.19299999999999784,-0.20800000000000196,-0.1479999999999997,wd
0.0710000000000015,0.10099999999999909,0.18599999999999994,0.08599999999999852,qso
0.27500000000000213,0.13599999999999923,0.2889999999999979,0.037000000000002586,qso
0.9697649999999989,0.3692990000000016,0.11096399999999917,0.039524000000000115,star
0.9489819999999973,0.282427000000002,0.10038600000000031,0.011481999999997328,star
0.3539999999999992,-0.12900000000000134,-0.18299999999999983,-0.3509999999999991,wd
-0.055999999999997385,-0.2170000000000023,-0.2029999999999994,-0.19699999999999918,wd
-0.007999999999999119,0.16300000000000026,-0.06300000000000239,0.02500000000000213,qso
0.2029999999999994,0.16199999999999903,0.008000000000002672,0.1839999999999975,qso
0.24200000000000088,-0.2959999999999994,-0.28500000000000014,-0.11100000000000065,wd
0.29999999999999716,-0.04399999999999693,0.09399999999999764,0.10300000000000153,qso
0.07900000000000063,-0.41300000000000026,-0.1980000000000004,-0.38500000000000156,wd
0.37700000000000244,0.012999999999998124,-0.0519999999999996,-0.14000000000000057,wd
0.010999999999999233,-0.03500000000000014,0.3990000000000009,0.21399999999999864,qso
0.3290000000000006,0.16399999999999793,0.18299999999999983,0.06700000000000017,qso
0.11899999999999977,-0.10899999999999821,-0.1769999999999996,-0.125,wd
1.8920379999999994,0.7271479999999997,0.2543930000000003,0.15351800000000182,star
0.27800000000000225,0.11799999999999855,0.18200000000000216,0.014999999999997016,qso
-0.030000000000001137,-0.3769999999999989,-0.30900000000000105,-0.26399999999999935,wd
0.3490000000000002,0.504999999999999,0.23799999999999955,0.4700000000000024,qso
0.0779999999999994,-0.26899999999999835,0.18499999999999872,0.33500000000000085,wd
1.063765,0.4316459999999971,0.2005730000000021,0.09717599999999749,star
1.0325109999999995,0.4079530000000009,0.1251420000000003,0.03499000000000052,star
0.42600000000000193,-0.20200000000000173,-0.19500000000000028,-0.010999999999999233,wd
0.3880000000000017,0.3049999999999997,0.07499999999999929,-0.054999999999999716,qso
0.19000000000000128,-0.14300000000000068,-0.11799999999999855,-0.03300000000000125,wd
1.633034000000002,0.6679879999999976,0.27188500000000104,0.1426659999999984,star
0.24099999999999966,0.4700000000000024,0.2539999999999978,0.31400000000000006,qso
1.975595000000002,0.8331119999999981,0.2738410000000009,0.1435929999999992,star
0.34999999999999787,0.15000000000000213,0.06799999999999784,0.29299999999999926,qso
0.07000000000000028,-0.30500000000000327,-0.3509999999999991,-0.23900000000000077,wd
1.2865809999999982,0.4544560000000022,0.16643399999999886,0.05741899999999944,star
0.9035380000000011,0.29964299999999966,0.1093510000000002,-0.02611699999999928,star
1.8175539999999977,0.6288020000000003,0.2578130000000005,0.10731400000000058,star
1.5535829999999997,0.6464390000000009,0.29096600000000095,0.11237899999999712,star
0.4609999999999985,-0.06500000000000128,-0.1980000000000004,-0.0779999999999994,wd
0.14300000000000068,0.19599999999999795,-0.28999999999999915,0.3930000000000007,qso
0.41799999999999926,-0.05100000000000193,-0.1039999999999992,0.0990000000000002,wd
-0.259999999999998,-0.4710000000000001,-0.3390000000000022,-0.379999999999999,wd
0.6290000000000013,0.5359999999999978,0.40800000000000125,-0.1039999999999992,qso
0.583000000000002,0.21499999999999986,0.046999999999997044,-0.027999999999998693,wd
1.857599999999998,0.7387119999999996,0.3288770000000021,0.17055500000000023,star
0.8521499999999982,0.2293440000000011,0.09528299999999845,0.011099000000001524,star
-0.10600000000000165,-0.3960000000000008,-0.23600000000000065,-0.2839999999999989,wd
0.5660000000000025,0.07899999999999707,0.0010000000000012221,0.030000000000001137,wd
-0.047999999999998266,-0.3940000000000019,-0.23899999999999721,-0.24399999999999977,wd
0.20400000000000063,-0.2469999999999999,-0.23499999999999943,-0.23799999999999955,wd
0.39599999999999724,-0.10099999999999909,-0.09199999999999875,-0.1739999999999995,wd
0.2699999999999996,0.16300000000000026,0.015000000000000568,0.18999999999999773,qso
1.7372489999999985,0.7344970000000011,0.20907199999999904,0.2433720000000008,star
1.1474960000000003,0.39835000000000065,0.16889499999999913,0.05092299999999916,star
0.4579999999999984,0.29100000000000037,0.37900000000000134,0.129999999999999,qso
0.8326699999999967,0.14539000000000257,0.3647980000000004,0.04140999999999906,star
0.2629999999999981,0.3279999999999994,0.22300000000000253,0.3289999999999971,qso
0.036999999999999034,0.054999999999999716,0.15000000000000213,-0.09199999999999875,qso
2.553258999999997,1.2170180000000013,0.4545370000000002,0.24557800000000007,star
0.1869999999999976,0.07700000000000173,0.22100000000000009,0.3299999999999983,qso
0.43299999999999983,0.027999999999998693,0.07600000000000051,-0.28200000000000003,wd
1.8340190000000014,0.6487559999999988,0.24204399999999993,0.150818000000001,star
0.33000000000000185,-0.2029999999999994,0.12599999999999767,0.4140000000000015,wd
0.16999999999999815,-0.3000000000000007,-0.3279999999999994,-0.1579999999999977,wd
0.5560000000000009,0.26599999999999824,0.11899999999999977,0.26200000000000045,qso
1.6283900000000031,0.5973989999999993,0.298569999999998,0.13698199999999972,star
2.3407860000000014,0.8708099999999988,0.30413399999999946,0.13361200000000117,star
0.3290000000000006,0.1529999999999987,0.22800000000000153,0.006000000000000227,qso
1.6011290000000002,0.5911679999999997,0.15623800000000188,-0.07711799999999869,star
0.2220000000000013,-0.1720000000000006,0.08699999999999974,0.22799999999999798,qso
0.4759999999999991,0.0470000000000006,0.010999999999999233,0.09999999999999787,qso
-0.14999999999999858,0.15399999999999991,0.07699999999999818,-0.14399999999999835,qso
1.6421659999999996,0.5773270000000004,0.24583499999999958,0.06112500000000054,star
1.0362179999999999,0.3739410000000003,0.08532000000000117,-0.01566100000000148,star
-0.0070000000000014495,0.2190000000000012,-0.0030000000000001137,-0.053000000000000824,qso
0.2510000000000012,-0.30799999999999983,-0.19900000000000162,-0.3200000000000003,wd
0.375,-0.0259999999999998,-0.045999999999999375,-0.1750000000000007,wd
0.43700000000000117,-0.21799999999999997,-0.19900000000000162,-0.2259999999999991,wd
0.03500000000000014,-0.3689999999999998,-0.29299999999999926,-0.19900000000000162,wd
0.1880000000000024,0.36599999999999966,0.2839999999999989,-0.1559999999999988,qso
2.5061719999999994,1.2765769999999996,0.5458850000000002,0.32112799999999986,star
0.16600000000000037,-0.33800000000000097,-0.18900000000000006,0.09700000000000131,wd
0.245000000000001,0.08299999999999841,0.277000000000001,-0.125,qso
1.7973919999999985,0.6929279999999984,0.2727530000000016,0.1542659999999998,star
0.23799999999999955,-0.2799999999999976,-0.010000000000001563,0.11700000000000088,wd
0.49700000000000344,-0.22600000000000264,-0.17299999999999827,-0.3680000000000021,wd
0.5070000000000014,0.03999999999999915,0.036000000000001364,-0.04899999999999949,wd
0.6380000000000017,0.791999999999998,0.8230000000000004,0.5390000000000015,wd
-0.3730000000000011,-0.3949999999999996,-0.3290000000000006,-0.3290000000000006,wd
2.4235889999999998,1.0538199999999982,0.41760200000000225,0.22783699999999918,star
0.16199999999999903,-0.3990000000000009,-0.21099999999999852,-0.18499999999999872,wd
-0.23300000000000054,-0.4289999999999985,-0.33699999999999974,-0.29900000000000304,wd
0.5039999999999978,0.42900000000000205,0.26899999999999835,0.0730000000000004,qso
0.0020000000000024443,-0.24600000000000222,-0.1869999999999976,-0.13599999999999923,wd
2.587429,1.454381999999999,0.7582200000000014,0.4153249999999993,star
0.4759999999999991,0.036999999999999034,-0.015999999999998238,-0.125,wd
0.10699999999999932,-0.3200000000000003,-0.2560000000000002,-0.2629999999999981,wd
-0.27399999999999736,-0.4610000000000021,-0.3299999999999983,-0.3730000000000011,wd
0.4559999999999995,0.12199999999999989,0.036999999999999034,-0.012999999999998124,wd
1.024829999999998,0.33441700000000196,0.15209399999999818,0.015575000000001893,star
0.2240000000000002,0.021000000000000796,0.24899999999999878,0.0010000000000012221,qso
0.565999999999999,0.15399999999999991,0.01699999999999946,-0.10300000000000153,wd
1.6253339999999987,0.5998529999999995,0.20556299999999972,0.09717799999999954,star
0.38899999999999935,0.5899999999999999,0.3000000000000007,0.40700000000000003,qso
0.4450000000000003,0.1280000000000001,-0.014000000000002899,0.2010000000000005,qso
2.408376999999998,0.9377880000000012,0.3005469999999981,0.17838800000000177,star
0.0030000000000001137,-0.4510000000000005,-0.26500000000000057,-0.2950000000000017,wd
0.570999999999998,0.12600000000000122,0.6099999999999994,0.6859999999999999,wd
0.4529999999999994,-0.09399999999999764,-0.2029999999999994,-0.2220000000000013,wd
0.4209999999999994,-0.03500000000000014,-0.03399999999999892,-0.1490000000000009,wd
0.2480000000000011,-0.0010000000000012221,0.17300000000000182,0.16499999999999915,qso
0.37900000000000134,0.4299999999999997,0.0519999999999996,0.04800000000000182,qso
0.018000000000000682,0.2610000000000028,-0.02400000000000091,-0.10900000000000176,qso
-0.05999999999999872,-0.2170000000000023,-0.22100000000000009,-0.21499999999999986,wd
0.35999999999999943,-0.2270000000000003,-0.3130000000000024,-0.05999999999999872,wd
0.31899999999999906,-0.054999999999999716,-0.07000000000000028,-0.3279999999999994,wd
0.2010000000000005,0.1460000000000008,0.038000000000000256,0.10800000000000054,qso
0.09600000000000009,0.08000000000000185,0.2959999999999994,0.06099999999999994,qso
0.5039999999999978,0.18100000000000094,0.04800000000000182,-0.1680000000000028,wd
0.9718079999999993,0.35639799999999866,0.09191300000000169,0.05432300000000012,star
0.2190000000000012,-0.019999999999999574,0.36799999999999855,0.4770000000000003,wd
-0.0730000000000004,-0.39000000000000057,-0.3099999999999987,-0.1980000000000004,wd
0.9765989999999984,-0.2287159999999986,-0.1936630000000008,-0.1409520000000004,star
1.3949090000000002,0.5201789999999988,0.1931900000000013,0.029086999999998753,star
0.14500000000000313,0.09299999999999997,0.2049999999999983,-0.02400000000000091,qso
1.1958519999999986,0.2851890000000008,0.24286600000000114,0.02641199999999877,star
0.47300000000000253,-0.18400000000000105,-0.23000000000000043,-0.16799999999999926,wd
0.10200000000000031,0.14300000000000068,0.29100000000000037,0.08399999999999963,qso
0.4380000000000024,-0.1460000000000008,-0.15500000000000114,-0.11999999999999744,wd
0.44399999999999906,-0.010000000000001563,0.08000000000000185,0.245000000000001,qso
1.3944930000000006,0.5146390000000025,0.19295999999999935,0.09536800000000056,star
0.2430000000000021,-0.1880000000000024,-0.23999999999999844,-0.272000000000002,wd
1.3373469999999976,0.4660250000000019,0.21881600000000034,0.11108600000000024,star
0.14700000000000202,0.34999999999999787,0.12600000000000122,-0.028999999999999915,qso
0.365000000000002,-0.17800000000000082,-0.1789999999999985,-0.142000000000003,wd
1.3602179999999997,0.5291309999999996,0.18212100000000042,0.007253000000000398,star
0.6389999999999993,0.2029999999999994,0.04899999999999949,0.2870000000000026,qso
0.402000000000001,0.004999999999999005,-0.0990000000000002,-0.0730000000000004,wd
0.06899999999999906,-0.019999999999999574,0.17300000000000182,0.11499999999999844,qso
0.22100000000000009,-0.370000000000001,-0.3180000000000014,-0.3260000000000005,wd
0.12199999999999989,0.20200000000000173,0.038999999999997925,-0.11100000000000065,qso
0.5090000000000003,-0.07199999999999918,-0.120000000000001,-0.29299999999999926,wd
0.11799999999999855,0.07000000000000028,0.3210000000000015,0.03399999999999892,qso
1.2242770000000007,0.39749199999999973,0.18329400000000007,0.07288700000000148,star
0.007999999999999119,-0.46699999999999875,-0.25900000000000034,-0.5390000000000015,wd
0.19899999999999807,0.5480000000000018,0.18100000000000094,0.08599999999999852,qso
1.1923879999999976,0.5243110000000009,0.12462200000000045,0.09148200000000095,star
-0.07600000000000051,0.16300000000000026,-0.06300000000000239,-0.019999999999999574,qso
1.0253590000000017,0.47151500000000013,0.17273899999999998,0.09119300000000052,star
0.09999999999999787,-0.02699999999999747,0.593,0.5299999999999976,wd
0.24900000000000233,-0.04299999999999926,0.23899999999999721,-0.14899999999999736,qso
1.3956049999999998,0.525538000000001,0.25545999999999935,0.02385600000000032,star
0.18999999999999773,0.24200000000000088,0.2789999999999999,0.07400000000000162,qso
0.46699999999999875,0.3230000000000004,0.3219999999999992,0.31400000000000006,qso
1.0636639999999993,0.32021899999999803,0.13677200000000056,0.04148100000000099,star
0.1559999999999988,0.030000000000001137,0.2270000000000003,-0.0470000000000006,qso
1.8611130000000031,0.7021920000000001,0.2007199999999969,0.10450900000000019,star
0.6020000000000003,0.03999999999999915,-0.054000000000002046,-0.08399999999999963,wd
0.26000000000000156,0.036999999999999034,0.16499999999999915,0.04400000000000048,qso
0.38000000000000256,0.49199999999999733,0.14300000000000068,0.5229999999999997,qso
1.9444520000000018,0.8051899999999996,0.31020000000000003,0.199584999999999,star
0.16599999999999682,0.3730000000000011,0.21300000000000097,0.07199999999999918,qso
0.2959999999999994,0.11899999999999977,-0.05700000000000216,0.10500000000000043,qso
0.23700000000000188,0.008999999999996788,0.08300000000000196,0.19599999999999795,qso
1.2279400000000003,0.4687340000000013,0.09700199999999981,0.08708999999999989,star
0.4609999999999985,0.07900000000000063,-0.038000000000000256,-0.14199999999999946,wd
0.2890000000000015,0.3549999999999969,0.3240000000000016,0.03300000000000125,qso
-0.004999999999999005,0.27199999999999847,0.036999999999999034,-0.07499999999999929,qso
0.21499999999999986,0.06900000000000261,0.28500000000000014,0.07099999999999795,qso
2.0834139999999977,0.7798220000000029,0.2965929999999979,0.08798700000000181,star
0.21399999999999864,0.06400000000000006,0.16900000000000048,0.11100000000000065,qso
0.07500000000000284,-0.23799999999999955,-0.3400000000000034,-0.2359999999999971,wd
0.19699999999999918,-0.07099999999999795,0.1059999999999981,-0.1319999999999979,qso
0.4339999999999975,-0.06799999999999784,-0.1460000000000008,-0.0010000000000012221,wd
-0.14300000000000068,-0.15000000000000213,0.35900000000000176,0.24099999999999966,qso
0.24600000000000222,0.11899999999999977,0.23799999999999955,0.24299999999999855,qso
0.5409999999999968,0.19500000000000028,0.03200000000000003,-0.02499999999999858,wd
0.5160000000000018,-0.030000000000001137,0.14199999999999946,0.17300000000000182,qso
-0.022999999999999687,0.31400000000000006,-0.0259999999999998,-0.08800000000000097,qso
0.33500000000000085,0.43599999999999994,0.05999999999999872,0.08200000000000074,qso
-0.0030000000000001137,0.11599999999999966,0.272000000000002,0.16499999999999915,qso
1.7903350000000025,0.6441589999999984,0.31510899999999964,0.12172100000000086,star
1.9737380000000009,0.7763129999999983,0.27597300000000047,0.1577200000000012,star
0.277000000000001,0.2510000000000012,-0.0730000000000004,0.06599999999999895,qso
0.5479999999999983,0.3760000000000012,0.5040000000000013,0.10499999999999687,qso
0.027000000000001023,0.11400000000000077,0.4239999999999995,-0.009000000000000341,qso
0.9599960000000003,0.28458200000000033,0.08432599999999724,0.009744000000001307,star
0.4750000000000014,-0.04899999999999949,-0.120000000000001,0.14000000000000057,wd
0.07900000000000063,-0.012000000000000455,0.2940000000000005,-0.1819999999999986,qso
2.6022739999999978,1.3109150000000014,0.5333089999999991,0.30185800000000107,star
0.31999999999999673,0.1620000000000026,0.010999999999999233,-0.010999999999999233,qso
1.9469349999999999,0.8034120000000016,0.2907459999999986,0.15111100000000022,star
0.23000000000000043,0.015000000000000568,-0.16000000000000014,0.08399999999999963,qso
0.32700000000000173,0.1999999999999993,0.18100000000000094,0.2629999999999981,qso
0.36299999999999955,0.028999999999999915,-0.09199999999999875,0.10900000000000176,qso
0.5809999999999995,-0.08099999999999952,0.036999999999999034,-0.4480000000000004,wd
0.33200000000000074,-0.0259999999999998,0.2010000000000005,0.18799999999999883,qso
0.31599999999999895,-0.18900000000000006,-0.24599999999999866,-0.2140000000000022,wd
0.46300000000000097,-0.030999999999998806,-0.10999999999999943,-0.17300000000000182,wd
1.3024380000000022,0.6182829999999981,0.1998899999999999,0.053520000000002454,star
0.30900000000000105,-0.08099999999999952,0.1490000000000009,-0.06500000000000128,qso
1.3775370000000002,0.5248050000000006,0.20243599999999873,0.05521400000000298,star
1.8738020000000013,0.7567479999999982,0.29065299999999894,0.14494200000000035,star
2.245281000000002,0.9861369999999994,0.3224940000000007,0.1148769999999999,star
0.5640000000000001,0.5399999999999991,0.968,0.7289999999999992,wd
0.24199999999999733,-0.2270000000000003,-0.23199999999999932,-0.16399999999999793,wd
0.23600000000000065,0.010999999999999233,-0.07399999999999807,-0.2789999999999999,wd
1.1349739999999997,0.4074360000000006,0.17645900000000125,0.022794999999998566,star
1.0291779999999981,-0.025895999999999475,-0.07454300000000202,-0.08202700000000007,star
0.4750000000000014,-0.18500000000000227,-0.14000000000000057,-0.26399999999999935,wd
0.20400000000000063,-0.07199999999999918,-0.21600000000000108,-0.17300000000000182,wd
0.402000000000001,-0.2469999999999999,-0.19500000000000028,-0.17700000000000315,wd
1.3158550000000027,0.5442929999999997,0.23363399999999857,0.08483200000000046,star
0.3049999999999997,-0.00999999999999801,0.5679999999999978,0.5630000000000006,wd
0.8928200000000004,0.2978960000000015,0.12190599999999918,-0.0252049999999997,star
1.4064769999999989,0.5195350000000012,0.18319799999999908,0.039996000000000365,star
0.4460000000000015,0.027999999999998693,-0.04400000000000048,-0.15199999999999747,wd
-0.27300000000000324,-0.49199999999999733,-0.38599999999999923,-0.17800000000000082,wd
0.2809999999999988,0.1930000000000014,-0.018000000000000682,-0.03999999999999915,qso
0.4660000000000011,0.27800000000000225,0.42799999999999727,0.08500000000000085,qso
2.4594780000000007,1.214653000000002,0.5086239999999993,0.3106549999999988,star
0.011999999999996902,0.06900000000000261,0.34199999999999875,0.054999999999999716,qso
0.4089999999999989,0.03999999999999915,-0.028999999999999915,-0.05000000000000071,wd
-0.09999999999999787,-0.20500000000000185,-0.25700000000000145,-0.14999999999999858,wd
0.38599999999999923,0.6859999999999999,0.10400000000000276,-0.004000000000001336,qso
0.16499999999999915,-0.36400000000000077,-0.3230000000000004,0.2890000000000015,wd
0.46000000000000085,-0.2680000000000007,-0.3290000000000006,0.21300000000000097,wd
0.06400000000000006,0.027000000000001023,0.15800000000000125,0.14000000000000057,qso
1.7525480000000009,0.6734779999999994,0.2696769999999997,0.0899870000000007,star
0.125,0.02400000000000091,0.31299999999999883,0.0070000000000014495,qso
0.5060000000000002,-0.013999999999999346,-0.06500000000000128,-0.14999999999999858,wd
0.34299999999999997,0.1529999999999987,0.2890000000000015,0.062000000000001165,qso
1.3889600000000009,0.4821169999999988,0.20008800000000093,0.04095599999999955,star
0.33399999999999963,-0.06099999999999994,-0.011000000000002785,0.45800000000000196,qso
0.10899999999999821,0.24899999999999878,-0.06400000000000006,-0.07399999999999807,qso
-0.10999999999999943,-0.2579999999999991,-0.2339999999999982,-0.245000000000001,wd
-0.2289999999999992,-0.13100000000000023,0.4039999999999999,0.3440000000000012,wd
1.0754349999999988,0.39598700000000164,0.12939199999999929,0.03726599999999891,star
-0.06199999999999761,0.5689999999999991,0.05799999999999983,-0.036000000000001364,qso
0.030000000000001137,0.04100000000000037,0.13899999999999935,0.04299999999999926,qso
0.26000000000000156,-0.18700000000000117,-0.23199999999999932,-0.1180000000000021,wd
1.139159000000003,0.45302899999999724,0.11159500000000122,0.16395199999999832,star
0.24599999999999866,0.18900000000000006,0.3500000000000014,0.10200000000000031,qso
0.28999999999999915,-0.0990000000000002,-0.24799999999999756,-0.028000000000002245,wd
2.6333769999999994,1.292819999999999,0.5374670000000012,0.30251499999999965,star
1.5319820000000028,0.6332069999999987,0.29062700000000063,0.12814699999999846,star
0.22100000000000009,-0.08500000000000085,-0.1559999999999988,0.015000000000000568,wd
1.2080540000000006,0.4310690000000008,0.2061599999999988,0.02835800000000077,star
1.23686,0.6329839999999969,0.23888000000000176,0.13602000000000025,star
1.7766529999999996,0.7240360000000017,0.3109389999999994,0.14646300000000068,star
0.11299999999999955,-0.030000000000001137,0.3420000000000023,0.07899999999999707,qso
0.15899999999999892,-0.33699999999999974,-0.2569999999999979,-0.14700000000000202,wd
0.3240000000000016,0.06099999999999994,-0.08800000000000097,-0.08500000000000085,wd
0.3949999999999996,-0.11299999999999955,-0.08099999999999952,-0.28200000000000003,wd
1.512951000000001,0.6298749999999984,0.25586700000000207,0.11804999999999843,star
1.0758100000000006,0.3241979999999991,0.14128799999999941,0.0014540000000025088,star
0.908299999999997,0.2762090000000015,0.15643299999999982,-0.06659900000000007,star
2.1172289999999983,0.7893720000000002,0.30776600000000087,0.20734900000000067,star
0.03900000000000148,0.11299999999999955,0.21399999999999864,0.14800000000000324,qso
1.8892209999999992,0.566943000000002,0.42740599999999773,0.21757900000000063,star
0.1039999999999992,0.08099999999999952,0.1319999999999979,-0.04299999999999926,qso
0.09600000000000009,-0.3410000000000011,-0.30600000000000094,-0.18999999999999773,wd
2.767165000000002,1.2217239999999983,0.3413079999999997,0.2769180000000002,star
0.3930000000000007,0.07600000000000051,-0.0020000000000024443,-0.09699999999999775,wd
0.4099999999999966,-0.21499999999999986,-0.13599999999999923,-0.24200000000000088,wd
0.5339999999999989,-0.19000000000000128,-0.1039999999999992,-0.23499999999999943,wd
0.04899999999999949,-0.32399999999999807,-0.19099999999999895,0.11699999999999733,wd
0.09299999999999997,-0.3539999999999992,-0.3039999999999985,0.019999999999999574,wd
1.877158999999999,0.7642939999999996,0.28206400000000187,0.15254999999999797,star
0.3210000000000015,0.1789999999999985,0.036000000000001364,0.023999999999997357,qso
-0.007999999999999119,-0.22500000000000142,-0.18599999999999994,-0.3039999999999985,wd
0.41199999999999903,0.5289999999999999,0.245000000000001,0.38599999999999923,qso
0.5899999999999999,0.23400000000000176,0.25400000000000134,0.2849999999999966,qso
0.33000000000000185,-0.26200000000000045,-0.25400000000000134,-0.3200000000000003,wd
0.4499999999999993,-0.010000000000001563,-0.06299999999999883,-0.11299999999999955,wd
1.1482729999999997,0.386060999999998,0.15221200000000046,0.05851700000000015,star
0.36799999999999855,0.1269999999999989,-0.06899999999999906,0.21999999999999886,qso
1.2630559999999988,0.4180349999999997,0.18800600000000145,0.037493999999998806,star
1.2637370000000026,0.406844999999997,0.1953470000000017,0.05175600000000102,star
1.1518990000000002,0.35341699999999854,0.18469900000000017,0.0764200000000006,star
2.05096,0.8432470000000016,0.3279350000000001,0.16712799999999994,star
0.48600000000000065,-0.1319999999999979,-0.24099999999999966,-0.12600000000000122,wd
0.45899999999999963,0.23000000000000043,0.14300000000000068,0.0019999999999988916,qso
0.3810000000000002,-0.2190000000000012,-0.10800000000000054,-0.020999999999997243,wd
0.03399999999999892,0.06500000000000128,0.09499999999999886,0.08100000000000307,qso
0.23200000000000287,0.18099999999999739,-0.1319999999999979,0.047999999999998266,qso
2.5175550000000015,1.0699639999999988,0.3688660000000006,0.2044239999999995,star
0.46899999999999764,-0.1980000000000004,-0.19200000000000017,-0.16999999999999815,wd
0.07299999999999685,-0.3549999999999969,-0.24600000000000222,-0.36799999999999855,wd
0.5079999999999991,0.18500000000000227,-0.0030000000000001137,0.2289999999999992,qso
0.41100000000000136,-0.20400000000000063,-0.22500000000000142,-0.24200000000000088,wd
2.4658569999999997,1.2498280000000008,0.525602000000001,0.20224200000000003,star
0.3230000000000004,-0.1869999999999976,0.2539999999999978,0.5850000000000009,wd
1.969661000000002,0.8150179999999985,0.3343600000000002,0.18218800000000002,star
0.07700000000000173,-0.15800000000000125,-0.1529999999999987,-0.1490000000000009,wd
-0.3249999999999993,-0.4190000000000005,-0.3930000000000007,-0.3520000000000003,wd
0.134999999999998,-0.2989999999999995,-0.2950000000000017,-0.21599999999999753,wd
0.4789999999999992,-0.1930000000000014,-0.16799999999999926,-0.21000000000000085,wd
0.20400000000000063,0.16900000000000048,-0.15399999999999991,0.01899999999999835,qso
0.07199999999999918,-0.36499999999999844,-0.2839999999999989,-0.1620000000000026,wd
0.49599999999999866,-0.01799999999999713,-0.07700000000000173,-0.12399999999999878,wd
2.8132400000000004,1.335331,0.5776390000000013,0.33897599999999883,star
0.35800000000000054,-0.0010000000000012221,-0.12299999999999756,0.08199999999999719,qso
0.3069999999999986,0.10000000000000142,0.39199999999999946,0.08399999999999963,qso
0.9029999999999987,0.045999999999999375,0.20400000000000063,0.2309999999999981,qso
0.7149999999999999,0.0779999999999994,0.04899999999999949,0.25200000000000244,qso
2.4045749999999977,1.0101569999999995,0.4220620000000004,0.20448900000000236,star
-0.15700000000000003,-0.35100000000000264,-0.34499999999999886,-0.5070000000000014,wd
0.4269999999999996,0.06499999999999773,0.277000000000001,-0.030999999999998806,qso
1.157045,0.4376749999999987,0.1575330000000008,0.05397299999999916,star
0.38400000000000034,0.1479999999999997,0.036000000000001364,-0.15000000000000213,wd
0.1750000000000007,-0.028000000000002245,0.022000000000002018,0.03399999999999892,qso
0.2699999999999996,0.07199999999999918,0.2779999999999987,-0.05099999999999838,qso
-0.28999999999999915,-0.45500000000000185,-0.26799999999999713,-0.2840000000000025,wd
2.4404680000000027,1.243776999999998,0.24623599999999968,0.5701680000000007,star
0.01699999999999946,0.03200000000000003,0.10300000000000153,0.21399999999999864,qso
1.421445000000002,0.5249569999999988,0.20743600000000129,0.08391799999999883,star
0.5060000000000002,0.09799999999999898,-0.007999999999999119,-0.10000000000000142,wd
0.26699999999999946,0.41600000000000037,0.3760000000000012,0.2469999999999999,qso
0.4059999999999988,0.24200000000000088,0.2339999999999982,0.10200000000000031,qso
-0.019000000000001904,-0.3619999999999983,-0.2809999999999988,-0.15100000000000335,wd
0.1980000000000004,-0.2799999999999976,-0.35600000000000165,-0.08599999999999852,wd
0.14999999999999858,-0.24899999999999878,-0.22500000000000142,-0.05099999999999838,wd
0.28200000000000003,-0.21999999999999886,-0.15200000000000102,-0.3180000000000014,wd
0.3949999999999996,-0.21999999999999886,-0.22800000000000153,-0.21699999999999875,wd
0.2989999999999995,0.4880000000000031,0.07099999999999795,0.07199999999999918,qso
0.1609999999999978,-0.3819999999999979,-0.3620000000000019,-0.1739999999999995,wd
0.8643779999999985,0.3521220000000014,0.07866200000000134,0.07786399999999816,star
0.2740000000000009,-0.26500000000000057,-0.24899999999999878,-0.3200000000000003,wd
0.14399999999999835,0.07000000000000028,0.2170000000000023,0.020999999999997243,qso
2.6787719999999986,1.3040610000000008,0.6725689999999993,0.28972200000000115,star
0.44399999999999906,0.38700000000000045,0.259999999999998,0.3660000000000032,qso
0.9743479999999991,0.3695430000000002,0.1274070000000016,0.005295000000000272,star
1.6528840000000002,0.6204389999999975,0.1944100000000013,0.21834600000000037,star
-0.2789999999999999,-0.565999999999999,-0.42600000000000193,-0.05799999999999983,wd
2.507269000000001,1.2120779999999982,0.45244899999999966,0.2110310000000002,star
0.09200000000000053,0.10099999999999909,0.2530000000000001,-0.05400000000000027,qso
2.564795,1.0849529999999987,0.4460620000000013,0.2150289999999977,star
0.04999999999999716,-0.24599999999999866,-0.18499999999999872,-0.2729999999999997,wd
0.08399999999999963,0.10999999999999943,0.07400000000000162,0.005999999999996675,qso
-0.06299999999999883,0.2619999999999969,0.07500000000000284,0.054999999999999716,qso
0.4140000000000015,0.17099999999999937,-0.08099999999999952,0.04899999999999949,wd
0.06799999999999784,0.32500000000000284,0.22100000000000009,-0.09500000000000242,qso
0.22799999999999798,-0.1039999999999992,0.13500000000000156,0.2859999999999978,qso
0.33200000000000074,0.28800000000000026,0.3349999999999973,-0.0019999999999988916,qso
0.14999999999999858,-0.021999999999998465,0.2029999999999994,-0.01600000000000179,qso
0.4800000000000004,0.03399999999999892,-0.06700000000000017,-0.16799999999999926,wd
0.5990000000000002,0.0799999999999983,-0.00999999999999801,-0.17900000000000205,wd
0.120000000000001,-0.04600000000000293,0.24200000000000088,-0.31299999999999883,qso
0.3309999999999995,-0.17999999999999972,-0.23100000000000165,-0.3639999999999972,wd
1.3813320000000004,0.4739900000000006,0.2395169999999993,0.12345900000000043,star
0.06400000000000006,0.05699999999999861,0.3279999999999994,-0.028999999999999915,qso
0.3269999999999982,-0.23699999999999832,-0.2220000000000013,-0.25900000000000034,wd
0.7630000000000017,0.9019999999999975,0.7040000000000006,0.40499999999999936,wd
2.6976750000000003,1.2566869999999994,0.49297400000000025,0.2606730000000006,star
1.8223079999999996,0.7620809999999985,0.24500300000000053,0.18493099999999885,star
-0.2680000000000007,-0.44599999999999795,-0.31099999999999994,-0.3309999999999995,wd
0.9514940000000003,0.21254400000000118,0.0736920000000012,-0.004566000000000514,star
0.06899999999999906,0.022000000000002018,0.09099999999999753,-0.006000000000000227,qso
0.08800000000000097,0.10299999999999798,0.18500000000000227,0.16199999999999903,qso
0.34499999999999886,-0.25,-0.2539999999999978,-0.2630000000000017,wd
0.40199999999999747,-0.2289999999999992,-0.21799999999999997,-0.1479999999999997,wd
0.2809999999999988,0.017000000000003013,-0.06300000000000239,0.07900000000000063,qso
0.4980000000000011,-0.21699999999999875,-0.23000000000000043,-0.28300000000000125,wd
1.7349999999999994,0.370000000000001,0.1490000000000009,0.04299999999999926,qso
1.1180100000000017,0.38066199999999917,0.1353679999999997,0.05675500000000078,star
2.3032269999999997,0.9481300000000026,0.3100479999999983,0.2515110000000007,star
0.898924000000001,0.255195999999998,0.1184820000000002,0.010623999999999967,star
0.09199999999999875,-0.053999999999998494,0.2729999999999997,0.0,qso
0.5779999999999994,-0.011999999999996902,-0.15100000000000335,-0.1869999999999976,wd
2.253553,0.9973710000000011,0.3264560000000003,0.21949599999999947,star
0.7019999999999982,-0.007999999999999119,0.19699999999999918,0.30600000000000094,qso
-0.0730000000000004,0.15200000000000102,0.030999999999998806,-0.1319999999999979,qso
2.3160229999999977,0.8984050000000003,0.3019480000000012,0.18418499999999938,star
1.0329130000000006,0.45897099999999824,0.1858270000000033,0.08447999999999922,star
0.03500000000000014,-0.030000000000001137,0.19399999999999906,-0.045999999999999375,qso
-0.21799999999999997,-0.267000000000003,0.4400000000000013,0.6239999999999988,wd
0.4239999999999995,0.08699999999999974,-0.03599999999999781,-0.0030000000000001137,wd
-0.2049999999999983,-0.006000000000000227,0.30600000000000094,-0.004000000000001336,qso
2.2089169999999996,0.9222050000000017,0.3318449999999977,0.1668680000000009,star
-0.008000000000002672,-0.26599999999999824,-0.33200000000000074,-0.24899999999999878,wd
0.9832299999999989,0.41685000000000016,0.13358500000000006,0.0443870000000004,star
0.397000000000002,0.11100000000000065,-0.03200000000000003,-0.18200000000000216,wd
1.908057999999997,0.7298590000000011,0.24809600000000032,0.15262200000000092,star
0.38899999999999935,-0.2909999999999968,-0.32800000000000296,-0.21599999999999753,wd
1.8655180000000016,0.750788,0.2630669999999995,0.10689999999999955,star
0.3329999999999984,-0.027000000000001023,-0.07099999999999795,0.21999999999999886,qso
0.10500000000000043,-0.13400000000000034,0.43299999999999983,0.14199999999999946,qso
0.15700000000000003,0.15500000000000114,0.09799999999999898,0.08399999999999963,qso
0.5650000000000013,0.16999999999999815,0.08099999999999952,0.2680000000000007,qso
1.144198000000003,0.1959509999999991,0.1061949999999996,-0.011136000000000479,star
0.45200000000000173,-0.004999999999999005,-0.054000000000002046,-0.07499999999999929,wd
1.2610760000000028,0.41677699999999973,0.17009399999999886,0.07333300000000165,star
0.2890000000000015,0.21699999999999875,0.3219999999999992,0.09500000000000242,qso
1.4504960000000011,0.5773659999999978,0.21389700000000111,0.08128600000000041,star
1.020733,0.32016800000000245,0.08926699999999954,-0.09509600000000162,star
0.16399999999999793,-0.24199999999999733,-0.22300000000000253,-0.4819999999999993,wd
0.9117870000000003,0.35661500000000146,0.16677800000000076,0.05923299999999898,star
1.6849750000000014,0.6612449999999974,0.24258100000000127,0.14784699999999873,star
2.1514109999999995,0.8852910000000005,0.2985659999999992,0.15389700000000062,star
0.20399999999999707,-0.19500000000000028,0.16600000000000037,0.10600000000000165,qso
0.19200000000000017,-0.1479999999999997,0.472999999999999,0.7200000000000024,wd
1.6116680000000017,0.6034679999999994,0.21435200000000165,0.08309699999999864,star
0.17800000000000082,-0.3290000000000006,-0.2989999999999995,-0.21499999999999986,wd
0.4250000000000007,-0.08300000000000196,-0.07099999999999795,-0.15700000000000003,wd
0.045000000000001705,0.11299999999999955,0.05999999999999872,0.5519999999999996,qso
1.4025689999999997,0.4859870000000015,0.18955199999999905,0.11515999999999948,star
0.4540000000000006,-0.12300000000000111,-0.11899999999999977,-0.21300000000000097,wd
1.6937719999999992,0.6349040000000024,0.2981609999999968,0.08286500000000174,star
0.4090000000000025,0.4299999999999997,0.3539999999999992,0.027999999999998693,qso
1.1902799999999978,0.5286050000000024,0.2685639999999978,0.13801799999999886,star
2.4571039999999975,1.1531810000000018,0.5241059999999997,0.17888400000000004,star
0.46000000000000085,-0.05000000000000071,-0.14000000000000057,-0.20899999999999963,wd
1.3019810000000014,0.6351089999999999,0.19923400000000058,0.16131399999999907,star
-0.14000000000000057,0.33000000000000185,0.4280000000000008,0.32299999999999685,wd
-0.2560000000000002,-0.4039999999999999,-0.33899999999999864,-0.7420000000000009,wd
0.1650000000000027,-0.3100000000000023,-0.245000000000001,-0.5809999999999995,wd
0.951120999999997,0.3799880000000009,0.16062500000000135,0.10117699999999985,star
0.934035999999999,0.21876899999999821,0.07497200000000248,0.04330099999999959,star
0.3069999999999986,0.16900000000000048,0.04400000000000048,-0.33200000000000074,wd
0.5110000000000028,0.10299999999999798,0.02500000000000213,-0.04600000000000293,wd
1.4073220000000006,0.5780379999999994,0.18102000000000018,0.11171599999999948,star
0.036999999999999034,0.1670000000000016,0.13799999999999812,0.06800000000000139,qso
0.990670999999999,0.367522000000001,0.12679999999999936,3.2999999998395424e-05,star
0.30299999999999727,0.010000000000001563,-0.10200000000000031,0.0710000000000015,qso
1.176045000000002,0.4836159999999978,0.13841000000000037,0.0662629999999993,star
1.382284000000002,0.5110129999999984,0.22485200000000205,0.05444699999999969,star
1.3071690000000018,0.4214689999999983,0.2034470000000006,0.0687149999999992,star
1.942346999999998,0.8386650000000024,0.3245730000000009,0.08784700000000001,star
1.384952000000002,0.5869659999999985,0.19712700000000005,0.12737900000000124,star
0.4180000000000028,0.029999999999997584,-0.036999999999999034,-0.18700000000000117,wd
0.21999999999999886,-0.24199999999999733,-0.25,-0.18599999999999994,wd
-0.41600000000000037,-0.5020000000000024,-0.34399999999999764,-0.4190000000000005,wd
0.28200000000000003,0.11599999999999966,0.28500000000000014,-0.5649999999999977,qso
2.537332000000003,1.1414659999999976,0.41323000000000043,0.2235680000000002,star
0.41300000000000026,0.14299999999999713,0.005000000000002558,-0.09700000000000131,wd
2.249647999999997,0.9678730000000009,0.40917600000000043,0.18981600000000043,star
0.19500000000000028,0.08800000000000097,0.24099999999999966,0.0030000000000001137,qso
0.10900000000000176,0.17299999999999827,0.1490000000000009,0.31400000000000006,qso
0.2740000000000009,-0.2469999999999999,0.038000000000000256,0.254999999999999,wd
0.33800000000000097,0.24099999999999966,0.36499999999999844,0.39199999999999946,qso
0.08200000000000074,0.33800000000000097,0.020999999999997243,0.07000000000000028,qso
1.2549590000000013,0.44117499999999943,0.1871609999999997,0.014266000000001,star
0.08399999999999963,0.3410000000000011,0.5939999999999976,0.40000000000000213,wd
1.5587030000000013,0.5631139999999988,0.2413749999999979,0.06685900000000089,star
2.255400999999999,0.8398150000000015,0.3013749999999984,0.23787000000000091,star
0.4700000000000024,0.010999999999999233,0.20700000000000074,0.08399999999999963,qso
0.3410000000000011,0.07499999999999929,-0.13500000000000156,0.16600000000000037,qso
1.5958649999999999,0.5459500000000013,0.23166499999999957,0.025967000000001406,star
0.3539999999999992,-0.006000000000000227,-0.01899999999999835,-0.2480000000000011,wd
2.0137269999999994,0.8094520000000003,0.2303619999999995,0.15099099999999765,star
1.1010059999999982,0.43531200000000325,0.08853899999999726,0.040959000000000856,star
1.0839330000000018,0.38910100000000014,0.15306700000000006,0.06945800000000091,star
1.1652009999999997,0.39159599999999983,0.14198299999999975,0.07229999999999848,star
1.2560920000000007,0.4577750000000016,0.15526099999999943,0.057313999999999865,star
0.3299999999999983,0.18599999999999994,0.015000000000000568,0.12300000000000111,qso
-0.1819999999999986,-0.3719999999999999,-0.2970000000000006,-0.30900000000000105,wd
1.5331609999999998,0.4972609999999982,0.15852800000000045,0.03130300000000119,star
0.4139999999999979,-0.19099999999999895,-0.19699999999999918,-0.23300000000000054,wd
0.036999999999999034,0.02500000000000213,0.013999999999999346,0.6260000000000012,qso
0.46799999999999997,-0.19900000000000162,-0.15700000000000003,-0.33399999999999963,wd
0.0259999999999998,0.022999999999999687,0.35999999999999943,-0.029999999999997584,qso
0.03300000000000125,0.347999999999999,-0.0259999999999998,-0.14000000000000057,qso
0.2630000000000017,-0.29299999999999926,-0.2870000000000026,-0.2959999999999994,wd
0.240000000000002,-0.16600000000000037,-0.38300000000000267,0.0870000000000033,wd
0.2519999999999989,0.0990000000000002,0.18999999999999773,-0.05999999999999872,qso
-0.01899999999999835,0.24299999999999855,0.25900000000000034,0.20899999999999963,qso
0.4289999999999985,-0.01899999999999835,0.020999999999997243,-0.020999999999997243,wd
0.31599999999999895,-0.05000000000000071,0.3219999999999992,0.13100000000000023,qso
0.062000000000001165,-0.009000000000000341,0.21600000000000108,0.07000000000000028,qso
0.0259999999999998,0.02500000000000213,0.1559999999999988,0.06299999999999883,qso
0.19099999999999895,0.11799999999999855,0.38200000000000145,0.19699999999999918,qso
-0.3119999999999976,-0.4440000000000026,-0.3569999999999993,-0.3619999999999983,wd
0.33300000000000196,0.1509999999999998,0.14999999999999858,-0.07499999999999929,qso
0.21600000000000108,0.1460000000000008,0.06499999999999773,-0.027999999999998693,qso
0.34299999999999997,0.16100000000000136,0.16300000000000026,-0.004999999999999005,qso
1.1734860000000005,0.4998729999999991,0.14430300000000074,0.02919599999999889,star
1.0971009999999985,0.3358520000000027,0.1669799999999988,0.10229700000000008,star
0.23799999999999955,0.0710000000000015,0.27399999999999736,0.027000000000001023,qso
1.677226000000001,0.6375250000000001,0.21615999999999858,0.12480000000000047,star
0.3689999999999998,0.2699999999999996,0.09600000000000009,0.26399999999999935,qso
0.8968959999999981,0.2967630000000021,0.08950999999999709,0.031517000000000905,star
-0.08999999999999986,-0.28500000000000014,-0.28200000000000003,-0.2889999999999979,wd
-0.05099999999999838,0.32399999999999807,0.07200000000000273,0.0799999999999983,qso
0.4559999999999995,-0.009000000000000341,-0.062000000000001165,-0.15899999999999892,wd
2.6069829999999996,1.069697999999999,0.38104099999999974,0.18211500000000136,star
0.5719999999999992,0.19699999999999918,0.04200000000000159,0.2579999999999991,qso
1.3863529999999997,0.49952499999999844,0.18595700000000193,0.08196599999999776,star
0.18799999999999883,-0.34299999999999997,-0.2710000000000008,-0.32099999999999795,wd
-0.28999999999999915,-0.44399999999999906,-0.35800000000000054,-0.15800000000000125,wd
0.08799999999999741,-0.3689999999999998,-0.2539999999999978,-0.07900000000000063,wd
0.36299999999999955,0.35800000000000054,0.10500000000000043,0.038999999999997925,qso
0.120000000000001,0.31099999999999994,0.04499999999999815,-0.11399999999999721,qso
0.19500000000000028,0.038000000000000256,-0.07600000000000051,0.06499999999999773,qso
0.5069999999999979,0.0400000000000027,-0.053000000000000824,-0.10000000000000142,wd
0.2789999999999999,0.14699999999999847,0.22900000000000276,0.0470000000000006,qso
-0.23999999999999844,-0.5100000000000016,-0.4349999999999987,-0.1750000000000007,wd
0.3680000000000021,-0.1910000000000025,-0.2569999999999979,0.020999999999997243,wd
1.2737079999999992,0.5239890000000003,0.2189160000000001,0.07736799999999988,star
0.4480000000000004,0.3739999999999988,0.4220000000000006,0.2710000000000008,qso
0.36699999999999733,-0.24899999999999878,-0.22100000000000009,-0.12600000000000122,wd
-0.02400000000000091,0.26599999999999824,-0.0259999999999998,-0.07599999999999696,qso
0.1880000000000024,0.12399999999999878,-0.06800000000000139,-0.03399999999999892,qso
1.4785039999999974,0.5482130000000005,0.20048900000000103,0.04340199999999861,star
0.3359999999999985,-0.0030000000000001137,-0.08899999999999864,-0.1509999999999998,wd
-0.4350000000000005,-0.4740000000000002,-0.3460000000000001,-0.33399999999999963,wd
0.44399999999999906,0.20899999999999963,-0.03999999999999915,-0.04899999999999949,wd
2.075315,0.806198000000002,0.30304399999999987,0.13451099999999983,star
1.7148439999999994,0.6187359999999984,0.23939400000000077,0.13509300000000124,star
0.10699999999999932,-0.33399999999999963,-0.277000000000001,-0.26099999999999923,wd
1.171171000000001,0.42199600000000004,0.18879799999999847,0.009102000000002164,star
0.12700000000000244,0.2309999999999981,-0.0329999999999977,-0.045000000000001705,qso
-0.04499999999999815,-0.3670000000000009,-0.2480000000000011,-0.24899999999999878,wd
0.17099999999999937,-0.2740000000000009,-0.26699999999999946,-0.04299999999999926,wd
0.29100000000000037,-0.19299999999999784,-0.17600000000000193,-0.3589999999999982,wd
0.4540000000000006,0.08399999999999963,0.027000000000001023,-0.05700000000000216,wd
0.11199999999999832,0.20899999999999963,-0.0019999999999988916,-0.06599999999999895,qso
1.3307050000000018,0.4594629999999995,0.18237200000000087,0.07124099999999878,star
0.10000000000000142,0.06899999999999906,0.25,-0.05700000000000216,qso
1.665938999999998,0.6749510000000001,0.2886319999999998,0.19160200000000138,star
0.23499999999999943,0.1670000000000016,0.14199999999999946,-0.0010000000000012221,qso
1.001812000000001,0.21323399999999992,0.07664100000000218,-0.02217300000000222,star
0.06400000000000006,0.02699999999999747,0.06099999999999994,0.11400000000000077,qso
1.254873,0.5096279999999993,0.14292000000000016,0.05574100000000115,star
1.4272080000000003,0.5877329999999983,0.271687,0.0879720000000006,star
0.13400000000000034,-0.2959999999999994,-0.27199999999999847,-0.28200000000000003,wd
0.4809999999999981,-0.06799999999999784,-0.09299999999999997,-0.17300000000000182,wd
0.06300000000000239,-0.06900000000000261,0.30799999999999983,0.004000000000001336,qso
0.9410759999999989,0.26266499999999837,0.09169200000000188,0.01749200000000073,star
0.6660000000000004,0.07000000000000028,0.0730000000000004,0.24899999999999878,qso
0.37299999999999756,0.0660000000000025,0.05799999999999983,0.17999999999999972,qso
1.493188,0.47721699999999956,0.17909099999999967,0.01848799999999784,star
2.397635000000001,1.0823840000000011,0.3221570000000007,0.3051259999999978,star
0.15700000000000003,-0.2270000000000003,0.26000000000000156,0.33999999999999986,wd
-0.5459999999999994,0.1479999999999997,-0.27800000000000225,-0.4819999999999993,wd
0.23600000000000065,0.18099999999999739,0.24600000000000222,0.055999999999997385,qso
0.45700000000000074,-0.11899999999999977,-0.06799999999999784,0.14699999999999847,wd
0.4490000000000016,-0.0030000000000001137,-0.02400000000000091,-0.0710000000000015,wd
1.4106369999999977,0.5189100000000018,0.19939600000000013,0.09627899999999912,star
0.2940000000000005,-0.28800000000000026,-0.2480000000000011,-0.3009999999999984,wd
0.018000000000000682,-0.2140000000000022,-0.13099999999999667,-0.28100000000000236,wd
1.1632370000000023,0.387713999999999,0.23895299999999864,0.028455000000001007,star
1.6552559999999978,0.6337210000000013,0.26849099999999915,0.1166640000000001,star
0.12199999999999989,0.4269999999999996,0.0799999999999983,-0.020999999999997243,qso
0.21999999999999886,0.19200000000000017,0.23799999999999955,-0.21199999999999974,qso
1.7237769999999983,0.6588400000000014,0.23317399999999822,0.1443310000000011,star
-0.1269999999999989,-0.2900000000000027,-0.3289999999999971,-0.17400000000000304,wd
0.2190000000000012,0.21699999999999875,0.3550000000000004,0.12900000000000134,qso
0.5169999999999995,0.1789999999999985,0.045000000000001705,0.01699999999999946,wd
-0.0329999999999977,0.20899999999999963,0.0030000000000001137,-0.04800000000000182,qso
1.7740480000000005,0.6637999999999984,0.2728950000000019,0.11299899999999852,star
0.26599999999999824,0.12300000000000111,0.0470000000000006,0.3039999999999985,qso
0.18900000000000006,0.34499999999999886,0.3470000000000013,0.21399999999999864,qso
0.5020000000000024,-0.11299999999999955,-0.06300000000000239,-0.40700000000000003,wd
0.5670000000000002,0.397000000000002,0.4609999999999985,0.2430000000000021,qso
1.883503000000001,0.809469,0.28159300000000087,0.156092000000001,star
0.6729999999999983,-0.14999999999999858,0.19200000000000017,0.20199999999999818,qso
0.9312269999999998,0.0791850000000025,-0.020509000000000555,-0.08055300000000187,star
1.286688999999999,0.4448839999999983,0.14673000000000158,0.05093199999999953,star
0.13799999999999812,0.1999999999999993,0.3290000000000006,0.05000000000000071,qso
0.12099999999999866,-0.30900000000000105,-0.31099999999999994,-0.22299999999999898,wd
-0.10200000000000031,-0.26200000000000045,-0.23700000000000188,-0.038999999999997925,wd
0.4269999999999996,0.16600000000000037,0.06300000000000239,0.2729999999999997,qso
0.09700000000000131,-0.21199999999999974,-0.18100000000000094,0.11499999999999844,wd
-0.07700000000000173,-0.28999999999999915,-0.23799999999999955,-0.379999999999999,wd
0.3500000000000014,0.053999999999998494,0.26200000000000045,0.010000000000001563,qso
0.03200000000000003,-0.33800000000000097,-0.2660000000000018,-0.41199999999999903,wd
0.5339999999999989,0.5970000000000013,0.11100000000000065,0.013999999999999346,qso
0.24299999999999855,-0.2699999999999996,-0.24599999999999866,-0.2510000000000012,wd
0.3940000000000019,-0.062000000000001165,-0.05000000000000071,0.18299999999999983,wd
0.5629999999999988,0.11500000000000199,0.10699999999999932,0.2010000000000005,qso
1.4240570000000012,0.5294699999999981,0.2604860000000002,0.09032299999999971,star
0.5069999999999979,0.14300000000000068,0.05799999999999983,-0.053000000000000824,wd
0.6239999999999988,0.49099999999999966,0.31299999999999883,0.11599999999999966,qso
0.2940000000000005,0.3299999999999983,-0.02699999999999747,-0.06800000000000139,qso
0.08799999999999741,0.3130000000000024,-0.17900000000000205,-0.07499999999999929,qso
0.8426130000000001,0.17071500000000128,0.1990400000000001,0.15578100000000106,star
0.05799999999999983,-0.2519999999999989,-0.13600000000000279,-0.20599999999999952,wd
2.1811799999999977,0.9057760000000012,0.27725299999999997,0.1842170000000003,star
1.1532460000000029,0.4374459999999978,0.13650100000000087,-0.01779100000000078,star
0.4549999999999983,0.11400000000000077,0.015000000000000568,0.10300000000000153,qso
1.2218149999999994,0.4880090000000017,0.2089970000000001,0.010511999999998523,star
0.11700000000000088,0.3309999999999995,-0.010000000000001563,-0.07499999999999929,qso
0.3539999999999992,-0.17600000000000193,-0.16799999999999926,-0.31400000000000006,wd
1.3528079999999996,0.525544,0.3702179999999977,-0.11197899999999805,star
0.24499999999999744,0.0710000000000015,0.07600000000000051,0.13899999999999935,qso
0.4700000000000024,-0.2930000000000028,-0.2049999999999983,-0.527000000000001,wd
0.4700000000000024,-0.036000000000001364,-0.05000000000000071,-0.14999999999999858,qso
2.469957000000001,1.016127000000001,0.3268740000000001,0.20169800000000038,star
1.515066000000001,0.5513380000000012,0.2290309999999991,0.08655100000000004,star
1.9925630000000005,0.7147829999999988,0.36586300000000094,0.15807799999999972,star
0.129999999999999,0.2950000000000017,0.02400000000000091,-0.03900000000000148,qso
1.228495999999998,0.4707530000000002,0.12347800000000042,0.0741789999999991,star
1.535114,0.5936149999999998,0.19849800000000073,0.08452600000000032,star
0.38000000000000256,-0.2699999999999996,-0.2150000000000034,-0.27199999999999847,wd
0.0070000000000014495,0.2859999999999978,0.5950000000000024,0.44200000000000017,wd
1.0715230000000027,0.4189949999999989,0.1343350000000001,0.022182000000000812,star
0.3500000000000014,-0.027999999999998693,0.695999999999998,0.7520000000000024,wd
1.0619999999999976,0.9250000000000007,0.8659999999999997,0.45800000000000196,wd
0.3329999999999984,0.13200000000000145,0.03999999999999915,-0.1410000000000018,wd
1.599617000000002,0.6265900000000002,0.24346299999999843,0.07282200000000039,star
0.6730000000000018,0.21599999999999753,0.4400000000000013,-0.06700000000000017,qso
0.23699999999999832,0.028999999999999915,0.21600000000000108,0.006999999999997897,qso
1.9863490000000006,0.8319879999999991,0.32225400000000093,0.12556999999999974,star
-0.08699999999999974,0.1509999999999998,0.4259999999999984,0.19400000000000261,qso
0.5720000000000027,0.2129999999999974,0.14700000000000202,-0.04899999999999949,wd
0.21099999999999852,0.23400000000000176,-0.013000000000001677,-0.06599999999999895,qso
0.9528770000000009,0.28923200000000193,0.08038900000000027,0.047063999999998885,star
0.24299999999999855,0.1269999999999989,0.10500000000000043,0.21000000000000085,qso
0.1509999999999998,0.19599999999999795,0.02400000000000091,-0.07700000000000173,qso
1.665690999999999,0.639485999999998,0.20439400000000063,0.12051699999999954,star
0.254999999999999,-0.09499999999999886,0.01899999999999835,0.10000000000000142,qso
0.9896659999999997,0.3701919999999994,0.15666700000000233,0.006261999999999546,star
0.2099999999999973,-0.2799999999999976,-0.37900000000000134,-0.08599999999999852,wd
2.543704999999999,1.302579999999999,0.6551280000000013,0.3370999999999995,star
2.4070909999999976,1.0969520000000017,0.3872399999999985,0.20629200000000125,star
1.0540079999999996,0.4212280000000028,0.1618239999999993,0.0966409999999982,star
1.2325419999999987,0.4586269999999999,0.1601360000000014,0.05674299999999732,star
1.310959999999998,0.4843710000000012,0.15713899999999903,0.0006079999999997199,star
-0.08099999999999952,-0.29799999999999827,-0.30200000000000315,-0.3059999999999974,wd
2.4861240000000002,1.0405289999999994,0.36459999999999937,0.22739999999999938,star
0.36999999999999744,0.26000000000000156,0.2940000000000005,0.11499999999999844,qso
0.1650000000000027,-0.31700000000000017,-0.29100000000000037,-0.19200000000000017,wd
0.18599999999999994,0.1980000000000004,0.010000000000001563,0.1769999999999996,qso
0.1460000000000008,-0.31599999999999895,-0.3030000000000008,-0.1960000000000015,wd
1.578602,0.5854910000000011,0.23949400000000054,0.15878499999999818,star
-0.18500000000000227,-0.41199999999999903,-0.3000000000000007,-0.23900000000000077,wd
0.10299999999999798,0.13100000000000023,-0.047999999999998266,0.26099999999999923,qso
0.5960000000000001,0.08400000000000318,0.4629999999999974,0.6430000000000007,wd
0.2729999999999997,0.12900000000000134,-0.013999999999999346,0.3180000000000014,qso
0.20200000000000173,0.0730000000000004,0.3009999999999984,-0.11799999999999855,qso
0.5279999999999987,0.19200000000000017,0.038000000000000256,-0.3619999999999983,wd
0.6149999999999984,0.125,0.15200000000000102,-0.08900000000000219,qso
1.583000000000002,0.6840209999999978,0.2952690000000011,0.18878199999999978,star
0.2829999999999977,0.17999999999999972,0.22900000000000276,-0.03500000000000014,qso
0.28200000000000003,0.10000000000000142,0.2630000000000017,0.3039999999999985,qso
0.5120000000000005,0.07699999999999818,0.3979999999999997,0.4460000000000015,wd
1.1853869999999986,0.4116150000000012,0.1288020000000003,0.043404999999999916,star
1.515077999999999,0.5385740000000006,0.24160399999999882,0.13152700000000195,star
0.4800000000000004,0.629999999999999,0.6170000000000009,0.3999999999999986,wd
0.10600000000000165,0.14999999999999858,0.036999999999999034,0.13500000000000156,qso
-0.3240000000000016,-0.43400000000000105,-0.3719999999999999,-0.21499999999999986,wd
0.2740000000000009,-0.26500000000000057,-0.24899999999999878,-0.3200000000000003,wd
1.2245479999999986,0.03326200000000057,-0.03615600000000185,-0.04471500000000006,star
0.07700000000000173,-0.23300000000000054,-0.31899999999999906,-0.3279999999999994,wd
0.06400000000000006,0.120000000000001,0.021999999999998465,-0.32099999999999795,qso
2.4447229999999998,1.0397079999999974,0.4437490000000004,0.24319300000000155,star
0.7460000000000022,0.5629999999999988,0.9349999999999987,0.6140000000000008,wd
1.1826439999999998,0.42439800000000005,0.11324899999999971,0.05013299999999887,star
-0.28200000000000003,-0.36599999999999966,-0.32700000000000173,-0.26899999999999835,wd
0.41999999999999815,0.10600000000000165,0.019999999999999574,-0.10200000000000031,wd
0.1880000000000024,0.24399999999999977,0.07699999999999818,-0.11899999999999977,qso
0.23799999999999955,0.4089999999999989,-0.2710000000000008,-0.19500000000000028,qso
-0.08200000000000074,0.28100000000000236,-0.0020000000000024443,-0.22799999999999798,qso
2.621786,1.4446429999999992,0.825115000000002,0.42238299999999995,star
0.23700000000000188,0.13799999999999812,0.23199999999999932,0.17300000000000182,qso
0.04100000000000037,-0.25800000000000267,-0.14999999999999858,-0.30799999999999983,wd
2.045245999999999,0.8281140000000011,0.32602499999999957,0.14532699999999998,star
0.26599999999999824,0.07900000000000063,0.20800000000000196,0.21999999999999886,qso
0.3260000000000005,0.2289999999999992,0.245000000000001,0.2729999999999997,qso
0.40600000000000236,-0.18700000000000117,0.21199999999999974,0.01600000000000179,qso
2.1872250000000015,0.8685360000000006,0.36845899999999965,0.1251440000000006,star
-0.5190000000000001,-0.5800000000000001,-0.4299999999999997,-0.36400000000000077,wd
0.6640000000000015,0.514999999999997,0.3290000000000006,0.03400000000000247,qso
0.495000000000001,0.12799999999999656,0.7070000000000007,0.7370000000000019,wd
-0.1509999999999998,-0.28699999999999903,-0.3069999999999986,-0.16900000000000048,wd
1.3258399999999995,0.420655,0.13647100000000023,0.007451999999998904,star
0.31400000000000006,0.10800000000000054,-0.036999999999999034,0.08999999999999986,qso
1.4762929999999983,0.6750260000000026,0.24556199999999961,0.10046399999999878,star
1.6460450000000009,0.5825069999999997,0.2846979999999988,0.06591200000000086,star
0.4089999999999989,0.7399999999999984,0.3880000000000017,0.3290000000000006,qso
0.24099999999999966,-0.31700000000000017,-0.2699999999999996,-0.26500000000000057,wd
0.4319999999999986,-0.23499999999999943,-0.18400000000000105,-0.19599999999999795,wd
0.30400000000000205,-0.1670000000000016,0.10000000000000142,0.0,qso
1.1416520000000006,0.39422799999999825,0.15604000000000084,0.02820600000000084,star
1.2661209999999983,0.49200200000000116,0.15406600000000026,0.07528699999999944,star
0.09799999999999898,0.1999999999999993,0.15200000000000102,0.13100000000000023,qso
1.7423249999999975,0.652706000000002,0.23361599999999783,0.12870800000000138,star
2.157867000000003,0.9095459999999989,0.36762099999999975,0.17437699999999978,star
-0.06700000000000017,-0.2259999999999991,-0.23300000000000054,-0.24200000000000088,wd
0.05600000000000094,-0.16499999999999915,-0.21000000000000085,-0.1819999999999986,wd
0.08399999999999963,0.1579999999999977,0.6350000000000016,0.5800000000000018,wd
1.5068190000000001,0.4984189999999984,0.2602249999999984,0.07176800000000227,star
1.1316950000000006,0.4822369999999978,0.21256200000000192,0.058684999999998766,star
0.35999999999999943,0.23400000000000176,0.04199999999999804,0.20200000000000173,qso
1.7947389999999999,0.6403269999999992,0.3207020000000007,0.0720559999999999,star
1.6607830000000021,0.6695059999999984,0.23806800000000194,0.10603499999999855,star
1.2465370000000018,0.4884029999999999,0.1099180000000004,0.02260300000000015,star
0.047999999999998266,0.018000000000000682,0.2759999999999998,0.11100000000000065,qso
1.1556780000000018,0.4449959999999997,0.16491100000000003,0.07789000000000001,star
0.08399999999999963,0.01899999999999835,0.08900000000000219,0.2740000000000009,qso
0.3940000000000019,-0.22100000000000009,-0.2140000000000022,-0.21499999999999986,wd
1.3025310000000019,0.5656579999999991,0.2604790000000001,0.12270499999999984,star
0.02699999999999747,0.33300000000000196,0.12199999999999989,0.047999999999998266,qso
0.3230000000000004,0.15500000000000114,0.2699999999999996,0.0010000000000012221,qso
1.1883060000000008,0.37477499999999964,0.14018700000000095,0.04794300000000007,star
0.9147549999999995,0.4118080000000006,0.14973499999999973,0.1193559999999998,star
1.4014380000000024,0.44777999999999807,0.245749,0.08368899999999968,star
0.8807949999999991,0.2463770000000025,0.14069999999999894,-0.0036009999999997433,star
0.9503820000000012,0.2889979999999994,0.12637900000000002,-0.009806000000001092,star
-0.08799999999999741,-0.3730000000000011,-0.3049999999999997,-0.25800000000000267,wd
0.46199999999999974,0.3279999999999994,0.9289999999999985,0.7570000000000014,wd
1.4034989999999983,0.5257860000000001,0.20693600000000067,0.03709100000000021,star
0.28999999999999915,-0.16600000000000037,-0.24899999999999878,0.0,wd
1.2160070000000012,0.4799439999999997,0.16722099999999784,0.03846200000000266,star
1.3588349999999991,0.5577199999999998,0.20640399999999914,0.08780100000000246,star
1.9864449999999998,0.7952750000000002,0.29606500000000047,0.1857319999999998,star
0.5359999999999978,-0.05000000000000071,-0.06899999999999906,-0.17299999999999827,wd
0.28200000000000003,0.19200000000000017,0.32099999999999795,-0.10099999999999909,qso
1.2522690000000019,0.4434669999999983,0.14920899999999904,0.055460000000000065,star
0.17400000000000304,0.10299999999999798,-0.15700000000000003,0.20599999999999952,qso
0.16000000000000014,-0.23699999999999832,-0.23199999999999932,0.04899999999999949,wd
0.46699999999999875,-0.26899999999999835,-0.2480000000000011,-0.21099999999999852,wd
-0.013999999999999346,0.022000000000002018,0.30299999999999727,0.02400000000000091,qso
0.0519999999999996,-0.34999999999999787,-0.2970000000000006,-0.28000000000000114,wd
0.21799999999999997,0.0710000000000015,0.18799999999999883,-0.015999999999998238,qso
0.3990000000000009,0.018000000000000682,0.2519999999999989,0.16799999999999926,qso
0.49900000000000233,-0.22100000000000009,-0.22000000000000242,-0.0589999999999975,wd
1.8910060000000009,0.7483529999999998,0.288905999999999,0.13434900000000027,star
0.259999999999998,0.09799999999999898,0.05900000000000105,-0.0019999999999988916,qso
0.25,0.2129999999999974,-0.1739999999999995,0.0010000000000012221,qso
1.5598770000000002,0.558292999999999,0.20269700000000057,0.0741429999999994,star
0.38599999999999923,-0.16300000000000026,-0.13100000000000023,-0.18900000000000006,wd
0.07399999999999807,0.3160000000000025,-0.005000000000002558,0.272000000000002,qso
1.9887319999999988,0.6947930000000007,0.25169700000000006,0.11399300000000068,star
0.120000000000001,0.3689999999999998,0.18099999999999739,0.01600000000000179,qso
0.5410000000000004,-0.1910000000000025,-0.16699999999999804,-0.04200000000000159,wd
2.469562,1.3439450000000015,0.586746999999999,0.2987639999999985,star
0.4259999999999984,0.41300000000000026,0.16799999999999926,0.062000000000001165,qso
0.9461919999999999,0.2699979999999975,0.11332200000000014,0.040613000000000454,star
0.9997119999999988,0.2906990000000018,0.08998199999999912,0.00741999999999976,star
0.08399999999999963,0.3559999999999981,0.08699999999999974,0.1620000000000026,qso
0.3719999999999999,0.13500000000000156,-0.019999999999999574,0.245000000000001,qso
0.1910000000000025,0.17800000000000082,0.3559999999999981,0.23100000000000165,qso
1.6754350000000002,0.792349999999999,0.2984669999999987,0.219024000000001,star
2.1488629999999986,0.7882410000000029,0.26373399999999947,0.1778279999999981,star
1.4370970000000014,0.5548800000000007,0.22750699999999924,0.11329299999999876,star
0.1670000000000016,0.3829999999999991,-0.006000000000000227,-0.05999999999999872,qso
1.4072440000000022,0.593709999999998,0.22314400000000134,0.10150900000000007,star
0.3030000000000008,0.6359999999999992,0.5480000000000018,0.2680000000000007,qso
0.3769999999999989,-0.09999999999999787,0.27099999999999724,0.5700000000000003,wd
0.36400000000000077,-0.0730000000000004,0.25,-0.06099999999999994,qso
-0.08100000000000307,0.2530000000000001,-0.11599999999999966,0.060000000000002274,qso
0.389999999999997,0.10100000000000264,-0.05600000000000094,-0.010000000000001563,wd
0.34699999999999775,-0.13099999999999667,-0.16600000000000037,-0.21799999999999997,wd
0.45700000000000074,0.1960000000000015,0.006999999999997897,-0.01699999999999946,wd
0.2289999999999992,0.30799999999999983,0.06700000000000017,-0.20700000000000074,qso
-0.31599999999999895,-0.21300000000000097,0.36599999999999966,0.3049999999999997,wd
0.31299999999999883,-0.347999999999999,-0.26699999999999946,-0.013999999999999346,wd
1.0664440000000006,0.39958000000000027,0.10685799999999901,0.05395000000000039,star
0.14199999999999946,0.3039999999999985,-0.045999999999999375,-0.07900000000000063,qso
0.4140000000000015,-0.0030000000000001137,-0.18299999999999983,0.04100000000000037,wd
1.6981720000000031,0.5740470000000002,0.23627899999999968,0.08645599999999831,star
1.1093210000000013,0.39866500000000116,0.1657769999999985,-0.010826000000001557,star
2.1124449999999975,0.8849320000000027,0.32552699999999746,0.16065800000000152,star
0.24299999999999855,0.1739999999999995,0.04100000000000037,0.15899999999999892,qso
0.33300000000000196,0.07899999999999707,-0.020999999999997243,-0.120000000000001,wd
0.09100000000000108,-0.18799999999999883,-0.2220000000000013,-0.26399999999999935,wd
-0.06299999999999883,0.2010000000000005,0.0,0.0730000000000004,qso
0.1980000000000004,0.19899999999999807,0.1440000000000019,0.2049999999999983,qso
0.10000000000000142,0.08599999999999852,0.06300000000000239,0.10699999999999932,qso
0.5480000000000018,0.245000000000001,0.25900000000000034,-0.06300000000000239,qso
0.19099999999999895,0.036000000000001364,0.16799999999999926,0.013999999999999346,qso
1.32423,0.50882,0.19384599999999708,0.0732210000000002,star
0.41000000000000014,0.08500000000000085,0.0019999999999988916,0.41600000000000037,qso
2.059028999999999,0.7916579999999982,0.24585400000000135,0.15324599999999933,star
1.028925000000001,0.425179,0.18430100000000138,0.06348399999999899,star
0.05999999999999872,0.3490000000000002,0.013999999999999346,-0.07699999999999818,qso
0.1410000000000018,-0.054999999999999716,-0.16400000000000148,-0.21699999999999875,wd
1.4146060000000027,0.5269179999999984,0.1723309999999998,0.088004999999999,star
2.311720000000001,0.948052999999998,0.3510819999999999,0.13065300000000057,star
0.3290000000000006,0.07499999999999929,-0.0019999999999988916,-0.15600000000000236,wd
1.6138039999999982,0.645188000000001,0.25467699999999915,0.08397700000000086,star
1.5191979999999994,0.5940490000000018,0.22371399999999753,0.0985150000000008,star
0.14399999999999835,0.09199999999999875,0.12600000000000122,0.013000000000001677,qso
0.3949999999999996,0.23900000000000077,0.16400000000000148,0.3039999999999985,qso
0.30799999999999983,0.39399999999999835,0.21499999999999986,0.3210000000000015,qso
0.42299999999999827,-0.12099999999999866,-0.19200000000000017,-0.09700000000000131,wd
0.2079999999999984,0.053999999999998494,0.23600000000000065,0.022999999999999687,qso
1.169592999999999,0.4552080000000025,0.20809599999999762,0.0831540000000004,star
1.3353540000000024,0.46317499999999967,0.29908,0.012147999999999826,star
0.6149999999999984,0.2170000000000023,0.06799999999999784,0.11000000000000298,wd
0.4059999999999988,0.010000000000001563,-0.04899999999999949,-0.10000000000000142,wd
1.340683000000002,0.4698329999999977,0.17199400000000153,0.03261199999999853,star
-0.21999999999999886,0.46799999999999997,0.029999999999997584,0.08399999999999963,qso
-0.1720000000000006,-0.2749999999999986,-0.27300000000000324,-0.16699999999999804,wd
1.1819610000000011,0.5512370000000004,0.2442879999999974,0.018177000000001442,star
1.3577019999999997,0.45953400000000144,0.1574629999999999,0.056006,star
0.21499999999999986,0.4839999999999982,0.20500000000000185,0.4629999999999974,qso
0.07099999999999795,0.08200000000000074,-0.030999999999998806,0.04899999999999949,wd
0.0710000000000015,0.04100000000000037,0.34999999999999787,-0.21599999999999753,qso
0.6129999999999995,0.1750000000000007,0.0799999999999983,0.20300000000000296,qso
0.935448000000001,0.125629,0.08122900000000044,-0.012835000000002594,star
2.187113,0.9765369999999969,0.31668300000000116,0.19436999999999927,star
0.26000000000000156,0.04299999999999926,-0.07699999999999818,-0.07700000000000173,wd
1.2019999999999982,0.245000000000001,0.15800000000000125,-0.04899999999999949,qso
1.1833500000000008,0.4769590000000008,0.23445900000000108,0.09662599999999699,star
0.3069999999999986,-0.08399999999999963,-0.2029999999999994,-0.09299999999999997,wd
0.3299999999999983,-0.06599999999999895,-0.12400000000000233,0.14000000000000057,qso
2.174913,0.9199760000000019,0.33984799999999815,0.22617499999999957,star
2.5114379999999983,1.0923809999999996,0.3415920000000021,0.17364299999999844,star
2.322809999999997,1.0382290000000012,0.3391510000000011,0.24668099999999882,star
0.05000000000000071,0.010999999999999233,0.23199999999999932,0.012000000000000455,qso
-0.06799999999999784,-0.06500000000000128,0.33200000000000074,0.2569999999999979,qso
0.8968480000000021,0.22035299999999935,0.0639259999999986,0.03367599999999982,star
0.4269999999999996,-0.0329999999999977,-0.07500000000000284,-0.1999999999999993,wd
0.3390000000000022,-0.24600000000000222,-0.36499999999999844,0.23999999999999844,wd
0.4369999999999976,-0.20199999999999818,-0.15500000000000114,-0.31599999999999895,wd
0.2690000000000019,0.3760000000000012,0.06599999999999895,0.08999999999999986,qso
0.35900000000000176,-0.06300000000000239,-0.09499999999999886,-0.11200000000000188,wd
0.5060000000000002,0.3490000000000002,0.19699999999999918,0.26099999999999923,qso
0.08399999999999963,0.30799999999999983,0.23799999999999955,0.3230000000000004,qso
0.4789999999999992,0.003999999999997783,-0.04499999999999815,0.14000000000000057,qso
1.0637510000000017,0.35379999999999967,0.13935900000000068,0.10784299999999902,star
0.34699999999999775,-0.07599999999999696,-0.23900000000000077,-0.24399999999999977,wd
0.9925099999999993,0.3398470000000007,0.09697599999999973,0.04931700000000028,star
1.075526,0.40659300000000087,0.130548000000001,0.04646899999999832,star
0.4690000000000012,0.045999999999999375,0.04400000000000048,-0.11500000000000199,wd
-0.006000000000000227,-0.03300000000000125,0.31400000000000006,0.054999999999999716,qso
0.09100000000000108,0.036999999999999034,0.1960000000000015,0.16199999999999903,qso
0.08899999999999864,0.07400000000000162,0.1839999999999975,0.027000000000001023,qso
1.3070560000000029,0.4988250000000001,0.21287599999999784,0.06530500000000217,star
0.7977029999999985,0.253267000000001,0.08773199999999903,0.016601999999998895,star
1.3256319999999988,0.43704300000000096,0.16086699999999965,0.059506000000000725,star
0.35600000000000165,-0.005000000000002558,-0.09199999999999875,-0.11499999999999844,wd
2.1476900000000008,0.9030039999999993,0.35771700000000095,0.18521300000000096,star
0.5259999999999998,0.09100000000000108,0.0070000000000014495,-0.10600000000000165,wd
0.2729999999999997,0.24499999999999744,0.0020000000000024443,0.21699999999999875,qso
0.12099999999999866,-0.3299999999999983,-0.2970000000000006,-0.32399999999999807,wd
2.1742209999999993,0.8841319999999993,0.34002599999999994,0.13780099999999962,star
0.3290000000000006,0.08800000000000097,-0.13200000000000145,0.1130000000000031,qso
0.10900000000000176,-0.23000000000000043,-0.2840000000000025,-0.1980000000000004,wd
0.8834079999999993,0.23374100000000197,0.11293099999999967,-0.0018980000000006214,star
1.3187500000000014,0.5620589999999996,0.14676299999999998,0.08286900000000053,star
0.583000000000002,0.08399999999999963,0.038000000000000256,0.13599999999999923,qso
1.1341060000000027,-0.0199990000000021,-0.0274959999999993,-0.05218500000000148,star
0.42299999999999827,0.11299999999999955,0.028000000000002245,-0.06800000000000139,wd
0.3730000000000011,0.19599999999999795,0.3620000000000019,0.11699999999999733,qso
1.723275000000001,0.6304620000000014,0.20054799999999773,0.11262200000000178,star
2.0888199999999983,0.7478060000000006,0.2429079999999999,0.06804900000000025,star
0.46300000000000097,0.14499999999999957,0.062000000000001165,-0.16100000000000136,wd
0.18100000000000094,-0.005000000000002558,0.1880000000000024,0.10299999999999798,qso
1.4205429999999986,0.4570330000000027,0.16607099999999875,0.0771329999999999,star
0.2779999999999987,0.08400000000000318,-0.10700000000000287,0.13400000000000034,qso
-0.08000000000000185,0.17900000000000205,0.2789999999999999,0.254999999999999,qso
1.3432959999999987,0.4742500000000014,0.14873899999999907,0.09071800000000252,star
2.0910130000000002,0.9876289999999983,0.3263280000000002,0.1988260000000004,star
0.4499999999999993,0.18700000000000117,0.038999999999997925,-0.08999999999999986,wd
0.3410000000000011,0.0070000000000014495,0.6149999999999984,0.620000000000001,wd
1.9214899999999986,0.8121739999999988,0.31055100000000024,0.17290799999999962,star
1.8738790000000023,0.7431619999999981,0.2831550000000007,0.13327199999999984,star
0.19399999999999906,-0.0019999999999988916,0.125,-0.006000000000000227,qso
0.14999999999999858,0.31599999999999895,0.07900000000000063,0.14199999999999946,qso
1.9251709999999989,0.7813060000000007,0.3166189999999993,0.16451800000000105,star
0.5060000000000002,-0.04800000000000182,0.12199999999999989,0.04200000000000159,qso
2.0257970000000007,0.8157630000000005,0.3132899999999985,0.1590270000000018,star
0.3420000000000023,0.08999999999999986,0.22499999999999787,0.0030000000000001137,qso
1.4616010000000017,0.6592179999999992,0.23738099999999918,0.16291599999999917,star
0.48999999999999844,0.1509999999999998,0.06400000000000006,-0.08899999999999864,wd
0.04299999999999926,-0.34399999999999764,-0.35400000000000276,-0.038999999999997925,wd
0.3490000000000002,-0.21199999999999974,-0.19500000000000028,-0.3379999999999974,wd
0.8117269999999976,0.2713990000000024,0.07625999999999777,0.004159000000001356,star
0.4770000000000003,0.1490000000000009,-0.010000000000001563,-0.036999999999999034,wd
1.2294350000000023,0.46865999999999985,0.17263399999999862,0.09028999999999954,star
2.4935609999999997,1.4406029999999994,0.7855380000000007,0.40393100000000004,star
0.24600000000000222,0.31700000000000017,0.12299999999999756,0.13899999999999935,qso
0.28500000000000014,0.030999999999998806,-0.04899999999999949,0.134999999999998,qso
0.22100000000000009,-0.3269999999999982,-0.254999999999999,-0.33100000000000307,wd
-0.245000000000001,-0.4549999999999983,-0.33999999999999986,-0.3569999999999993,wd
1.0266149999999996,0.415576999999999,0.16375900000000243,-0.035232000000000596,star
0.11100000000000065,-0.3099999999999987,-0.30600000000000094,-0.2740000000000009,wd
0.33200000000000074,-0.20000000000000284,-0.18499999999999872,-0.1789999999999985,wd
1.4124649999999974,0.564071000000002,0.20505199999999846,0.10484500000000097,star
-0.007999999999999119,0.31200000000000117,0.012999999999998124,-0.20599999999999952,qso
0.14599999999999724,-0.17799999999999727,0.06899999999999906,-0.0710000000000015,qso
0.3219999999999992,0.17599999999999838,0.28600000000000136,0.37599999999999767,qso
0.09600000000000009,0.134999999999998,0.16000000000000014,0.060000000000002274,qso
1.4833619999999996,0.6002310000000008,0.2592719999999993,0.047291000000001304,star
0.15500000000000114,-0.3420000000000023,-0.29999999999999716,-0.30700000000000216,wd
0.26200000000000045,-0.030999999999998806,-0.15900000000000247,-0.2049999999999983,wd
0.0779999999999994,0.15899999999999892,0.03100000000000236,0.036999999999999034,qso
1.187184000000002,0.39743499999999976,0.11050799999999938,-0.003949000000000424,star
0.24499999999999744,0.04899999999999949,0.20700000000000074,0.053000000000000824,qso
0.21799999999999997,0.21199999999999974,-0.07900000000000063,-0.030999999999998806,qso
0.972249999999999,0.37915200000000127,0.12601499999999888,0.045509000000002686,star
0.3789999999999978,0.0990000000000002,0.10000000000000142,0.19200000000000017,qso
1.215479000000002,0.46643200000000107,0.1886499999999991,0.04006400000000099,star
0.03100000000000236,0.15200000000000102,-0.04400000000000048,-0.021000000000000796,qso
0.4299999999999997,-0.06500000000000128,-0.12399999999999878,-0.1440000000000019,wd
0.3200000000000003,-0.17600000000000193,-0.23699999999999832,-0.14399999999999835,wd
0.5249999999999986,0.13500000000000156,0.054999999999999716,-0.0730000000000004,wd
0.03400000000000247,-0.2510000000000012,-0.25400000000000134,-0.2539999999999978,wd
0.3829999999999991,-0.1720000000000006,-0.2579999999999991,-0.3000000000000007,wd
1.1151110000000024,0.4175319999999978,0.15910699999999878,0.0712740000000025,star
2.164722000000001,0.8713669999999993,0.32889499999999927,0.1726309999999991,star
1.191911000000001,0.37679899999999833,0.18406900000000093,0.04590299999999914,star
0.856545999999998,0.2864670000000018,0.06672299999999964,0.07818699999999978,star
1.0346870000000017,0.39400300000000144,0.09796899999999908,0.08632799999999818,star
0.482999999999997,0.08500000000000085,0.0470000000000006,-0.05999999999999872,wd
0.32500000000000284,-0.10400000000000276,-0.21399999999999864,-0.33500000000000085,wd
-0.5090000000000003,-0.4710000000000001,-0.35300000000000153,-0.3049999999999997,wd
0.15700000000000003,0.2289999999999992,0.13899999999999935,0.3829999999999991,qso
0.9639999999999986,0.7119999999999997,0.3100000000000023,0.4759999999999991,qso
0.44599999999999795,0.1440000000000019,0.021999999999998465,-0.07099999999999795,wd
0.11299999999999955,0.29100000000000037,0.06400000000000006,0.5160000000000018,qso
0.48499999999999943,-0.1819999999999986,0.10200000000000031,-0.18599999999999994,wd
1.230862000000002,0.5058969999999974,0.21418200000000098,0.1027780000000007,star
0.45700000000000074,0.1490000000000009,0.20700000000000074,0.1739999999999995,qso
-0.3550000000000004,-0.43299999999999983,-0.40300000000000225,-0.3619999999999983,wd
1.188096999999999,0.4255929999999992,0.15404600000000102,0.07997299999999896,star
0.27300000000000324,-0.2960000000000029,-0.19599999999999795,-0.23400000000000176,wd
2.5631850000000007,1.462254999999999,0.8036440000000002,0.3969649999999998,star
0.23300000000000054,0.10999999999999943,0.013999999999999346,-0.053999999999998494,qso
1.080019,0.3905370000000019,0.13098099999999846,0.07526199999999861,star
0.3409999999999975,0.0990000000000002,-0.06599999999999895,0.17099999999999937,qso
0.10600000000000165,-0.272000000000002,-0.22100000000000009,-0.26699999999999946,wd
0.9751030000000007,0.3684699999999985,0.1552579999999999,0.07212399999999874,star
2.203899,0.8006649999999986,0.30792200000000136,0.15210899999999938,star
1.149236000000002,0.504624999999999,0.15151499999999984,0.06350699999999954,star
0.3309999999999995,-0.045999999999999375,0.021000000000000796,-0.4220000000000006,wd
1.119565999999999,0.3667259999999999,0.16488499999999995,0.012003999999999238,star
1.2929609999999983,0.5135460000000016,0.15748800000000074,0.055667999999997164,star
0.5329999999999977,-0.006000000000000227,0.25,0.03500000000000014,qso
1.1060300000000005,0.4263710000000014,0.16411100000000012,0.027289999999998926,star
1.2078419999999976,0.44563100000000055,0.18119899999999944,0.06035500000000127,star
0.17600000000000193,-0.33300000000000196,-0.23999999999999844,-0.5229999999999997,wd
1.1069050000000011,0.4897910000000003,0.05615099999999984,0.06294299999999886,star
0.39099999999999824,0.7480000000000011,0.05999999999999872,-0.021000000000000796,qso
-0.2469999999999999,-0.4460000000000015,-0.41300000000000026,-0.18900000000000006,wd
2.553196,1.3161629999999995,0.6020039999999991,0.31665200000000127,star
1.2728169999999999,0.3953310000000023,0.14818199999999848,0.06638799999999989,star
1.302213,0.46222099999999955,0.1088129999999996,0.07308599999999998,star
1.7886109999999995,0.6907059999999987,0.240317000000001,0.15621300000000105,star
1.5531209999999973,0.6036440000000027,0.203244999999999,0.11710899999999924,star
0.4960000000000022,-0.2010000000000005,-0.22000000000000242,-0.17099999999999937,wd
0.3930000000000007,0.006999999999997897,-0.11799999999999855,-0.16600000000000037,wd
1.4931449999999984,0.6130390000000023,0.19737199999999966,0.08384500000000017,star
0.28600000000000136,-0.142000000000003,0.16400000000000148,0.027999999999998693,qso
0.4280000000000008,-0.13899999999999935,0.18900000000000006,0.4519999999999982,wd
1.3353300000000008,0.42491899999999916,0.15945900000000002,0.06113100000000138,star
1.0076800000000006,0.4448439999999998,0.17699599999999904,0.08683200000000113,star
0.9160809999999984,0.24314599999999942,0.07284399999999991,-0.04990399999999795,star
1.0111849999999976,0.35780300000000054,0.1153870000000019,0.02258499999999941,star
1.0826759999999993,0.5084230000000005,0.2050990000000006,0.07966000000000051,star
0.08900000000000219,-0.25400000000000134,-0.21699999999999875,-0.36400000000000077,wd
0.1509999999999998,0.22800000000000153,-0.2480000000000011,0.1269999999999989,qso
0.30100000000000193,0.22499999999999787,0.35100000000000264,0.14899999999999736,qso
1.0973070000000007,0.45248399999999833,0.19083000000000183,0.11146600000000007,star
1.3248409999999993,0.5180969999999991,0.15602499999999964,0.07205800000000018,star
0.43100000000000094,-0.10500000000000043,-0.054999999999999716,-0.08800000000000097,wd
0.16199999999999903,-0.23900000000000077,-0.1769999999999996,-0.3309999999999995,wd
0.49900000000000233,-0.28500000000000014,-0.21100000000000207,-0.15399999999999991,wd
0.19200000000000017,-0.3279999999999994,-0.2560000000000002,-0.402000000000001,wd
0.3940000000000019,-0.240000000000002,-0.2270000000000003,-0.2270000000000003,wd
0.9240440000000003,0.31920899999999897,0.12522200000000083,-0.009351999999999805,star
0.3160000000000025,0.3269999999999982,0.21000000000000085,0.09499999999999886,qso
1.4909490000000005,0.5605659999999979,0.20861400000000252,0.09739499999999879,star
1.3471829999999976,0.4307370000000006,0.14619599999999977,0.09779600000000066,star
0.5090000000000003,-0.01799999999999713,-0.07900000000000063,0.21099999999999852,qso
0.08699999999999974,-0.0070000000000014495,0.10500000000000043,0.19000000000000128,qso
2.592141999999999,1.2065090000000005,0.470993,0.27776599999999974,star
0.1509999999999998,-0.06899999999999906,-0.16100000000000136,-0.2519999999999989,wd
0.3490000000000002,0.09700000000000131,0.3290000000000006,-0.028999999999999915,qso
-0.2240000000000002,-0.29299999999999926,-0.31200000000000117,-0.17099999999999937,wd
0.36799999999999855,-0.16199999999999903,-0.19399999999999906,-0.06299999999999883,wd
0.36599999999999966,0.1460000000000008,0.08699999999999974,0.23100000000000165,qso
1.8852290000000025,0.7569329999999983,0.2554639999999999,0.10447000000000095,star
0.04200000000000159,-0.41499999999999915,-0.24099999999999966,-0.28500000000000014,wd
-0.4819999999999993,-0.4209999999999994,-0.3230000000000004,-0.09700000000000131,wd
0.8028320000000022,0.3416569999999979,0.06109100000000112,0.0467259999999996,star
2.1141749999999995,0.8173719999999989,0.28554499999999905,0.1929949999999998,star
0.18100000000000094,0.28200000000000003,-0.010000000000001563,-0.08099999999999952,qso
0.245000000000001,0.07499999999999929,0.22800000000000153,-0.09700000000000131,qso
-0.06400000000000006,-0.43400000000000105,0.005000000000002558,0.12199999999999989,wd
-0.04499999999999815,-0.3309999999999995,-0.3930000000000007,-0.22299999999999898,wd
1.5313930000000013,0.7354400000000005,0.28078799999999937,0.19358699999999907,star
1.3353059999999992,0.5154710000000016,0.1498500000000007,0.1224659999999993,star
0.4349999999999987,-0.24299999999999855,-0.21100000000000207,-0.18900000000000006,wd
2.269833000000002,1.0022359999999981,0.3452169999999999,0.20486000000000004,star
0.9833809999999978,0.23590300000000042,0.10116000000000014,0.013189000000000561,star
-0.43900000000000006,-0.44399999999999906,-0.1479999999999997,0.023999999999997357,wd
0.48100000000000165,-0.05799999999999983,-0.07600000000000051,-0.2759999999999998,wd
0.8340030000000027,0.22403899999999766,0.06261100000000042,-0.004270999999999248,star
1.2590980000000016,0.34806000000000026,0.17981599999999887,0.08344599999999858,star
1.0216389999999969,0.30263300000000015,0.1049640000000025,0.0683499999999988,star
1.4295310000000008,0.4933859999999992,0.15190699999999957,0.05570400000000042,star
0.31700000000000017,-0.3030000000000008,-0.21199999999999974,-0.34199999999999875,wd
1.0799489999999992,0.42281499999999994,0.11685100000000226,0.052304999999998714,star
0.007999999999999119,0.19900000000000162,0.010999999999999233,-0.028000000000002245,qso
0.09099999999999753,-0.03200000000000003,0.29299999999999926,-0.04299999999999926,qso
0.0379999999999967,-0.1559999999999988,0.35600000000000165,0.07600000000000051,qso
0.4349999999999987,0.08600000000000207,0.3039999999999985,0.045999999999999375,qso
0.2220000000000013,0.08199999999999719,0.03100000000000236,0.07099999999999795,qso
0.8010000000000019,0.41499999999999915,1.0719999999999992,0.754999999999999,wd
-0.01899999999999835,-0.4289999999999985,-0.2740000000000009,-0.26500000000000057,wd
-0.05999999999999872,0.3009999999999984,0.1739999999999995,0.5110000000000028,qso
1.156803,0.347529999999999,0.1710320000000003,0.013743000000001615,star
0.3949999999999996,-0.120000000000001,-0.12099999999999866,-0.19099999999999895,wd
0.43100000000000094,-0.254999999999999,-0.1980000000000004,-0.13600000000000279,wd
0.4450000000000003,-0.07600000000000051,-0.17099999999999937,-0.1280000000000001,wd
2.3491680000000024,1.0626169999999995,0.4123139999999985,0.23712599999999995,star
0.3460000000000001,-0.006000000000000227,0.536999999999999,0.46999999999999886,wd
-0.008000000000002672,-0.20400000000000063,-0.2339999999999982,-0.14999999999999858,wd
0.360000000000003,-0.020000000000003126,0.14700000000000202,0.2569999999999979,qso
0.0019999999999988916,-0.2859999999999978,-0.1980000000000004,-0.2220000000000013,wd
0.4009999999999998,-0.17600000000000193,-0.21099999999999852,-0.30700000000000216,wd
1.397871000000002,0.4823689999999985,0.1768850000000004,0.08046000000000042,star
-0.10500000000000043,-0.22500000000000142,-0.2740000000000009,-0.33399999999999963,wd
1.182575,0.4902490000000004,0.18184999999999896,0.05294199999999982,star
0.4460000000000015,-0.10900000000000176,-0.10800000000000054,-0.15899999999999892,wd
1.473668,0.6143610000000006,0.24554400000000065,0.10905699999999996,star
1.1633929999999992,0.4056280000000019,0.28469100000000047,0.02122400000000013,star
0.28699999999999903,0.00999999999999801,0.08200000000000074,0.09799999999999898,qso
0.5009999999999977,0.24600000000000222,0.09399999999999764,0.2170000000000023,qso
0.038000000000000256,-0.40199999999999747,-0.2640000000000029,-0.2029999999999994,wd
0.4720000000000013,-0.2270000000000003,-0.21100000000000207,-0.2359999999999971,wd
2.5429180000000002,1.232173999999997,0.4907570000000021,0.2992599999999985,star
1.7456049999999976,0.6447540000000007,0.20890700000000173,0.09756499999999946,star
0.16600000000000037,0.15600000000000236,0.10699999999999932,0.23199999999999932,qso
0.1039999999999992,0.2710000000000008,0.3760000000000012,0.14399999999999835,qso
0.04299999999999926,0.4430000000000014,0.38200000000000145,0.11399999999999721,qso
0.41799999999999926,0.036999999999999034,0.0730000000000004,0.14499999999999957,wd
0.38400000000000034,0.21699999999999875,0.18500000000000227,0.07699999999999818,qso
0.06099999999999994,0.021999999999998465,-0.21199999999999974,0.0990000000000002,qso
2.0678780000000003,0.8850879999999997,0.32626800000000244,0.15743999999999758,star
0.33999999999999986,0.010999999999999233,-0.010000000000001563,0.3100000000000023,qso
2.6417849999999987,1.3136580000000002,0.5357280000000006,0.25796499999999867,star
0.28699999999999903,0.010999999999999233,-0.14199999999999946,-0.09399999999999764,wd
1.888898000000001,0.6815960000000008,0.3038299999999996,0.13787299999999902,star
0.17300000000000182,-0.28000000000000114,-0.2629999999999981,-0.30799999999999983,wd
1.1684210000000022,0.39071699999999865,0.1511659999999999,0.09410000000000096,star
0.11299999999999955,0.012000000000000455,0.21999999999999886,0.1280000000000001,qso
0.49099999999999966,0.22100000000000009,0.036000000000001364,-0.02500000000000213,wd
1.0385029999999986,0.15800300000000078,0.05679100000000048,-0.049777000000000626,star
2.3616910000000004,1.131339999999998,0.37407500000000127,0.22539899999999946,star
2.3442919999999994,1.0043830000000007,0.37292099999999806,0.2934410000000014,star
2.3104549999999975,0.8899890000000017,0.2685980000000008,0.19169099999999872,star
1.2080389999999994,0.4135460000000002,0.1665119999999991,0.015527000000000513,star
0.48799999999999955,0.08900000000000219,0.05000000000000071,-0.08699999999999974,wd
1.2222630000000017,0.03427099999999683,-0.050149999999998585,-0.07330999999999932,star
-0.3769999999999989,-0.47800000000000153,-0.3569999999999993,-0.5609999999999999,wd
1.2681690000000003,0.45702,0.12867200000000167,0.03125100000000103,star
0.14800000000000324,0.11399999999999721,0.054999999999999716,0.2560000000000002,qso
1.2956789999999998,0.47560100000000105,0.1460019999999993,0.07112499999999855,star
0.5399999999999991,-0.16999999999999815,-0.12099999999999866,-0.21000000000000085,wd
0.30600000000000094,0.05799999999999983,-0.10800000000000054,0.19700000000000273,qso
0.1559999999999988,0.23100000000000165,-0.1410000000000018,-0.06799999999999784,qso
0.277000000000001,0.04299999999999926,0.3190000000000026,0.3789999999999978,qso
0.482999999999997,-0.11299999999999955,-0.03999999999999915,-0.15700000000000003,wd
-0.28200000000000003,-0.4720000000000013,-0.4269999999999996,-0.15399999999999991,wd
0.9842090000000017,0.28815600000000074,0.16407599999999967,0.0681440000000002,star
0.3240000000000016,0.003999999999997783,0.04299999999999926,-0.045999999999999375,qso
0.5279999999999987,0.021000000000000796,0.4170000000000016,0.259999999999998,qso
0.3130000000000024,-0.1750000000000007,-0.25700000000000145,-0.09600000000000009,wd
0.29299999999999926,-0.25099999999999767,-0.3420000000000023,-0.006999999999997897,wd
0.07099999999999795,0.17900000000000205,-0.07800000000000296,0.043000000000002814,qso
1.3198019999999993,0.5483200000000004,0.23135600000000167,0.09211699999999823,star
1.7981910000000028,0.5999439999999989,0.2804959999999994,0.07380100000000134,star
0.2840000000000025,-0.2530000000000001,-0.24200000000000088,0.038000000000000256,wd
0.44200000000000017,-0.1460000000000008,-0.2049999999999983,-0.40700000000000003,wd
0.3319999999999972,-0.26799999999999713,-0.21100000000000207,-0.18499999999999872,wd
0.9963420000000021,0.33717299999999994,0.0724129999999974,0.04563900000000132,star
2.403889000000003,0.9913609999999977,0.3583420000000004,0.2159310000000012,star
-0.22000000000000242,-0.01699999999999946,0.4750000000000014,0.3410000000000011,wd
0.4599999999999973,-0.09600000000000009,-0.2270000000000003,-0.05799999999999983,wd
0.35999999999999943,0.1789999999999985,0.24600000000000222,0.11799999999999855,qso
1.1090009999999992,0.38002600000000086,0.11658599999999808,0.03596200000000138,star
0.054000000000002046,0.10799999999999699,-0.011999999999996902,0.12399999999999878,qso
0.13100000000000023,0.06199999999999761,0.2940000000000005,-0.05999999999999872,qso
2.370834000000002,1.0690329999999992,0.3882189999999994,0.21614100000000036,star
0.31400000000000006,0.06599999999999895,0.028000000000002245,0.18299999999999983,qso
1.409680999999999,0.487054999999998,0.18526900000000168,0.06618800000000036,star
-0.04199999999999804,0.18499999999999872,0.41999999999999815,0.20400000000000063,qso
1.1826310000000007,0.4312020000000025,0.159716999999997,0.05848500000000101,star
0.21099999999999852,0.3420000000000023,0.006000000000000227,-0.010000000000001563,qso
1.1692549999999997,0.4247809999999994,0.1791349999999987,0.028494000000002018,star
0.652000000000001,0.05799999999999983,0.030999999999998806,0.3039999999999985,qso
0.34899999999999665,0.245000000000001,0.15800000000000125,0.3030000000000008,qso
1.1965980000000016,0.4613669999999992,0.18362199999999973,0.07400500000000143,star
0.3009999999999984,-0.09799999999999898,0.047999999999998266,0.1490000000000009,qso
0.08899999999999864,-0.010999999999999233,-0.19699999999999918,0.10999999999999943,qso
0.5,0.09299999999999997,0.34999999999999787,0.21300000000000097,qso
0.2049999999999983,0.09799999999999898,0.21000000000000085,-0.08399999999999963,qso
0.3789999999999978,-0.19099999999999895,-0.05099999999999838,0.08299999999999841,wd
0.3099999999999987,-0.13899999999999935,-0.14999999999999858,-0.1930000000000014,wd
0.19500000000000028,0.36100000000000065,0.347999999999999,0.045000000000001705,wd
1.2288710000000016,0.46404599999999974,0.14180400000000049,0.12098499999999746,star
-0.030999999999998806,-0.33699999999999974,-0.23499999999999943,-0.09199999999999875,wd
0.1609999999999978,-0.23999999999999844,0.021000000000000796,0.12899999999999778,wd
0.2079999999999984,-0.347999999999999,-0.2010000000000005,-0.20700000000000074,wd
0.019000000000001904,0.13799999999999812,0.06099999999999994,-0.023999999999997357,qso
0.27699999999999747,-0.054999999999999716,-0.11699999999999733,0.055999999999997385,wd
0.2809999999999988,0.13300000000000267,0.15899999999999892,0.11700000000000088,qso
0.08099999999999952,0.02400000000000091,-0.04800000000000182,0.12400000000000233,qso
0.928452,0.20911199999999752,0.06114900000000034,0.005000000000002558,star
1.4310189999999992,0.5139819999999986,0.17504200000000125,0.052552000000000376,star
0.17099999999999937,0.46899999999999764,-0.03599999999999781,-0.15300000000000225,qso
-0.07400000000000162,-0.34999999999999787,-0.3550000000000004,-0.375,wd
2.146044,0.8827460000000009,0.13544100000000014,0.48986200000000046,star
0.2960000000000029,0.009000000000000341,-0.010000000000001563,0.25400000000000134,qso
0.2359999999999971,0.005000000000002558,-0.019000000000001904,0.1960000000000015,qso
1.3085139999999988,0.45805500000000166,0.16976499999999994,0.05831300000000006,star
0.05099999999999838,-0.2579999999999991,-0.18799999999999883,-0.15000000000000213,wd
0.0070000000000014495,0.0519999999999996,-0.0020000000000024443,-0.13899999999999935,qso
-0.10200000000000031,-0.03500000000000014,0.25500000000000256,0.07699999999999818,qso
0.15700000000000003,0.15399999999999991,0.1130000000000031,0.21799999999999997,qso
0.38400000000000034,0.36299999999999955,0.2789999999999999,-0.12099999999999866,qso
0.4750000000000014,0.038000000000000256,-0.14300000000000068,0.019999999999999574,wd
0.33999999999999986,0.062000000000001165,0.24399999999999977,0.31299999999999883,qso
0.16199999999999903,0.4140000000000015,0.11599999999999966,-0.007999999999999119,qso
0.7310000000000016,-0.038000000000000256,0.11199999999999832,0.2270000000000003,qso
1.1169130000000003,0.4697749999999985,0.14074700000000107,0.06750500000000059,star
0.003999999999997783,0.25800000000000267,0.3379999999999974,0.19400000000000261,qso
-0.12099999999999866,-0.4200000000000017,-0.1869999999999976,-0.3689999999999998,wd
0.4569999999999972,-0.12399999999999878,-0.1039999999999992,-0.2430000000000021,wd
0.49700000000000166,-0.21300000000000097,-0.2110000000000003,-0.25400000000000134,wd
0.2660000000000018,0.08099999999999952,0.08999999999999986,0.2029999999999994,qso
0.26899999999999835,-0.28999999999999915,-0.3100000000000023,-0.21699999999999875,wd
-0.3680000000000021,-0.3719999999999999,-0.44899999999999807,-0.3890000000000029,wd
1.774203,0.7122840000000004,0.23948799999999792,0.12523499999999999,star
0.365000000000002,0.05999999999999872,0.2699999999999996,-0.16799999999999926,qso
2.2574119999999986,0.9284730000000021,0.31051800000000007,0.1525009999999991,star
0.3249999999999993,0.23199999999999932,0.13800000000000168,0.12300000000000111,qso
0.37700000000000244,-0.11000000000000298,-0.13999999999999702,-0.16000000000000014,wd
1.0509999999999984,0.4029999999999987,0.30600000000000094,0.34199999999999875,qso
1.4711050000000014,0.539359000000001,0.28041199999999833,0.04760399999999976,star
0.43900000000000006,0.4510000000000005,0.08099999999999952,-0.08299999999999841,qso
0.13700000000000045,0.05600000000000094,0.1280000000000001,0.23199999999999932,qso
0.11500000000000199,0.23499999999999943,0.004000000000001336,0.06400000000000006,qso
1.6062529999999988,0.6138499999999993,0.17133300000000062,0.1270869999999995,star
1.061,0.3149999999999977,0.13100000000000023,0.402000000000001,qso
0.14399999999999835,-0.3009999999999984,-0.33200000000000074,-0.12099999999999866,wd
0.28800000000000026,0.10300000000000153,0.2809999999999988,0.0519999999999996,qso
0.17800000000000082,-0.31599999999999895,-0.2430000000000021,-0.3359999999999985,wd
0.3470000000000013,0.4349999999999987,-0.004999999999999005,0.08099999999999952,qso
0.14099999999999824,0.23400000000000176,-0.06099999999999994,-0.11899999999999977,qso
-0.012000000000000455,0.037000000000002586,0.24399999999999977,0.04199999999999804,qso
0.472999999999999,-0.1980000000000004,-0.05699999999999861,0.2680000000000007,wd
0.2129999999999974,0.17900000000000205,0.22299999999999898,0.0779999999999994,qso
0.3180000000000014,0.1579999999999977,-0.00999999999999801,0.09999999999999787,qso
1.2645879999999998,0.4983460000000015,0.17887699999999995,0.10104699999999767,star
0.16000000000000014,-0.30799999999999983,-0.2959999999999994,-0.3039999999999985,wd
-0.07400000000000162,-0.38400000000000034,-0.2759999999999998,-0.3719999999999999,wd
2.480392000000002,1.084772000000001,0.49599500000000063,0.2968379999999975,star
0.4190000000000005,0.0030000000000001137,-0.08800000000000097,-0.3789999999999978,wd
1.2947600000000001,0.4701519999999988,0.14944300000000155,0.085722999999998,star
0.11400000000000077,0.16499999999999915,0.07000000000000028,-0.0730000000000004,qso
0.30600000000000094,-0.25900000000000034,-0.2480000000000011,-0.23900000000000077,wd
1.3130869999999994,0.46288400000000074,0.15855900000000034,0.0338409999999989,star
0.3460000000000001,-0.26699999999999946,-0.2530000000000001,-0.24200000000000088,wd
0.39599999999999724,0.09299999999999997,-0.05699999999999861,-0.10900000000000176,wd
1.4639070000000007,0.5063270000000006,0.1849810000000005,0.0590819999999983,star
0.397000000000002,-0.021000000000000796,-0.0470000000000006,-0.007999999999999119,wd
0.142000000000003,-0.2870000000000026,-0.44099999999999895,-0.08699999999999974,wd
0.7879999999999967,0.22900000000000276,-0.010000000000001563,0.30900000000000105,qso
0.20400000000000063,0.43200000000000216,0.39899999999999736,0.21799999999999997,qso
0.054999999999999716,-0.379999999999999,-0.2870000000000026,-0.3329999999999984,wd
-0.25700000000000145,-0.41499999999999915,-0.2980000000000018,-0.36299999999999955,wd
0.4480000000000004,-0.2240000000000002,-0.277000000000001,-0.18700000000000117,wd
0.17600000000000193,-0.11700000000000088,0.08200000000000074,-0.0019999999999988916,qso
2.5626929999999994,1.1951560000000008,0.48262800000000006,0.24867099999999986,star
0.10200000000000031,-0.31400000000000006,-0.31099999999999994,-0.5949999999999989,wd
1.6556359999999977,0.6628609999999995,0.22321300000000122,0.14870499999999964,star
1.3752879999999976,0.4850450000000013,0.19280899999999868,0.033191000000000415,star
1.5359110000000022,0.6304279999999984,0.22329099999999968,0.12127200000000116,star
1.1508839999999996,0.37460199999999944,0.13860900000000065,0.05494999999999983,star
1.2266009999999987,0.46115500000000154,0.03434899999999885,0.14383899999999983,star
1.0210340000000002,0.3690079999999991,0.11221699999999935,0.03487600000000057,star
1.0359230000000004,0.4397529999999996,0.13495799999999747,0.06357200000000063,star
0.19699999999999918,0.08799999999999741,0.16600000000000037,0.14700000000000202,qso
0.25900000000000034,0.09699999999999775,0.11100000000000065,0.17299999999999827,qso
-0.05999999999999872,-0.504999999999999,-0.31400000000000006,-0.2920000000000016,wd
1.0271760000000008,0.37133799999999795,0.10324100000000058,0.06288699999999992,star
0.3670000000000009,0.5670000000000002,0.7459999999999987,0.47800000000000153,wd
0.36799999999999855,0.11200000000000188,0.1579999999999977,0.3210000000000015,qso
2.354419,0.9019299999999983,0.36151900000000126,0.20245899999999928,star
0.43900000000000006,-0.0009999999999976694,-0.06800000000000139,-0.1039999999999992,wd
0.4770000000000003,-0.22300000000000253,-0.20199999999999818,0.03500000000000014,wd
1.1434459999999973,0.45281200000000155,0.18638599999999883,0.03131500000000287,star
-0.045999999999999375,0.007999999999999119,0.1720000000000006,0.09700000000000131,qso
-0.01799999999999713,0.07399999999999807,0.4250000000000007,-0.17999999999999972,qso
0.4480000000000004,0.1739999999999995,0.030000000000001137,0.006000000000000227,wd
0.4529999999999994,-0.21300000000000097,-0.19500000000000028,-0.24399999999999977,wd
-0.08500000000000085,-0.3460000000000001,-0.03399999999999892,0.1269999999999989,wd
0.3500000000000014,0.21799999999999997,0.05000000000000071,0.1769999999999996,qso
0.14500000000000313,-0.30200000000000315,-0.22499999999999787,-0.1910000000000025,wd
0.3400000000000034,0.9939999999999998,0.06299999999999883,0.0990000000000002,qso
0.8401850000000017,0.23128899999999852,0.09178499999999978,0.029952000000001533,star
0.5079999999999991,0.3550000000000004,0.31099999999999994,0.10699999999999932,qso
0.23900000000000077,-0.27500000000000213,-0.20899999999999963,-0.36799999999999855,wd
1.1275689999999994,0.40531700000000015,0.10442900000000144,-0.014734000000000691,star
0.8934770000000007,0.201039999999999,0.06504800000000088,0.0335300000000025,star
0.11500000000000199,-0.15900000000000247,-0.17099999999999937,-0.20899999999999963,wd
0.08900000000000219,-0.15000000000000213,0.3100000000000023,0.028999999999999915,qso
0.3960000000000008,-0.19500000000000028,-0.2729999999999997,-0.22600000000000264,wd
1.2540729999999982,0.46134000000000164,0.14383999999999908,0.03778499999999951,star
0.48799999999999955,-0.006999999999997897,0.19299999999999784,-0.04899999999999949,qso
-0.07199999999999918,-0.2530000000000001,-0.2740000000000009,-0.22100000000000009,wd
0.1700000000000017,-0.1180000000000021,-0.06199999999999761,-0.4610000000000021,wd
0.3620000000000019,-0.10600000000000165,-0.21699999999999875,-0.21000000000000085,wd
0.3769999999999989,0.11499999999999844,-0.0259999999999998,-0.16499999999999915,wd
-0.142000000000003,-0.33399999999999963,-0.25099999999999767,-0.31400000000000006,wd
0.989021000000001,0.30919899999999956,0.10073199999999893,0.04238499999999945,star
2.1056859999999986,0.7884180000000001,0.27662300000000073,0.14981199999999895,star
0.402000000000001,-0.26200000000000045,-0.22299999999999898,-0.04299999999999926,wd
0.10299999999999798,-0.007999999999999119,0.23900000000000077,-0.013999999999999346,qso
1.3923409999999983,0.5090030000000034,0.16183899999999696,0.07056800000000152,star
0.2510000000000012,-0.2240000000000002,-0.22600000000000264,-0.2339999999999982,wd
0.44700000000000273,-0.06900000000000261,-0.26399999999999935,-0.4740000000000002,wd
2.5147340000000007,1.1057050000000004,0.3391409999999997,0.23655399999999993,star
1.3456019999999995,0.4986460000000008,0.16990300000000147,0.06915999999999656,star
0.10699999999999932,0.12600000000000122,0.2270000000000003,0.13299999999999912,qso
0.3609999999999971,-0.02699999999999747,-0.20700000000000074,0.04400000000000048,wd
0.21699999999999875,-0.3549999999999969,-0.1930000000000014,-0.3539999999999992,wd
0.5050000000000026,-0.16100000000000136,-0.21999999999999886,-0.18299999999999983,wd
0.10800000000000054,0.10699999999999932,0.17800000000000082,0.08600000000000207,qso
0.07700000000000173,0.05999999999999872,0.3949999999999996,-0.10000000000000142,qso
0.08599999999999852,0.2579999999999991,0.005000000000002558,-0.13000000000000256,qso
0.4469999999999992,-0.20199999999999818,-0.1440000000000019,-0.259999999999998,wd
-0.009000000000000341,-0.4009999999999998,-0.30600000000000094,-0.3260000000000005,wd
2.2705079999999995,0.9802680000000024,0.31024999999999814,0.1959970000000002,star
0.3829999999999991,-0.0030000000000001137,-0.0799999999999983,0.004000000000001336,wd
0.9238750000000024,0.26746999999999943,0.11403600000000047,0.01852299999999829,star
0.3169999999999966,0.027000000000001023,0.1960000000000015,-0.0779999999999994,qso
0.2989999999999995,0.06400000000000006,0.2759999999999998,0.05699999999999861,qso
0.17300000000000182,0.1769999999999996,0.3150000000000013,0.019999999999999574,qso
0.4960000000000022,-0.2010000000000005,-0.22000000000000242,-0.17099999999999937,wd
0.16400000000000148,0.11899999999999977,0.21899999999999764,-0.053999999999998494,qso
0.030999999999998806,-0.3539999999999992,-0.21899999999999764,-0.2700000000000031,wd
-0.019999999999999574,-0.0030000000000001137,0.3000000000000007,0.134999999999998,qso
0.17099999999999937,0.0940000000000012,0.2799999999999976,0.04899999999999949,qso
-0.04200000000000159,0.28300000000000125,0.08099999999999952,-0.053000000000000824,qso
0.2010000000000005,0.28800000000000026,0.03399999999999892,0.05600000000000094,qso
2.343947,1.0709930000000014,0.2825219999999984,0.3572020000000009,star
0.42600000000000193,-0.0660000000000025,-0.10999999999999943,-0.11199999999999832,wd
0.3200000000000003,0.030000000000001137,-0.02400000000000091,-0.1579999999999977,wd
0.125,0.24799999999999756,0.07700000000000173,-0.009000000000000341,qso
1.450400000000002,0.5441509999999994,0.1797070000000005,0.04577799999999854,star
1.4056740000000012,0.4407369999999986,0.26749200000000073,0.09293599999999991,star
0.11299999999999955,-0.28999999999999915,-0.27199999999999847,-0.32500000000000284,wd
1.2335190000000011,0.49013300000000015,0.14267800000000008,0.06359099999999884,star
1.0259999999999998,0.19900000000000162,0.13599999999999923,0.35999999999999943,qso
2.613213000000002,1.3531109999999984,0.7020540000000004,0.3780599999999996,star
-0.0730000000000004,-0.26099999999999923,-0.21600000000000108,-0.23000000000000043,wd
0.08900000000000219,0.21199999999999974,-0.06700000000000017,0.07600000000000051,qso
0.7409999999999997,0.5380000000000003,0.26200000000000045,0.30900000000000105,qso
0.13299999999999912,0.2240000000000002,0.04400000000000048,-0.16300000000000026,qso
0.31599999999999895,-0.053999999999998494,0.5829999999999984,0.6370000000000005,wd
0.19200000000000017,0.41999999999999815,0.2699999999999996,0.22100000000000009,qso
2.060913000000003,0.8454549999999994,0.21983399999999875,0.17402799999999985,star
2.3020710000000015,0.8406349999999989,0.39063299999999934,0.18965000000000032,star
0.08000000000000185,0.18700000000000117,0.0259999999999998,0.10799999999999699,qso
2.6279359999999983,1.211855,0.5221100000000014,0.2846530000000005,star
0.32299999999999685,-0.25099999999999767,-0.23199999999999932,-0.10800000000000054,wd
0.09499999999999886,0.05100000000000193,0.10500000000000043,0.125,qso
0.4280000000000008,0.16699999999999804,0.18599999999999994,0.13600000000000279,qso
1.2966119999999997,0.49789999999999957,0.14308500000000102,0.10852099999999965,star
0.13599999999999923,0.2980000000000018,0.02699999999999747,-0.004999999999999005,qso
1.6368230000000032,0.6199169999999974,0.23797599999999974,0.13472800000000262,star
0.9031669999999998,0.374962,0.1260949999999994,0.04659600000000097,star
1.1181349999999988,0.39558600000000155,0.11906099999999853,0.06082699999999974,star
-0.48400000000000176,-0.4969999999999999,-0.3999999999999986,-0.4559999999999995,wd
0.4190000000000005,-0.006000000000000227,-0.0470000000000006,-0.12400000000000233,wd
0.4029999999999987,0.532,0.6610000000000014,0.3319999999999972,qso
0.4759999999999991,0.07000000000000028,-0.0730000000000004,0.13700000000000045,wd
0.25200000000000244,0.384999999999998,0.10900000000000176,0.41499999999999915,qso
1.1229820000000004,0.23124899999999826,0.11856799999999978,0.09797299999999964,star
2.4491580000000006,1.1794510000000002,0.43312099999999987,0.29797600000000024,star
2.1769110000000005,0.9115499999999983,0.302385000000001,0.1752640000000003,star
0.27800000000000225,0.10099999999999909,0.18499999999999872,0.2530000000000001,qso
0.46699999999999875,-0.10299999999999798,-0.17400000000000304,-0.13099999999999667,wd
0.9964960000000005,0.24097099999999827,0.08662999999999954,0.05012100000000075,star
0.3670000000000009,0.1559999999999988,0.24399999999999977,0.11000000000000298,qso
2.6611639999999994,1.1713970000000007,0.45564499999999875,0.22133800000000114,star
0.36100000000000065,-0.12600000000000122,-0.16900000000000048,-0.09799999999999898,wd
0.5410000000000004,0.09600000000000009,0.24099999999999966,0.06400000000000006,qso
0.23499999999999943,0.017000000000003013,-0.1280000000000001,0.12199999999999989,qso
0.20199999999999818,-0.03200000000000003,0.254999999999999,0.018000000000000682,qso
1.762945000000002,0.6069999999999993,0.2698199999999993,0.08595800000000153,star
1.1920400000000022,0.4703540000000004,0.1878239999999991,0.055759999999999366,star
0.31200000000000117,-0.272000000000002,-0.26599999999999824,-0.272000000000002,wd
-0.12600000000000122,-0.33200000000000074,-0.26399999999999935,-0.3149999999999977,wd
0.11499999999999844,0.02500000000000213,0.27699999999999747,-0.022999999999999687,qso
1.8519269999999999,0.7019209999999987,0.23597900000000038,0.13242400000000032,star
0.2789999999999999,0.16300000000000026,0.0470000000000006,0.254999999999999,qso
0.5760000000000005,-0.06299999999999883,0.006000000000000227,-0.2519999999999989,wd
0.620000000000001,0.08099999999999952,0.06400000000000006,0.2240000000000002,qso
0.26599999999999824,-0.012000000000000455,-0.038999999999997925,0.07399999999999807,qso
-0.03200000000000003,0.11400000000000077,0.21300000000000097,0.13299999999999912,qso
0.3549999999999969,0.018000000000000682,0.08699999999999974,0.3049999999999997,qso
0.06700000000000017,0.20200000000000173,0.030000000000001137,-0.16100000000000136,qso
0.15000000000000213,0.23000000000000043,-0.07200000000000273,-0.1509999999999998,qso
-0.08800000000000097,0.375,-0.006999999999997897,-0.16400000000000148,qso
2.517661999999998,1.0239410000000007,0.42129500000000064,0.271609999999999,star
0.6689999999999969,0.019000000000001904,-0.1440000000000019,-0.14699999999999847,wd
1.3434079999999984,0.45719700000000074,0.18811200000000028,-0.02647600000000061,star
0.5339999999999989,-0.1559999999999988,-0.20899999999999963,-0.08900000000000219,wd
1.380271999999998,0.4921950000000024,0.24536299999999756,0.12814000000000192,star
1.162627999999998,0.4137820000000012,0.22235299999999825,0.06918699999999944,star
0.2519999999999989,0.3960000000000008,0.4239999999999995,0.0940000000000012,qso
0.38899999999999935,0.18400000000000105,0.809000000000001,0.777000000000001,wd
0.05799999999999983,-0.2789999999999999,-0.2729999999999997,-0.240000000000002,wd
-0.36799999999999855,-0.5480000000000018,-0.3329999999999984,-0.3810000000000002,wd
0.125,-0.11500000000000199,0.20800000000000196,-0.08500000000000085,qso
0.2940000000000005,0.46300000000000097,0.11700000000000088,0.005999999999996675,qso
1.1456869999999988,0.47200499999999934,0.17578899999999997,0.04521599999999992,star
1.0740739999999995,0.3716260000000009,0.13500400000000035,0.04812800000000017,star
0.5449999999999982,0.20899999999999963,0.19399999999999906,-0.0019999999999988916,qso
-0.2430000000000021,-0.384999999999998,-0.3150000000000013,-0.2859999999999978,wd
0.9935590000000012,0.4266470000000009,0.17536400000000008,0.04005800000000015,star
1.2677949999999996,0.48685700000000054,0.19448799999999977,0.07260199999999983,star
0.4529999999999994,0.038000000000000256,0.13500000000000156,0.09999999999999787,qso
0.07199999999999918,-0.3219999999999992,-0.23300000000000054,-0.3299999999999983,wd
1.103269000000001,0.39054900000000004,0.155581999999999,0.030431000000000097,star
1.6466999999999992,0.6327460000000009,0.2255069999999968,0.12650500000000164,star
1.4950259999999993,0.5764960000000006,0.23010299999999972,0.12737899999999946,star
0.3979999999999997,-0.16000000000000014,-0.21099999999999852,-0.10300000000000153,wd
0.09000000000000341,-0.0010000000000012221,0.504999999999999,-0.25,qso
1.1905609999999989,0.47939300000000173,0.19705399999999784,0.06876700000000113,star
1.4333659999999995,0.5589370000000002,0.20093400000000017,0.08186000000000071,star
0.13599999999999923,0.05000000000000071,0.14699999999999847,-0.05600000000000094,qso
0.27099999999999724,-0.2129999999999974,-0.2140000000000022,-0.245000000000001,wd
0.41699999999999804,-0.046999999999997044,-0.060000000000002274,-0.19299999999999784,wd
0.39399999999999835,-0.2049999999999983,-0.2380000000000031,-0.3279999999999994,wd
0.4939999999999998,-0.07900000000000063,-0.1769999999999996,-0.13100000000000023,wd
0.6800000000000033,-0.11000000000000298,0.26699999999999946,-0.11199999999999832,qso
0.3670000000000009,0.03200000000000003,-0.1280000000000001,0.036999999999999034,wd
0.5259999999999998,0.16699999999999804,0.028000000000002245,-0.14000000000000057,wd
1.4439899999999994,0.5239989999999999,0.19202199999999792,0.0949350000000031,star
0.125,-0.31200000000000117,-0.26099999999999923,-0.2099999999999973,wd
2.456810000000001,1.1550189999999994,0.44607300000000016,0.22215500000000077,star
0.4770000000000003,0.010999999999999233,-0.10500000000000043,-0.01899999999999835,wd
0.4800000000000004,0.02499999999999858,-0.01699999999999946,0.29100000000000037,qso
1.113308,0.4240530000000007,0.13361599999999996,0.0738299999999974,star
1.145104,0.42942199999999886,0.1322250000000018,0.08171799999999863,star
0.727999999999998,0.8369999999999997,0.6210000000000022,0.3810000000000002,wd
1.1029180000000007,0.3774040000000003,0.12596299999999871,0.02958500000000086,star
0.17800000000000082,0.15700000000000003,-0.07499999999999929,0.028999999999999915,qso
2.4734700000000025,1.2727450000000005,0.5717549999999978,0.32698300000000025,star
0.35999999999999943,0.013000000000001677,0.1739999999999995,-0.03500000000000014,qso
0.6329999999999991,0.35700000000000287,0.27099999999999724,-0.015000000000000568,qso
0.4170000000000016,0.39199999999999946,0.40700000000000003,0.25099999999999767,qso
0.18599999999999994,0.10000000000000142,0.22499999999999787,0.05799999999999983,qso
1.3512920000000008,0.5988329999999991,0.3169380000000004,0.0813050000000004,star
0.14999999999999858,0.25200000000000244,0.24399999999999977,0.03599999999999781,qso
0.18400000000000105,0.036000000000001364,0.08299999999999841,0.19200000000000017,qso
0.28500000000000014,0.3559999999999981,-0.015000000000000568,-0.0259999999999998,qso
0.10699999999999932,0.23199999999999932,0.17800000000000082,-0.012999999999998124,qso
0.2920000000000016,0.2240000000000002,0.9259999999999984,0.7460000000000022,wd
1.018729999999998,0.37087800000000115,0.1390439999999984,0.052365999999999246,star
0.00999999999999801,0.1769999999999996,0.14000000000000057,0.3150000000000013,qso
0.4220000000000006,0.08799999999999741,0.04900000000000304,-0.0730000000000004,wd
0.5120000000000005,0.6430000000000007,0.2809999999999988,0.4750000000000014,qso
0.277000000000001,-0.08899999999999864,0.12599999999999767,0.13700000000000045,qso
1.764688999999997,0.6736740000000019,0.25732400000000055,0.14463399999999993,star
0.37900000000000134,0.021999999999998465,0.16499999999999915,0.3260000000000005,wd
0.09799999999999898,0.02400000000000091,-0.13500000000000156,-0.13100000000000023,wd
0.022999999999999687,0.14899999999999736,0.03300000000000125,0.05600000000000094,qso
0.44399999999999906,-0.05600000000000094,-0.10899999999999821,-0.09299999999999997,wd
2.2290419999999997,0.9531169999999989,0.3170700000000011,0.19460100000000047,star
0.1039999999999992,0.05900000000000105,0.41499999999999915,0.06299999999999883,qso
1.1891029999999994,-0.027620999999999896,-0.02163499999999985,0.0053680000000007055,star
1.1758710000000008,0.4021030000000003,0.1407279999999993,0.06760600000000139,star
0.1930000000000014,0.03399999999999892,0.23000000000000043,0.2629999999999981,qso
0.893732,0.2984349999999978,0.11438000000000059,0.02752100000000013,star
1.5487730000000006,0.5895399999999995,0.21438799999999958,0.10863700000000165,star
1.0179989999999997,0.35020099999999843,0.1256850000000007,0.006060999999998984,star
0.48300000000000054,-0.062000000000001165,-0.10899999999999821,-0.06500000000000128,wd
0.6110000000000007,0.14999999999999858,-0.0589999999999975,-0.10700000000000287,wd
0.20700000000000074,-0.3099999999999987,-0.23900000000000077,-0.21499999999999986,wd
1.0786169999999977,0.4497250000000008,0.1454349999999991,-0.0388850000000005,star
0.37900000000000134,0.04999999999999716,0.33800000000000097,-0.015999999999998238,qso
0.03500000000000014,0.18499999999999872,0.19500000000000028,-0.12300000000000111,qso
1.6861759999999997,0.6631850000000021,0.22182499999999905,0.13485899999999873,star
0.6660000000000004,0.38899999999999935,0.9860000000000007,0.718,wd
-0.036999999999999034,-0.15700000000000003,-0.2469999999999999,-0.1490000000000009,wd
0.09999999999999787,-0.3149999999999977,-0.1479999999999997,-0.15900000000000247,wd
0.25400000000000134,0.2809999999999988,0.3210000000000015,0.053000000000000824,qso
1.0312329999999967,0.4847050000000017,0.18001900000000148,0.1032529999999987,star
0.8559999999999981,0.3030000000000008,0.3689999999999998,0.09199999999999875,qso
1.149562999999997,0.3950420000000001,0.1457000000000015,0.05017300000000091,star
1.4850100000000026,0.6041329999999991,0.2126659999999987,0.09763500000000036,star
-0.08900000000000219,-0.34199999999999875,-0.22500000000000142,-0.08099999999999952,wd
1.1742139999999992,0.4365880000000022,0.1976659999999999,0.05316999999999972,star
1.856651000000003,0.6844269999999995,0.2396079999999987,0.12709500000000062,star
0.3490000000000002,-0.20899999999999963,-0.20400000000000063,-0.23499999999999943,wd
2.1615450000000003,0.8684730000000016,0.334206,0.14502799999999993,star
1.191625000000002,0.40169799999999967,0.2509859999999975,0.05457100000000281,star
2.664788999999999,1.3156640000000017,0.5377889999999983,0.2258180000000003,star
0.4710000000000001,-0.06199999999999761,-0.15399999999999991,-0.29100000000000037,wd
2.365910999999997,1.047497,0.42189400000000177,0.23035400000000017,star
1.2356669999999994,0.47533400000000015,0.15386900000000026,-0.0015999999999998238,star
0.49299999999999855,0.12100000000000222,0.04899999999999949,-0.0779999999999994,wd
0.7330000000000005,0.35999999999999943,0.17599999999999838,0.472999999999999,qso
0.4469999999999992,0.0259999999999998,-0.02499999999999858,0.0990000000000002,qso
0.10600000000000165,-0.2989999999999995,-0.3030000000000008,-0.28600000000000136,wd
0.33699999999999974,-0.20700000000000074,-0.20899999999999963,-0.3409999999999975,wd
0.22100000000000009,-0.2809999999999988,-0.22100000000000009,-0.3200000000000003,wd
0.870237999999997,0.36467000000000027,0.13890400000000014,0.07577300000000164,star
0.18700000000000117,0.12799999999999656,0.18900000000000006,-0.10099999999999909,qso
0.3039999999999985,0.030000000000001137,-0.10699999999999932,-0.07000000000000028,wd
1.4707280000000011,0.5649329999999999,0.20355999999999952,0.08442499999999953,star
1.9806310000000025,0.8089510000000004,0.2932339999999982,0.14012900000000172,star
0.2270000000000003,0.07599999999999696,0.27300000000000324,-0.04200000000000159,qso
0.0849999999999973,-0.3049999999999997,-0.3059999999999974,-0.2920000000000016,wd
0.17100000000000293,0.12399999999999878,0.2729999999999997,0.03999999999999915,qso
0.29100000000000037,0.1280000000000001,0.20599999999999952,0.08999999999999986,qso
0.16000000000000014,-0.34299999999999997,-0.2699999999999996,-0.39699999999999847,wd
0.1509999999999998,-0.09299999999999997,-0.0940000000000012,-0.2029999999999994,wd
0.1769999999999996,0.4980000000000011,0.7699999999999996,0.42600000000000016,wd
0.8959559999999982,0.2610530000000004,0.12990699999999933,0.030744999999999578,star
0.08800000000000097,0.04499999999999815,-0.045999999999999375,-0.14699999999999847,qso
-0.019000000000001904,-0.15899999999999892,-0.23900000000000077,-0.08399999999999963,wd
0.4710000000000001,0.3099999999999987,0.03100000000000236,0.12099999999999866,qso
0.9653950000000009,0.26372200000000134,0.09954099999999855,0.029533000000000698,star
0.41699999999999804,0.31700000000000017,0.2890000000000015,-0.03900000000000148,qso
0.3210000000000015,-0.06599999999999895,-0.10999999999999943,-0.2140000000000022,wd
1.179711000000001,0.4238950000000017,0.16772399999999976,0.0397149999999975,star
1.5342599999999997,0.6002079999999985,0.22339099999999945,0.11750999999999934,star
-0.41799999999999926,-0.5300000000000011,-0.370000000000001,-0.38599999999999923,wd
0.2029999999999994,-0.015000000000000568,-0.06500000000000128,0.12300000000000111,qso
1.623460999999999,0.6216870000000014,0.20733800000000002,0.06975399999999965,star
1.0356710000000007,0.35010600000000025,0.15190899999999985,-0.010804000000000258,star
0.3460000000000001,0.34699999999999775,0.10000000000000142,0.11400000000000077,qso
1.4331150000000008,0.559747999999999,0.25277300000000125,0.15628600000000148,star
0.30900000000000105,0.13299999999999912,-0.13100000000000023,0.1280000000000001,qso
2.3691700000000004,0.915420000000001,0.29011400000000087,0.13683900000000015,star
0.5459999999999994,-0.03599999999999781,-0.20800000000000196,-0.14399999999999835,wd
0.1700000000000017,-0.35300000000000153,-0.2749999999999986,0.04199999999999804,wd
0.25200000000000244,-0.20000000000000284,-0.28200000000000003,-0.24499999999999744,wd
0.09499999999999886,0.1999999999999993,0.11599999999999966,-0.053999999999998494,qso
2.313282000000001,1.0282209999999985,0.4651810000000012,0.2504539999999995,star
0.5609999999999999,0.2560000000000002,0.21599999999999753,0.1479999999999997,qso
1.9897020000000012,0.7621710000000004,0.32141799999999954,0.14516099999999987,star
0.3100000000000023,-0.27300000000000324,-0.21999999999999886,-0.36599999999999966,wd
0.09100000000000108,0.0519999999999996,0.23499999999999943,-0.19699999999999918,qso
1.425221999999998,0.5809610000000021,0.24859599999999915,0.1302279999999989,star
1.1344630000000002,0.4364259999999973,0.13525600000000182,0.04893500000000017,star
0.10699999999999932,-0.006000000000000227,0.31799999999999784,-0.15399999999999991,qso
1.7625069999999994,0.661900000000001,0.24466699999999975,0.08744000000000085,star
-0.019999999999999574,-0.28500000000000014,-0.26099999999999923,-0.08899999999999864,wd
1.8793749999999996,0.7291549999999987,0.29925900000000105,0.11805200000000049,star
0.9009,0.2527279999999994,0.07960500000000081,0.030203999999999454,star
0.40300000000000225,-0.07000000000000028,-0.14300000000000068,-0.23600000000000065,wd
1.2527410000000003,0.47292300000000154,0.2997819999999969,0.02571500000000171,star
0.1479999999999997,-0.14099999999999824,0.22100000000000009,0.21599999999999753,qso
0.41499999999999915,0.01899999999999835,0.21100000000000207,0.0019999999999988916,qso
0.6400000000000006,0.18900000000000006,0.25400000000000134,0.06499999999999773,qso
0.21000000000000085,0.13899999999999935,0.2079999999999984,0.1670000000000016,qso
1.293692,0.4790340000000022,0.19384799999999913,0.056535999999999476,star
2.569433,1.2030589999999997,0.4060259999999989,0.22768800000000056,star
1.1059029999999996,0.40561000000000114,0.11403699999999972,0.05862300000000076,star
0.38200000000000145,-0.028999999999999915,-0.04200000000000159,0.23500000000000298,qso
0.48799999999999955,-0.16199999999999903,-0.18700000000000117,-0.23300000000000054,wd
0.3829999999999991,0.04800000000000182,-0.03500000000000014,-0.09499999999999886,wd
0.018000000000000682,0.23900000000000077,0.07599999999999696,-0.2889999999999979,qso
-0.34299999999999997,-0.42299999999999827,-0.3230000000000004,-0.43299999999999983,wd
0.8382129999999997,0.26992199999999755,0.15033100000000132,0.015119999999999578,star
0.07199999999999918,-0.010999999999999233,0.1509999999999998,0.09100000000000108,qso
1.3376850000000005,0.5460169999999991,0.18047499999999772,0.05682600000000093,star
1.5217170000000024,0.5346790000000006,0.19272599999999684,0.06713500000000039,star
1.3483079999999994,0.4855629999999991,0.15526000000000195,0.058534999999999116,star
1.5803490000000018,0.6641539999999999,0.2535899999999991,0.12937700000000163,star
0.3780000000000001,0.14699999999999847,-0.012999999999998124,-0.0730000000000004,wd
0.1529999999999987,-0.2029999999999994,-0.21100000000000207,-0.3039999999999985,wd
-0.04100000000000037,-0.019000000000001904,0.7260000000000026,0.6879999999999988,wd
0.013999999999999346,0.28800000000000026,0.13899999999999935,-0.054999999999999716,qso
0.26500000000000057,0.14999999999999858,-0.09100000000000108,0.360000000000003,qso
0.3930000000000007,-0.030999999999998806,-0.07000000000000028,-0.125,wd
0.41999999999999815,-0.013999999999999346,-0.047999999999998266,-0.08300000000000196,wd
0.5779999999999994,0.24799999999999933,0.08199999999999896,-0.022999999999999687,wd
-0.11899999999999977,0.08600000000000207,0.08899999999999864,0.33500000000000085,qso
0.5300000000000011,0.2190000000000012,0.357999999999997,0.5250000000000021,qso
0.10800000000000054,0.06700000000000017,0.28500000000000014,0.11700000000000088,qso
1.2705839999999995,0.4115390000000012,0.20739400000000074,0.06486699999999956,star
0.7560000000000002,0.8329999999999984,0.9160000000000004,0.527000000000001,wd
-0.009000000000000341,0.15700000000000003,0.1680000000000028,0.2579999999999991,qso
1.2129779999999997,0.5369279999999996,0.18536000000000286,0.09033200000000008,star
1.6979749999999996,0.6449049999999978,0.2740290000000023,0.12273899999999927,star
0.5299999999999976,0.02500000000000213,-0.054999999999999716,-0.13200000000000145,wd
1.0465829999999983,0.47385200000000083,0.17780300000000082,0.048311999999999244,star
0.36400000000000077,0.0259999999999998,-0.06599999999999895,-0.014000000000002899,wd
-0.04200000000000159,-0.3730000000000011,-0.2959999999999994,-0.2680000000000007,wd
1.3523139999999998,0.4790209999999995,0.17014500000000155,0.07341899999999946,star
0.5600000000000023,0.11499999999999844,0.019999999999999574,-0.12599999999999767,wd
-0.0799999999999983,-0.3490000000000002,0.007999999999999119,-0.11199999999999832,wd
1.1677029999999995,0.4339999999999975,0.14230800000000343,0.02586899999999659,star
1.2945600000000006,0.5493109999999994,0.1319309999999998,0.14752999999999972,star
1.4583760000000012,0.5367490000000004,0.1683710000000005,0.10019099999999881,star
1.1358050000000013,-0.13651300000000077,-0.14934500000000028,-0.04588199999999887,star
0.625,0.09600000000000009,0.11599999999999966,0.2029999999999994,qso
2.0013219999999983,0.7912750000000024,0.2631249999999987,0.1623260000000002,star
1.142214000000001,0.41366299999999967,0.10283199999999937,0.05951199999999979,star
0.35600000000000165,-0.19400000000000261,-0.17599999999999838,-0.16100000000000136,wd
1.1530510000000014,0.34195100000000167,0.18271899999999874,0.03200299999999956,star
0.5179999999999971,-0.15899999999999892,-0.12599999999999767,-0.17300000000000182,wd
-0.02800000000000047,-0.34499999999999886,-0.33000000000000007,-0.3070000000000004,wd
0.018000000000000682,0.277000000000001,-0.0470000000000006,-0.12300000000000111,qso
-0.30600000000000094,-0.4660000000000011,-0.36799999999999855,-0.10200000000000031,wd
0.10299999999999798,0.33500000000000085,-0.04800000000000182,-0.11899999999999977,qso
0.33300000000000196,0.06099999999999994,0.03999999999999915,0.2240000000000002,qso
2.0493369999999977,0.8658540000000023,0.2690640000000002,0.14717899999999773,star
1.1456489999999988,0.35335500000000053,0.11514700000000033,0.037164999999998116,star
-0.0400000000000027,-0.3619999999999983,-0.1479999999999997,-0.48400000000000176,wd
0.33800000000000097,0.009000000000000341,-0.04299999999999926,0.047999999999998266,qso
1.3558909999999997,0.4434679999999993,0.23897600000000097,0.03971999999999909,star
1.2698040000000006,0.5356279999999991,0.19099399999999989,0.12123300000000015,star
0.3670000000000009,-0.07900000000000063,-0.22000000000000242,-0.2539999999999978,wd
-0.04800000000000182,-0.3789999999999978,-0.2510000000000012,-0.23000000000000043,wd
0.16699999999999804,-0.16499999999999915,-0.2220000000000013,0.3520000000000003,wd
0.09100000000000108,0.125,-0.1319999999999979,0.09600000000000009,qso
0.045999999999999375,-0.23699999999999832,-0.11200000000000188,0.09799999999999898,wd
1.1351980000000026,0.3547969999999978,0.2401529999999994,0.07656500000000221,star
0.038000000000000256,-0.16000000000000014,-0.16600000000000037,-0.49099999999999966,wd
0.3009999999999984,-0.24799999999999756,-0.24200000000000088,-0.30799999999999983,wd
0.23700000000000188,0.21999999999999886,0.472999999999999,0.08600000000000207,qso
-0.23000000000000043,-0.4989999999999988,-0.36599999999999966,-0.21799999999999997,wd
0.6099999999999994,0.5969999999999978,0.4180000000000028,0.41499999999999915,qso
0.4319999999999986,-0.21799999999999997,-0.21999999999999886,-0.31400000000000006,wd
0.28699999999999903,0.1739999999999995,0.2480000000000011,0.40700000000000003,qso
0.0019999999999988916,-0.012999999999998124,0.20400000000000063,0.009000000000000341,qso
-0.15300000000000225,-0.36299999999999955,-0.26099999999999923,-0.2970000000000006,wd
0.3589999999999982,-0.22100000000000009,-0.19200000000000017,-0.17099999999999937,wd
0.2190000000000012,0.17900000000000205,0.259999999999998,0.0259999999999998,qso
0.5560000000000009,-0.13300000000000267,-0.21399999999999864,-0.20599999999999952,wd
0.15600000000000236,0.05099999999999838,0.21600000000000108,-0.06900000000000261,qso
0.5100000000000016,-0.07699999999999818,0.04899999999999949,0.2959999999999994,wd
0.45700000000000074,0.007999999999999119,0.062000000000001165,0.20199999999999818,qso
0.3689999999999998,0.04100000000000037,0.2049999999999983,0.1670000000000016,qso
-0.1280000000000001,0.21099999999999852,-0.07699999999999818,-0.23600000000000065,qso
0.28300000000000125,-0.3299999999999983,-0.19700000000000273,-0.23899999999999721,wd
1.1629699999999978,0.41299800000000175,0.1474240000000009,0.08208299999999724,star
0.08599999999999852,0.038000000000000256,0.23300000000000054,-0.16600000000000037,qso
0.11200000000000188,0.07699999999999818,0.18700000000000117,0.012000000000000455,qso
0.12899999999999778,0.13500000000000156,0.39000000000000057,-0.18500000000000227,qso
0.04200000000000159,-0.08000000000000185,-0.17499999999999716,-0.2630000000000017,wd
0.43599999999999994,-0.027999999999998693,-0.07400000000000162,-0.19099999999999895,wd
2.4038639999999987,0.9488030000000016,0.34576200000000057,0.1932129999999983,star
1.839573999999999,0.6487160000000003,0.24474000000000018,0.10822699999999941,star
0.01699999999999946,-0.3520000000000003,-0.29499999999999815,-0.15800000000000125,wd
0.06099999999999994,0.2959999999999994,0.07200000000000273,-0.053000000000000824,qso
0.43299999999999983,-0.006999999999997897,-0.11500000000000199,-0.12099999999999866,wd
-0.2220000000000013,-0.4740000000000002,-0.3049999999999997,-0.33800000000000097,wd
2.289683,0.9742690000000032,0.3718479999999982,0.19720099999999974,star
0.2530000000000001,0.05799999999999983,0.25099999999999767,-0.06099999999999994,qso
1.5638120000000022,0.6896509999999978,0.2158300000000004,0.08472100000000182,star
0.3910000000000018,0.05799999999999983,0.0730000000000004,0.4809999999999981,qso
1.5420450000000017,0.5015370000000008,0.2395069999999997,0.12594499999999975,star
-0.08500000000000085,0.1739999999999995,0.09299999999999997,-0.0070000000000014495,qso
-0.013000000000001677,0.33899999999999864,-0.007999999999999119,-0.31700000000000017,qso
-0.02400000000000091,-0.31700000000000017,-0.26899999999999835,-0.28699999999999903,wd
0.021999999999998465,-0.3559999999999981,-0.2640000000000029,-0.21799999999999997,wd
2.5715920000000025,1.309072999999998,0.5675810000000006,0.30821899999999935,star
0.06800000000000139,-0.36100000000000065,-0.26399999999999935,-0.38500000000000156,wd
0.3460000000000001,0.054999999999999716,0.053000000000000824,-0.10000000000000142,wd
-0.1410000000000018,-0.29699999999999704,-0.28500000000000014,-0.272000000000002,wd
2.1236020000000018,0.792228999999999,0.31825100000000006,0.14068400000000025,star
0.2710000000000008,0.10200000000000031,0.23199999999999932,0.08999999999999986,qso
1.9357000000000006,0.7186909999999997,0.28801500000000146,0.13613699999999795,star
0.4660000000000011,-0.23199999999999932,-0.25700000000000145,-0.2240000000000002,wd
0.2259999999999991,-0.21799999999999997,-0.2630000000000017,-0.24199999999999733,wd
0.13700000000000045,0.0779999999999994,0.22300000000000253,0.10799999999999699,qso
0.3450000000000024,0.13799999999999812,0.15200000000000102,0.04499999999999815,qso
0.22100000000000009,0.16699999999999804,0.18299999999999983,0.2630000000000017,qso
1.8714440000000003,0.7122039999999998,0.29460599999999815,0.16303200000000118,star
0.4029999999999987,-0.07499999999999929,-0.21000000000000085,0.11599999999999966,wd
0.32200000000000273,-0.05100000000000193,-0.23199999999999932,-0.120000000000001,wd
1.031639000000002,0.39924799999999827,0.10721900000000062,0.04076199999999908,star
1.7282109999999982,0.6429670000000023,0.23299199999999942,0.112286000000001,star
0.0,0.3500000000000014,0.23300000000000054,0.06599999999999895,qso
0.33000000000000185,-0.2699999999999996,-0.26200000000000045,-0.2920000000000016,wd
0.28300000000000125,0.18499999999999872,0.007999999999999119,0.0920000000000023,qso
1.1600000000000001,0.23500000000000298,0.21899999999999764,0.05900000000000105,qso
0.43299999999999983,0.1529999999999987,0.21300000000000097,0.07499999999999929,qso
1.447769000000001,0.5974330000000023,0.21151899999999912,0.09559699999999793,star
1.1373500000000014,0.4917929999999977,0.18962300000000099,0.061399000000001536,star
0.9761449999999989,0.33021400000000156,0.10465400000000002,0.015204999999998137,star
1.2345250000000014,0.40978999999999743,0.151524000000002,0.08232299999999881,star
0.40800000000000125,0.09999999999999787,0.02300000000000324,-0.08200000000000074,wd
0.3200000000000003,-0.24200000000000088,-0.1839999999999975,-0.41799999999999926,wd
0.4230000000000018,0.04299999999999926,0.021000000000000796,-0.07900000000000063,wd
0.9279730000000015,0.31006,0.11455700000000135,-0.03867100000000079,star
0.26599999999999824,0.3160000000000025,-0.0020000000000024443,-0.0019999999999988916,qso
-0.06499999999999773,-0.16100000000000136,0.46300000000000097,0.48900000000000077,wd
-0.4280000000000008,-0.45899999999999963,-0.3180000000000014,-0.3810000000000002,wd
1.2355340000000012,0.4362339999999989,0.18738700000000108,0.06428499999999815,star
0.053999999999998494,0.3539999999999992,0.21000000000000085,-0.0019999999999988916,qso
0.13299999999999912,-0.33000000000000185,-0.28999999999999915,-0.3569999999999993,wd
1.9789679999999983,0.7891750000000002,0.22032199999999946,0.13322000000000145,star
0.4839999999999982,-0.009000000000000341,-0.07099999999999795,-0.0660000000000025,wd
1.138147,0.4211530000000021,0.12488099999999847,0.0628920000000015,star
-0.004999999999999005,0.3130000000000024,0.232999999999997,0.3680000000000021,qso
0.1960000000000015,-0.08200000000000074,0.14000000000000057,0.14499999999999957,qso
0.2079999999999984,0.07400000000000162,-0.014000000000002899,0.12199999999999989,qso
0.9576250000000002,0.29329299999999847,0.10589600000000132,0.03626599999999769,star
0.020000000000003126,-0.2630000000000017,-0.2759999999999998,-0.2749999999999986,wd
1.7928120000000014,0.7059609999999985,0.28291100000000036,0.1543739999999989,star
1.896889999999999,0.8104270000000007,0.36819000000000024,0.220186,star
0.9801619999999982,0.24685500000000005,0.07273700000000005,-0.04816100000000034,star
0.4029999999999987,-0.16000000000000014,-0.17799999999999727,-0.14500000000000313,wd
0.02300000000000324,0.25099999999999767,0.013000000000001677,-0.12600000000000122,qso
2.537457,1.175879000000002,0.48944799999999944,0.27884899999999924,star
-0.11599999999999966,-0.3100000000000023,-0.2579999999999991,-0.28699999999999903,wd
0.07600000000000051,0.2289999999999992,0.0020000000000024443,0.17999999999999972,qso
0.0730000000000004,0.10500000000000043,0.3470000000000013,0.1059999999999981,qso
0.2630000000000017,0.13400000000000034,0.26399999999999935,0.11499999999999844,qso
1.23236,0.5128020000000006,0.1833600000000004,0.08852299999999858,star
-0.0010000000000012221,0.26099999999999923,0.08699999999999974,0.0400000000000027,qso
0.045999999999999375,0.28699999999999903,0.09100000000000108,-0.038000000000000256,qso
0.5340000000000025,0.1720000000000006,-0.054000000000002046,0.007999999999999119,wd
-0.09299999999999997,0.3200000000000003,0.003999999999997783,-0.10299999999999798,qso
2.372,1.0744950000000024,0.41535599999999917,0.26633700000000005,star
0.4640000000000022,0.2879999999999967,0.1680000000000028,0.13400000000000034,qso
0.3200000000000003,0.08599999999999852,0.48300000000000054,0.30799999999999983,qso
0.9502220000000001,0.3565610000000028,0.10718199999999811,0.0787469999999999,star
0.18299999999999983,0.2140000000000022,0.23999999999999844,-0.0010000000000012221,qso
1.093826,0.2512679999999996,0.20622900000000044,0.04489799999999988,star
0.16300000000000026,-0.02699999999999747,0.23499999999999943,0.17499999999999716,qso
-0.006000000000000227,-0.30900000000000105,-0.4139999999999979,-0.26500000000000057,wd
0.913195,0.21814,0.08383000000000074,0.017400999999999556,star
0.28300000000000125,-0.31299999999999883,-0.1479999999999997,0.020999999999997243,wd
0.3979999999999997,-0.16699999999999804,0.375,0.20599999999999952,qso
0.9679599999999979,0.3925920000000005,0.19379400000000047,-0.025922999999998808,star
0.23200000000000287,0.22499999999999787,0.21199999999999974,0.05600000000000094,qso
0.08800000000000097,-0.360000000000003,-0.26399999999999935,-0.2029999999999994,wd
0.31299999999999883,-0.0779999999999994,0.11399999999999899,0.018000000000000682,qso
0.1720000000000006,0.2759999999999998,0.0519999999999996,0.030000000000001137,qso
-0.19599999999999795,-0.4620000000000033,-0.2959999999999994,-0.2309999999999981,wd
0.4960000000000022,0.08699999999999974,0.03300000000000125,-0.11200000000000188,wd
0.1720000000000006,0.24599999999999866,0.1960000000000015,-0.009000000000000341,qso
0.09100000000000108,0.24899999999999878,0.26899999999999835,0.13700000000000045,qso
0.03399999999999892,-0.04199999999999804,-0.16000000000000014,0.07399999999999807,qso
-0.0779999999999994,0.046999999999997044,0.11400000000000077,0.26200000000000045,qso
0.07600000000000051,-0.1509999999999998,-0.16699999999999804,-0.2510000000000012,wd
2.4865390000000005,1.2284049999999986,0.5192250000000005,0.2940970000000007,star
1.7055880000000023,0.6669419999999988,0.2247640000000004,0.13475899999999896,star
0.6649999999999991,0.0779999999999994,0.027999999999998693,0.2789999999999999,qso
0.42700000000000315,0.013999999999999346,-0.0259999999999998,-0.1460000000000008,wd
0.4140000000000015,-0.028999999999999915,-0.07400000000000162,-0.16300000000000026,wd
1.535698,0.5711110000000001,0.23369100000000032,0.11530100000000054,star
-0.010000000000001563,0.26399999999999935,0.022000000000002018,-0.18200000000000216,qso
0.1579999999999977,0.027000000000001023,0.2779999999999987,0.0940000000000012,qso
0.9186769999999989,0.2679740000000024,0.07145200000000074,0.030387999999998527,star
1.8860639999999975,0.7254870000000011,0.27609499999999976,0.15820700000000087,star
0.06400000000000006,0.16000000000000014,-0.0470000000000006,0.09499999999999886,qso
0.49599999999999866,-0.023999999999997357,-0.31099999999999994,-0.33300000000000196,wd
1.4393649999999987,0.586882000000001,0.18776000000000082,0.04535399999999967,star
1.0940829999999995,0.3181180000000001,0.09824399999999933,0.07376499999999986,star
1.1353270000000002,0.507088999999997,0.15101100000000045,0.02797699999999992,star
0.06700000000000017,0.027999999999998693,0.245000000000001,0.11899999999999977,qso
-0.015999999999998238,-0.5010000000000012,-0.39699999999999847,-0.14000000000000057,wd
0.4280000000000008,0.125,-0.16000000000000014,0.3359999999999985,qso
0.2270000000000003,0.35600000000000165,0.11400000000000077,-0.015000000000000568,qso
0.2940000000000005,-0.028999999999999915,-0.17800000000000082,-0.35999999999999943,wd
0.3760000000000012,0.03200000000000003,0.05699999999999861,-0.16399999999999793,wd
-0.09699999999999775,0.07699999999999818,0.25700000000000145,-0.028999999999999915,qso
0.3149999999999977,0.020000000000003126,0.2289999999999992,0.012000000000000455,qso
0.272000000000002,-0.33000000000000185,-0.26099999999999923,-0.2989999999999995,wd
0.19899999999999807,-0.21999999999999886,0.20599999999999952,0.43700000000000117,wd
1.1590880000000006,0.46132300000000015,0.15460799999999963,0.029294999999999405,star
0.4690000000000012,0.00999999999999801,-0.09499999999999886,-0.11500000000000199,wd
2.2357830000000014,0.9050309999999975,0.3232379999999999,0.24688599999999994,star
0.2530000000000001,0.18299999999999983,0.22500000000000142,-0.08200000000000074,qso
0.24599999999999866,0.1700000000000017,0.34299999999999997,0.020999999999997243,qso
0.3000000000000007,0.43700000000000117,0.006000000000000227,-0.14499999999999957,qso
0.4400000000000013,0.0,-0.03200000000000003,-0.16100000000000136,wd
0.3130000000000024,0.004999999999999005,-0.0070000000000014495,0.2870000000000026,qso
-0.1739999999999995,-0.28500000000000014,-0.18499999999999872,-0.2560000000000002,wd
0.13500000000000156,0.021999999999998465,-0.021999999999998465,0.16000000000000014,qso
1.8459800000000008,0.7118530000000014,0.2630619999999979,0.12083700000000164,star
-0.04800000000000182,0.3930000000000007,0.3960000000000008,0.19099999999999895,qso
0.26899999999999835,0.12300000000000111,-0.0730000000000004,0.027000000000001023,qso
0.2259999999999991,0.09299999999999997,-0.07600000000000051,0.09499999999999886,qso
-0.14300000000000068,-0.5299999999999976,-0.3019999999999996,-0.31400000000000006,wd
0.32399999999999807,0.015000000000000568,-0.08299999999999841,-0.08200000000000074,wd
0.3190000000000026,0.17099999999999937,0.41600000000000037,-0.010000000000001563,qso
0.4469999999999992,-0.18599999999999994,-0.17199999999999704,-0.1670000000000016,wd
-0.06400000000000006,-0.39700000000000024,-0.3879999999999999,-0.3219999999999992,wd
1.083214,0.3610350000000011,0.12235800000000019,0.04498199999999919,star
0.2190000000000012,0.3200000000000003,0.09299999999999997,0.02699999999999747,qso
0.9526080000000015,0.3026699999999991,0.1075090000000003,0.05008100000000226,star
2.4995879999999993,1.065683,0.4230310000000017,0.19688599999999923,star
0.5309999999999988,0.16300000000000026,0.04899999999999949,-0.006000000000000227,wd
0.11200000000000188,0.038000000000000256,0.23699999999999832,0.0259999999999998,qso
0.18999999999999773,0.009000000000000341,0.20700000000000074,0.16000000000000014,qso
0.08399999999999963,0.053000000000000824,0.2530000000000001,0.1789999999999985,qso
1.4459969999999984,0.5464830000000003,0.1753290000000014,0.05133799999999944,star
1.4514139999999998,0.5878620000000012,0.24779399999999896,0.12795600000000107,star
-0.07600000000000051,-0.4230000000000018,-0.3290000000000006,-0.34499999999999886,wd
0.4430000000000014,0.18599999999999994,0.15399999999999991,-0.027000000000001023,qso
1.601741999999998,0.6224990000000012,0.25637500000000024,0.10336000000000034,star
0.36299999999999955,0.44299999999999784,0.18400000000000105,-0.009000000000000341,qso
0.9698150000000005,0.34253100000000103,0.14539100000000005,0.031081999999997834,star
1.0468940000000018,0.4622019999999978,0.19782600000000272,0.11291499999999743,star
0.2680000000000007,0.09199999999999875,0.08800000000000097,0.16400000000000148,qso
1.2207460000000019,0.40651299999999857,0.15421300000000038,0.05288299999999957,star
-0.09799999999999898,0.0470000000000006,0.2579999999999991,0.06899999999999906,qso
-0.0710000000000015,-0.3119999999999976,-0.33100000000000307,-0.23699999999999832,wd
1.1919520000000006,0.4087499999999995,0.13681000000000054,0.029689999999998662,star
1.220516,0.3533079999999984,0.10439100000000323,0.047356999999998095,star
1.6785029999999992,0.5688500000000012,0.1812389999999997,0.0710639999999998,star
1.3989469999999997,0.5166070000000005,0.20169699999999935,0.08845500000000328,star
0.36599999999999966,-0.2220000000000013,-0.22100000000000009,-0.2629999999999981,wd
-0.06899999999999906,-0.28600000000000136,-0.21199999999999797,-0.23400000000000176,wd
0.3689999999999998,-0.014999999999997016,0.13700000000000045,-0.07600000000000051,qso
0.4770000000000003,-0.18100000000000094,-0.1059999999999981,-0.4650000000000034,wd
0.5440000000000005,0.602999999999998,0.2010000000000005,0.07700000000000173,qso
1.3425539999999998,0.44779599999999853,0.12879200000000068,0.08566300000000027,star
1.6008309999999994,0.6496220000000008,0.26776800000000023,0.13724399999999903,star
1.091094,0.37226400000000126,0.1706449999999986,0.03870900000000077,star
1.174940000000003,0.46793399999999963,0.1478629999999974,0.026278000000001356,star
0.25700000000000145,0.0849999999999973,0.11400000000000077,0.25,qso
0.3999999999999986,-0.2480000000000011,-0.21099999999999852,-0.2579999999999991,wd
0.3360000000000021,0.21399999999999864,0.004000000000001336,0.053999999999998494,qso
0.21599999999999753,0.20899999999999963,0.32800000000000296,0.054999999999999716,qso
1.952738,0.7862200000000001,0.2681729999999991,0.1536230000000014,star
0.22199999999999775,-0.027999999999998693,-0.17999999999999972,-0.2749999999999986,wd
0.3200000000000003,-0.31599999999999895,-0.3260000000000005,0.16900000000000048,wd
1.0960609999999988,0.35671600000000225,0.13517699999999877,0.08609000000000044,star
0.41999999999999815,-0.1039999999999992,-0.12900000000000134,-0.1720000000000006,wd
0.5279999999999987,0.1960000000000015,0.05999999999999872,-0.13799999999999812,wd
0.3299999999999983,0.02499999999999858,0.18299999999999983,-0.06099999999999994,qso
1.3769069999999992,0.5288299999999992,0.18690300000000093,0.085919999999998,star
0.559000000000001,0.022999999999999687,0.2259999999999991,-0.06099999999999994,qso
-0.3049999999999997,-0.39899999999999736,0.08999999999999986,0.33899999999999864,wd
0.4480000000000004,0.09100000000000108,0.027999999999998693,-0.0589999999999975,wd
-0.10600000000000165,-0.3149999999999977,-0.26500000000000057,-0.24399999999999977,wd
1.3429350000000007,0.4894489999999969,0.12316700000000225,0.10154099999999744,star
1.6509849999999986,0.6644800000000011,0.24094599999999744,0.13577300000000037,star
-0.21899999999999764,-0.33800000000000097,-0.036000000000001364,0.17999999999999972,wd
1.1920179999999974,0.4215300000000006,0.1215590000000013,0.04550199999999904,star
-0.1269999999999989,-0.40700000000000003,-0.2480000000000011,-0.5380000000000003,wd
1.1308149999999983,0.45537400000000083,0.13362300000000005,0.049571000000000254,star
0.16399999999999793,-0.019999999999999574,-0.04899999999999949,0.30700000000000216,qso
1.8318830000000013,0.6352249999999984,0.2777729999999998,0.13642500000000268,star
0.4170000000000016,0.05000000000000071,-0.043000000000002814,-0.21699999999999875,wd
1.8249999999999993,0.10600000000000165,0.1720000000000006,0.04199999999999804,qso
1.269397999999999,0.4932529999999993,0.158493,0.0713070000000009,star
2.2999570000000027,0.9029999999999987,0.298527,0.15953000000000017,star
0.4139999999999979,0.1460000000000008,0.19500000000000028,0.18200000000000216,qso
0.004999999999999005,-0.41199999999999903,-0.2789999999999999,-0.24399999999999977,wd
1.5776620000000001,0.6481869999999983,0.1888450000000006,0.10618099999999941,star
0.01699999999999946,0.02400000000000091,0.2630000000000017,0.16799999999999926,qso
2.296071999999999,0.9019150000000025,0.29126099999999866,0.16956599999999966,star
0.2660000000000018,-0.28800000000000026,-0.2690000000000019,-0.2859999999999978,wd
0.25200000000000244,0.07099999999999795,0.17300000000000182,-0.19500000000000028,qso
-0.038000000000000256,0.0849999999999973,0.29900000000000304,0.07399999999999807,qso
0.3670000000000009,-0.030000000000001137,-0.08699999999999974,-0.10999999999999943,wd
0.4480000000000004,-0.19900000000000162,-0.1980000000000004,-0.2289999999999992,wd
0.24600000000000222,0.2309999999999981,0.011000000000002785,0.15199999999999747,qso
0.11999999999999744,0.3450000000000024,0.03999999999999915,-0.17999999999999972,qso
0.11200000000000188,-0.32500000000000284,-0.33999999999999986,-0.3089999999999975,wd
0.13299999999999912,0.08999999999999986,0.6449999999999996,0.5630000000000024,wd
0.4330000000000034,-0.31400000000000006,-0.15300000000000225,-0.1819999999999986,wd
0.3680000000000021,0.347999999999999,0.3730000000000011,0.05699999999999861,qso
-0.25400000000000134,-0.2680000000000007,0.054000000000002046,0.35800000000000054,wd
0.125,-0.33800000000000097,-0.26099999999999923,0.10299999999999798,wd
1.726388,0.6597070000000009,0.2739159999999998,0.11824700000000021,star
0.2740000000000009,0.120000000000001,0.18499999999999872,0.26099999999999923,qso
1.9626339999999978,0.794353000000001,0.2692510000000006,0.16887900000000045,star
-0.0019999999999988916,-0.03900000000000148,0.7070000000000007,0.6730000000000018,wd
0.027999999999998693,0.2940000000000005,-0.0329999999999977,-0.04600000000000293,qso
0.4800000000000004,0.17099999999999937,0.0019999999999988916,0.2920000000000016,qso
0.2900000000000027,-0.11200000000000188,-0.07499999999999929,-0.11199999999999832,wd
0.43900000000000006,0.33300000000000196,0.01699999999999946,0.11799999999999855,qso
0.1999999999999993,0.26399999999999935,-0.25099999999999767,0.06899999999999906,qso
2.3775709999999997,0.9680499999999981,0.34063700000000097,0.17180100000000031,star
-0.019000000000001904,0.3230000000000004,0.07699999999999818,-0.01799999999999713,qso
0.5599999999999987,0.20899999999999963,0.08500000000000085,0.018000000000000682,wd
1.1340310000000002,0.34814299999999854,0.189527,-0.0037749999999991957,star
0.31099999999999994,0.05500000000000327,0.16799999999999926,0.34499999999999886,qso
0.16600000000000037,-0.17900000000000205,-0.14699999999999847,-0.2980000000000018,wd
0.859510000000002,0.19348100000000024,0.08878399999999864,-0.00018199999999879424,star
0.44599999999999795,0.1460000000000008,-0.015999999999998238,-0.060000000000002274,wd
0.33699999999999974,-0.23900000000000077,-0.21699999999999875,-0.2469999999999999,wd
1.7135309999999997,0.6644610000000029,0.22913600000000045,0.11375799999999714,star
1.1069850000000017,0.4689849999999982,0.18317300000000003,-0.0034119999999990824,star
0.41799999999999926,-0.20400000000000063,-0.16399999999999793,0.11499999999999844,wd
0.44299999999999784,0.08600000000000207,-0.03300000000000125,0.10200000000000031,wd
0.1440000000000019,0.09699999999999775,0.14000000000000057,0.24600000000000222,qso
0.5389999999999979,0.3950000000000031,0.42199999999999704,0.23300000000000054,qso
1.1843199999999996,0.4020759999999992,0.14084699999999906,0.02725299999999997,star
2.602342,1.379014999999999,0.6571829999999999,0.39238899999999965,star
2.365224999999999,1.0622860000000003,0.4357380000000006,0.19418899999999795,star
0.34199999999999875,0.43400000000000105,0.10600000000000165,0.06499999999999773,qso
-0.060000000000002274,-0.4079999999999977,-0.3210000000000015,-0.25099999999999767,wd
0.35600000000000165,-0.3719999999999999,-0.2170000000000023,-0.05799999999999983,wd
0.38700000000000045,-0.2859999999999978,-0.23400000000000176,-0.06599999999999895,wd
0.8577159999999981,0.27304700000000004,0.10437199999999969,-0.024089000000000027,star
0.3979999999999997,0.08600000000000207,0.15499999999999758,0.2270000000000003,qso
0.018000000000000682,0.2839999999999989,0.05799999999999983,-0.05099999999999838,qso
0.39000000000000057,0.2680000000000007,0.31400000000000006,0.11400000000000077,qso
0.15700000000000003,0.0,0.10100000000000264,0.04999999999999716,qso
0.043000000000002814,-0.08800000000000097,0.33200000000000074,0.31400000000000006,wd
0.3460000000000001,-0.17800000000000082,-0.13200000000000145,0.1490000000000009,wd
0.028999999999999915,0.14499999999999957,0.1460000000000008,0.18599999999999994,qso
-0.1269999999999989,-0.38200000000000145,-0.347999999999999,-0.5259999999999998,wd
0.1509999999999998,0.0519999999999996,0.18900000000000006,-0.009000000000000341,qso
0.5,-0.2240000000000002,-0.24399999999999977,-0.3260000000000005,wd
1.4240320000000004,0.5568260000000009,0.24630699999999806,0.08293199999999956,star
1.180026999999999,0.4818080000000009,0.18518900000000116,0.054206999999999894,star
0.5200000000000031,0.045999999999999375,0.03599999999999781,0.2220000000000013,qso
0.4629999999999974,0.08600000000000207,0.03399999999999892,-0.0779999999999994,wd
0.347999999999999,-0.3119999999999976,-0.20600000000000307,-0.12199999999999989,wd
0.021000000000000796,0.15800000000000125,-0.01699999999999946,-0.0030000000000001137,qso
0.4430000000000014,-0.125,-0.11400000000000077,-0.08799999999999741,wd
1.8514809999999997,0.8230300000000028,0.2972869999999972,0.1697500000000005,star
0.4349999999999987,0.030000000000001137,-0.015000000000000568,-0.10600000000000165,wd
0.9149739999999973,0.24244500000000002,0.1245710000000031,0.009889999999998622,star
0.2989999999999995,-0.023999999999997357,-0.13600000000000279,0.1280000000000001,qso
0.240000000000002,0.10099999999999909,0.2630000000000017,0.07899999999999707,qso
-0.04400000000000048,-0.22299999999999898,-0.23400000000000176,-0.31899999999999906,wd
0.43599999999999994,0.11700000000000088,-0.04100000000000037,0.0010000000000012221,wd
1.577999000000002,0.5351479999999995,0.20477799999999924,0.06681099999999951,star
0.3949999999999996,0.08899999999999864,0.10000000000000142,-0.09700000000000131,qso
0.9704359999999994,0.34211999999999954,0.13679800000000064,0.0390119999999996,star
0.053000000000000824,-0.2710000000000008,-0.3049999999999997,-0.370000000000001,wd
0.2950000000000017,0.1460000000000008,-0.006000000000000227,0.020999999999997243,qso
0.2839999999999989,0.375,0.0030000000000001137,0.1720000000000006,qso
0.2959999999999994,0.3180000000000014,0.0519999999999996,0.16900000000000048,qso
2.282053000000001,0.9727499999999978,0.32796100000000195,0.16221099999999922,star
1.2776969999999999,0.24486199999999947,0.05639600000000122,0.021936000000000178,star
0.41799999999999926,-0.20400000000000063,-0.16399999999999793,0.11499999999999844,wd
0.5079999999999991,-0.17599999999999838,-0.18400000000000105,0.053000000000000824,wd
0.3309999999999995,-0.11700000000000088,-0.045999999999999375,-0.2779999999999987,wd
0.08299999999999841,0.05000000000000071,0.10200000000000031,-0.02500000000000213,qso
0.8168899999999972,0.2657260000000008,0.12104800000000182,-0.021665000000002266,star
0.8290000000000006,0.23199999999999932,0.2430000000000021,0.1039999999999992,qso
0.1410000000000018,-0.3620000000000019,-0.2729999999999997,-0.3460000000000001,wd
0.48300000000000054,0.17800000000000082,0.03900000000000148,0.006999999999997897,wd
-0.13400000000000034,-0.2799999999999976,-0.2220000000000013,-0.28699999999999903,wd
0.25900000000000034,-0.20500000000000185,-0.3670000000000009,-0.43900000000000006,wd
0.13799999999999812,0.20500000000000185,-0.13899999999999935,-0.08300000000000196,qso
0.10299999999999798,-0.31599999999999895,-0.254999999999999,-0.05600000000000094,wd
0.11199999999999832,0.2940000000000005,-0.019999999999999574,-0.14099999999999824,qso
1.6495689999999996,0.5998669999999997,0.21002299999999963,0.08594599999999986,star
0.31400000000000006,0.24399999999999977,0.1579999999999977,0.009000000000000341,qso
0.15700000000000003,-0.30100000000000193,-0.19399999999999906,-0.47499999999999787,wd
-0.014999999999997016,-0.2890000000000015,-0.15200000000000102,-0.2530000000000001,wd
0.6320000000000014,0.2569999999999979,-0.0019999999999988916,0.11799999999999855,qso
0.4250000000000007,-0.09299999999999997,-0.07699999999999818,-0.2270000000000003,wd
0.48300000000000054,0.12400000000000233,0.36999999999999744,-0.054999999999999716,qso
1.6290760000000013,0.5986419999999981,0.201075000000003,0.075213999999999,star
1.009207,0.35733199999999954,0.17358000000000118,0.05575899999999834,star
1.183802,0.41706800000000044,0.13932099999999892,0.024827999999999406,star
0.3279999999999994,0.35600000000000165,0.3780000000000001,0.4289999999999985,qso
0.12599999999999767,0.08800000000000097,-0.09600000000000009,-0.05999999999999872,qso
-0.1039999999999992,-0.38899999999999935,-0.31700000000000017,-0.4819999999999993,wd
0.4129999999999967,-0.21499999999999986,-0.22499999999999787,-0.3780000000000001,wd
0.7070000000000007,0.384999999999998,0.8880000000000017,0.843,wd
0.34800000000000253,-0.10200000000000031,-0.16400000000000148,-0.3249999999999993,wd
0.38400000000000034,0.06599999999999895,-0.04899999999999949,-0.054000000000002046,wd
0.4659999999999975,0.038000000000000256,-0.10099999999999909,-0.04899999999999949,wd
0.0009999999999976694,-0.4349999999999987,-0.3000000000000007,-0.26399999999999935,wd
0.41799999999999926,0.030000000000001137,-0.15800000000000125,-0.10799999999999699,wd
0.35900000000000176,0.9029999999999987,0.4499999999999993,0.4350000000000023,qso
0.13999999999999702,0.045000000000001705,0.11700000000000088,0.24799999999999756,qso
1.714665,0.704326,0.24020499999999956,0.12047000000000097,star
0.3999999999999986,0.6829999999999998,0.46999999999999886,0.3460000000000001,qso
0.4460000000000015,-0.245000000000001,-0.22799999999999798,-0.40100000000000335,wd
0.40700000000000003,-0.12600000000000122,-0.16900000000000048,-0.18700000000000117,wd
1.7990880000000011,0.7088259999999984,0.23414400000000057,0.07302600000000226,star
-0.25099999999999767,-0.33999999999999986,-0.2510000000000012,-0.41100000000000136,wd
1.313994000000001,0.5324910000000003,0.1876359999999977,0.0812240000000024,star
0.19000000000000128,0.3019999999999996,0.22299999999999898,0.0030000000000001137,qso
-0.08899999999999864,-0.2660000000000018,-0.2339999999999982,0.07900000000000063,wd
0.5090000000000003,0.05600000000000094,0.012999999999998124,-0.17299999999999827,wd
1.906296000000001,0.7124679999999994,0.24304299999999834,0.09804300000000055,star
0.13599999999999923,-0.14300000000000068,0.08500000000000085,0.4239999999999995,qso
0.4629999999999974,0.0710000000000015,0.03399999999999892,-0.18799999999999883,wd
1.946905000000001,0.8052430000000008,0.3124880000000001,0.17578299999999913,star
1.1742579999999982,0.42043499999999945,0.16185700000000125,0.08997699999999931,star
0.14700000000000202,0.038000000000000256,-0.01600000000000179,0.009000000000000341,qso
1.1892790000000009,0.4011389999999988,0.17385300000000115,0.02660200000000046,star
0.6999999999999993,-0.2190000000000012,-0.18599999999999994,-0.07900000000000063,wd
0.18099999999999739,0.17900000000000205,0.06799999999999784,0.04899999999999949,qso
1.5257780000000025,0.5815329999999967,0.21124500000000168,0.08667700000000167,star
0.09299999999999997,-0.04800000000000182,0.1960000000000015,-0.009000000000000341,qso
0.07600000000000051,-0.06299999999999883,-0.005000000000002558,0.37400000000000233,qso
1.4833220000000011,0.6020259999999986,0.2187570000000001,0.1276919999999997,star
1.819196999999999,0.7245729999999995,0.26470000000000127,0.16032399999999924,star
1.3613480000000031,0.5223709999999997,0.15245399999999876,0.1016830000000013,star
1.3157270000000025,0.5339849999999977,0.15766400000000047,0.0864980000000024,star
-0.021000000000000796,-0.04400000000000048,0.21199999999999974,0.036000000000001364,qso
0.9778920000000006,0.2995219999999996,0.11843700000000013,-0.001886999999999972,star
0.20899999999999963,0.10800000000000054,-0.010999999999999233,0.10300000000000153,qso
2.5587370000000007,1.138812999999999,0.43909100000000123,0.18933999999999962,star
-0.09800000000000253,-0.42199999999999704,-0.32500000000000284,-0.36799999999999855,wd
2.017268999999999,0.7931170000000023,0.28476399999999913,0.17919700000000205,star
0.3249999999999993,0.009000000000000341,-0.02400000000000091,0.13100000000000023,wd
0.35800000000000054,-0.25800000000000267,-0.2699999999999996,-0.19500000000000028,wd
0.4349999999999987,-0.1930000000000014,-0.19799999999999685,-0.23900000000000077,wd
2.5630380000000024,1.084388999999998,0.4333340000000021,0.27531399999999806,star
0.41799999999999926,-0.20400000000000063,-0.16399999999999793,0.11499999999999844,wd
2.563203999999999,1.1654419999999988,0.43464100000000094,0.2605430000000002,star
0.8847540000000009,0.31767099999999715,0.186079000000003,0.05277499999999691,star
0.2690000000000019,-0.3000000000000007,-0.272000000000002,-0.5249999999999986,wd
1.1355910000000016,0.4598480000000009,0.09230499999999964,0.09546399999999977,star
0.05799999999999983,0.21999999999999886,0.11700000000000088,0.004000000000001336,qso
1.1974160000000005,0.4275669999999998,0.21610800000000197,0.032798999999997136,star
0.9915200000000013,0.39080299999999824,0.16770200000000024,0.09329900000000002,star
0.38899999999999935,-0.22100000000000009,-0.3360000000000021,-0.0849999999999973,wd
1.0627159999999982,0.39785000000000004,0.14186800000000055,0.04104099999999988,star
0.4720000000000013,0.15700000000000003,0.00999999999999801,0.03200000000000003,qso
2.1199549999999974,0.8888840000000009,0.3734800000000007,0.2265890000000006,star
0.6739999999999995,0.2759999999999998,0.08099999999999952,-0.1479999999999997,wd
1.6241800000000026,0.6000769999999989,0.21997599999999906,0.09699100000000271,star
1.1228879999999997,0.4403480000000002,0.11784199999999956,0.10349799999999831,star
0.05600000000000094,-0.37299999999999756,-0.2560000000000002,-0.22000000000000242,wd
0.11699999999999733,-0.43799999999999883,-0.2890000000000015,-0.3039999999999985,wd
0.6230000000000011,0.7959999999999994,0.31099999999999994,0.06500000000000128,qso
1.644014000000002,0.6745129999999975,0.28026900000000055,0.17100199999999965,star
1.0617389999999993,0.2359100000000005,-0.005159000000000802,-0.06947499999999884,star
-0.08300000000000196,-0.39199999999999946,-0.2959999999999994,-0.28000000000000114,wd
0.38500000000000156,-0.08300000000000196,-0.16699999999999804,-0.23400000000000176,wd
0.05900000000000105,0.31599999999999895,-0.13799999999999812,-0.13200000000000145,wd
0.9259780000000006,0.3343619999999987,0.08963800000000077,0.03681900000000127,star
0.3549999999999969,-0.07199999999999918,-0.08099999999999952,-0.16900000000000048,wd
-0.036999999999999034,0.0710000000000015,0.3279999999999994,0.11199999999999832,qso
0.2920000000000016,0.26899999999999835,0.23100000000000165,-0.012000000000000455,qso
0.011999999999996902,0.05700000000000216,0.2289999999999992,0.21199999999999974,qso
2.6395969999999984,1.3499809999999997,0.7463119999999996,0.2976720000000004,star
0.3290000000000006,-0.07900000000000063,-0.06800000000000139,-0.13100000000000023,qso
0.33899999999999864,0.42600000000000193,-0.1700000000000017,-0.13299999999999912,qso
0.4139999999999979,-0.03200000000000003,-0.1319999999999979,0.10699999999999932,wd
-0.1180000000000021,-0.352999999999998,-0.3500000000000014,-0.34499999999999886,wd
0.44399999999999906,-0.1609999999999978,-0.07900000000000063,0.015000000000000568,wd
1.6258809999999997,0.640505000000001,0.2646890000000006,0.1060939999999988,star
-0.21199999999999974,-0.4690000000000012,-0.2749999999999986,-0.36299999999999955,wd
1.1966609999999989,0.3854960000000034,0.1314259999999976,0.05252100000000226,star
0.45700000000000074,-0.003999999999997783,-0.14700000000000202,-0.48999999999999844,wd
0.010999999999999233,0.25400000000000134,0.06800000000000139,-0.07200000000000273,qso
0.0779999999999994,-0.009000000000000341,0.1680000000000028,0.11599999999999966,qso
0.18599999999999994,0.16799999999999926,0.05699999999999861,0.2630000000000017,qso
0.12199999999999989,-0.16300000000000026,-0.13299999999999912,-0.1509999999999998,wd
1.3552880000000016,0.5650899999999979,0.24594300000000047,0.1072330000000008,star
0.125,-0.08899999999999864,-0.07699999999999818,0.045999999999999375,qso
0.34399999999999764,0.12200000000000344,-0.04200000000000159,-0.11599999999999966,wd
0.34299999999999997,-0.1999999999999993,-0.2759999999999998,-0.254999999999999,wd
0.3550000000000004,-0.3390000000000022,-0.25,-0.11399999999999721,wd
0.22799999999999798,0.0,0.1930000000000014,0.022999999999999687,qso
0.34699999999999775,0.07700000000000173,-0.060000000000002274,-0.15499999999999758,wd
1.119332,0.44843100000000113,0.13970600000000033,0.03216399999999986,star
0.33800000000000097,-0.0019999999999988916,0.02699999999999747,0.18500000000000227,qso
0.6369999999999969,0.2140000000000022,-0.07000000000000028,0.29100000000000037,qso
-0.030999999999998806,-0.3230000000000004,-0.240000000000002,-0.24499999999999744,wd
1.1131840000000004,0.43555799999999856,0.2513109999999994,-0.04878799999999828,star
0.28999999999999915,0.06099999999999994,0.24899999999999878,0.0,qso
1.2269070000000006,0.4452589999999965,0.1632390000000008,0.059114000000001,star
2.4298420000000007,1.140041,0.3530060000000006,0.2466399999999993,star
1.4679070000000003,0.5730579999999996,0.2830289999999991,0.14290199999999942,star
0.2270000000000003,-0.3019999999999996,-0.2630000000000017,-0.006999999999997897,wd
1.468585000000001,0.5415520000000011,0.1935520000000004,0.05986399999999925,star
0.2240000000000002,0.12900000000000134,0.13100000000000023,0.0030000000000001137,qso
-0.3460000000000001,-0.48999999999999844,-0.33100000000000307,-0.24599999999999866,wd
1.098709000000003,0.5022149999999996,0.19199700000000064,0.09558899999999682,star
-0.26699999999999946,-0.42900000000000205,-0.28699999999999903,-0.23900000000000077,wd
0.16000000000000014,0.26000000000000156,0.08999999999999986,0.01899999999999835,qso
0.0589999999999975,0.1180000000000021,0.08399999999999963,0.09100000000000108,qso
0.41799999999999926,0.05600000000000094,0.23000000000000043,0.3569999999999993,qso
0.4269999999999996,0.13599999999999923,0.20700000000000074,0.08099999999999952,qso
0.29999999999999716,-0.259999999999998,-0.20400000000000063,-0.37099999999999866,wd
0.41600000000000037,-0.13599999999999923,-0.1769999999999996,-0.25400000000000134,wd
-0.06799999999999962,-0.3819999999999997,-0.3160000000000007,-0.3030000000000008,wd
-0.07500000000000284,-0.33999999999999986,-0.33999999999999986,-0.04299999999999926,wd
1.1810779999999994,0.3994730000000004,0.14546199999999843,0.049295000000000755,star
0.4490000000000016,0.054999999999999716,0.14399999999999835,0.03900000000000148,qso
-0.15899999999999892,-0.3279999999999994,-0.2980000000000018,-0.5799999999999983,wd
0.19399999999999906,0.08300000000000196,0.41799999999999926,0.10000000000000142,qso
0.4980000000000011,-0.16400000000000148,-0.3069999999999986,0.21099999999999852,wd
0.053999999999998494,0.3150000000000013,-0.021000000000000796,0.5530000000000008,qso
1.5073000000000008,0.5769989999999972,0.2223840000000017,0.052991999999999706,star
0.4659999999999975,0.21499999999999986,0.07500000000000284,0.34299999999999997,qso
1.3678489999999996,0.3994490000000006,0.13411099999999898,0.04413000000000089,star
0.054999999999999716,-0.036999999999999034,0.30799999999999983,-0.06799999999999784,qso
2.230879999999999,0.9356500000000025,0.3851419999999983,0.18844299999999947,star
1.2501769999999972,0.46991700000000236,0.16892799999999752,0.046336000000000155,star
0.36799999999999855,-0.21799999999999997,-0.2289999999999992,-0.3470000000000013,wd
1.1322690000000009,0.39980699999999914,0.18072700000000097,0.06430200000000141,star
0.31700000000000017,-0.21600000000000108,-0.13899999999999935,-0.2309999999999981,wd
0.7149999999999999,0.07400000000000162,-0.10100000000000264,-0.1599999999999966,wd
0.10500000000000043,0.31599999999999895,-0.0779999999999994,-0.21199999999999974,qso
1.2553419999999988,0.3978040000000007,0.19424399999999942,-0.014162999999999926,star
0.33899999999999864,-0.129999999999999,0.30600000000000094,0.17099999999999937,qso
2.5009960000000007,1.2257689999999997,0.5365430000000018,0.29164199999999774,star
1.8247260000000018,0.7134040000000006,0.26199199999999934,0.1504089999999998,star
0.10800000000000054,0.15200000000000102,0.2560000000000002,-0.04299999999999926,qso
0.5969999999999978,0.2220000000000013,0.04199999999999804,-0.05099999999999838,wd
0.17199999999999704,0.12700000000000244,-0.06500000000000128,0.14300000000000068,qso
0.4710000000000001,-0.04299999999999926,-0.11400000000000077,-0.2469999999999999,wd
0.2859999999999978,-0.27199999999999847,0.11799999999999855,0.4209999999999994,wd
0.4789999999999992,0.19200000000000017,0.1750000000000007,0.20700000000000074,wd
0.3000000000000007,0.045999999999999375,0.2190000000000012,-0.08400000000000318,qso
0.490000000000002,-0.21499999999999986,-0.17100000000000293,-0.24399999999999977,wd
0.495000000000001,-0.07400000000000162,-0.12900000000000134,-0.009000000000000341,wd
0.472999999999999,-0.15200000000000102,-0.18499999999999872,-0.3360000000000021,wd
-0.038000000000000256,-0.2740000000000009,-0.2480000000000011,-0.570999999999998,wd
1.7094039999999993,0.7655700000000003,0.3140679999999989,0.16505800000000193,star
0.12400000000000233,0.01699999999999946,0.1529999999999987,-0.05999999999999872,qso
1.5715809999999983,0.5906410000000015,0.21773299999999907,0.13133099999999942,star
0.1999999999999993,-0.28200000000000003,-0.3309999999999995,-0.2289999999999992,wd
0.09699999999999775,0.04900000000000304,-0.15300000000000225,0.0990000000000002,qso
0.4469999999999992,-0.06099999999999994,-0.09199999999999875,-0.13700000000000045,wd
0.3269999999999982,0.08699999999999974,0.2259999999999991,0.13400000000000034,qso
1.5261549999999993,0.6536980000000021,0.28215199999999996,0.12643999999999878,star
0.40000000000000213,0.4039999999999999,0.28800000000000026,0.2789999999999999,qso
0.48999999999999844,0.129999999999999,0.0259999999999998,-0.047999999999998266,wd
0.7220000000000013,0.004000000000001336,0.23999999999999844,0.7049999999999983,wd
0.25400000000000134,0.01899999999999835,0.28600000000000136,0.03999999999999915,qso
0.4720000000000013,-0.05999999999999872,-0.2970000000000006,0.027999999999998693,wd
0.14499999999999957,-0.20700000000000074,-0.1670000000000016,-0.134999999999998,wd
0.4039999999999999,0.11100000000000065,-0.04100000000000037,0.23600000000000065,qso
0.13599999999999923,-0.053000000000000824,0.13899999999999935,0.038000000000000256,qso
0.4009999999999998,-0.16900000000000048,-0.15399999999999991,-0.2759999999999998,wd
0.14199999999999946,-0.08699999999999974,0.20899999999999963,0.019999999999999574,qso
0.4299999999999997,-0.036999999999999034,-0.21499999999999986,-0.06099999999999994,wd
0.19500000000000028,-0.14199999999999946,0.19599999999999795,0.2920000000000016,qso
1.069619999999997,0.432457000000003,0.1579359999999994,0.0762040000000006,star
1.8166660000000014,0.6915139999999997,0.25195200000000106,0.08777899999999939,star
0.4039999999999999,0.1559999999999988,-0.012000000000000455,-0.006999999999997897,wd
0.1559999999999988,-0.2469999999999999,-0.3999999999999986,-0.20800000000000196,wd
0.9957160000000016,0.32096599999999853,0.11010399999999976,0.043282000000001375,star
0.05799999999999983,0.1559999999999988,0.02500000000000213,-0.052000000000003155,qso
0.5500000000000007,0.0030000000000001137,0.5719999999999992,0.7360000000000007,wd
-0.13100000000000023,-0.38500000000000156,-0.3049999999999997,-0.35999999999999943,wd
0.08800000000000097,-0.134999999999998,-0.23700000000000188,0.07000000000000028,wd
0.8130000000000024,0.05999999999999872,0.05799999999999983,0.375,qso
0.46699999999999875,0.16900000000000048,0.23100000000000165,0.04499999999999815,qso
-0.28300000000000125,-0.42299999999999827,-0.3410000000000011,-0.2980000000000018,wd
0.2519999999999989,0.16400000000000148,0.3009999999999984,-0.03399999999999892,qso
0.21799999999999997,-0.254999999999999,-0.28500000000000014,-0.06099999999999994,wd
0.32399999999999807,-0.06499999999999773,-0.13700000000000045,-0.2579999999999991,wd
1.4137880000000003,0.5308239999999991,0.20152900000000074,0.12017799999999923,star
0.48799999999999955,0.2029999999999994,0.1460000000000008,0.1440000000000019,qso
0.1280000000000001,-0.008000000000002672,0.3200000000000003,-0.07399999999999807,qso
1.0613649999999986,0.14282700000000048,0.03470000000000084,-0.040124999999999744,star
-0.23000000000000043,-0.41000000000000014,-0.3309999999999995,-0.30700000000000216,wd
1.3572510000000015,0.5097960000000015,0.18386100000000027,0.08955499999999716,star
2.5377270000000003,1.4605029999999992,0.9277640000000016,0.42527399999999993,star
0.43799999999999883,-0.036999999999999034,-0.05600000000000094,-0.17600000000000193,wd
0.07000000000000028,-0.12600000000000122,-0.15200000000000102,-0.31799999999999784,wd
0.4150000000000027,0.01899999999999835,-0.08699999999999974,-0.13700000000000045,wd
0.565999999999999,0.027000000000001023,-0.04899999999999949,-0.10800000000000054,wd
1.1831089999999982,0.4362090000000016,0.17027099999999962,0.012776999999999816,star
0.07499999999999929,0.08299999999999841,0.2480000000000011,0.11799999999999855,qso
2.250861999999998,0.8606370000000005,0.27031200000000055,0.1404709999999998,star
-0.07000000000000028,0.1680000000000028,0.045999999999999375,0.6269999999999989,qso
0.004999999999999005,0.24200000000000088,-0.16600000000000037,-0.021999999999998465,qso
0.3869999999999969,0.4710000000000001,0.18200000000000216,0.10899999999999821,qso
0.472999999999999,0.28600000000000136,0.28500000000000014,0.047999999999998266,qso
0.4299999999999997,-0.31899999999999906,-0.17800000000000082,-0.15899999999999892,wd
1.3659999999999997,0.18599999999999994,0.10099999999999909,0.09299999999999997,qso
0.3829999999999991,0.12900000000000134,0.004999999999999005,-0.12300000000000111,wd
-0.08600000000000207,-0.24899999999999878,-0.24200000000000088,-0.24899999999999878,wd
-0.0470000000000006,0.16199999999999903,0.1720000000000006,0.21399999999999864,qso
0.30200000000000315,-0.3230000000000004,-0.2970000000000006,-0.11599999999999966,wd
-0.02400000000000091,0.2560000000000002,0.06900000000000261,-0.08099999999999952,qso
0.18900000000000006,0.36400000000000077,0.20899999999999963,0.0470000000000006,qso
0.42299999999999827,0.08699999999999974,-0.013999999999999346,-0.2740000000000009,wd
0.21600000000000108,0.10800000000000054,-0.16900000000000048,-0.13100000000000023,wd
0.4269999999999996,-0.3009999999999984,-0.32700000000000173,-0.04199999999999804,wd
0.09500000000000242,0.3099999999999987,0.11799999999999855,-0.05699999999999861,qso
0.13100000000000023,0.15000000000000213,0.16499999999999915,-0.04400000000000048,qso
0.5700000000000003,0.13700000000000045,0.04100000000000037,0.1839999999999975,qso
0.2010000000000005,0.21199999999999974,-0.004000000000001336,0.036000000000001364,qso
1.2445969999999988,0.5430409999999988,0.16760999999999981,0.09540199999999999,star
1.251068,0.4555659999999975,0.14394000000000062,0.0469779999999993,star
0.2799999999999976,-0.18799999999999883,-0.19099999999999895,-0.030000000000001137,wd
0.5210000000000008,0.027000000000001023,0.11599999999999966,0.24599999999999866,qso
0.9880050000000011,0.5269940000000002,0.10608400000000096,0.04405599999999943,star
1.2818490000000011,0.452417999999998,0.19915600000000033,0.06532800000000094,star
0.9956950000000013,0.32383700000000104,0.14638899999999921,0.03984699999999819,star
0.010999999999999233,0.15500000000000114,-0.0470000000000006,-0.1460000000000008,qso
0.0009999999999976694,-0.30799999999999983,-0.2789999999999999,0.012000000000000455,wd
0.35999999999999943,0.0259999999999998,-0.10200000000000031,-0.12099999999999866,wd
1.0942380000000007,0.3932019999999987,0.12817899999999938,0.033348000000000155,star
0.24199999999999733,0.07400000000000162,0.2190000000000012,0.07899999999999707,qso
0.05700000000000216,-0.32200000000000273,-0.20099999999999696,-0.31400000000000006,wd
1.7400970000000022,0.637435,0.185692999999997,0.10776400000000308,star
0.22100000000000009,0.03399999999999892,0.18499999999999872,0.045000000000001705,qso
0.6529999999999987,0.21199999999999974,0.07600000000000051,0.20599999999999952,qso
0.16300000000000026,0.028999999999999915,0.15199999999999747,0.006000000000000227,qso
-0.0920000000000023,-0.4059999999999988,-0.36100000000000065,-0.34299999999999997,wd
0.593,0.24200000000000088,0.036999999999999034,0.004000000000001336,wd
0.4710000000000001,-0.1819999999999986,-0.16600000000000037,-0.1410000000000018,wd
1.0519730000000003,0.3998020000000011,0.15225399999999922,0.012759000000000853,star
0.37599999999999767,-0.05999999999999872,0.3490000000000002,0.5010000000000012,wd
0.5770000000000017,0.19899999999999807,0.03500000000000014,0.015000000000000568,wd
1.613499000000001,0.6322480000000006,0.24299600000000154,0.11670900000000017,star
0.2339999999999982,0.14700000000000202,0.17499999999999716,-0.045999999999999375,qso
0.35900000000000176,-0.19200000000000017,-0.26200000000000045,-0.012000000000000455,wd
1.614224,0.6043279999999989,0.20970200000000006,0.1395370000000007,star
0.4239999999999995,-0.3260000000000005,-0.245000000000001,-0.46499999999999986,wd
-0.0990000000000002,-0.33500000000000085,-0.22799999999999798,-0.2680000000000007,wd
0.3660000000000032,-0.1410000000000018,-0.21699999999999875,-0.15600000000000236,wd
1.593278999999999,0.6248690000000003,0.2120849999999983,0.0945670000000014,star
1.6980359999999983,0.5912550000000003,0.1663800000000002,0.09200300000000183,star
0.16399999999999793,-0.13599999999999923,0.22299999999999898,0.08600000000000207,qso
0.4319999999999986,-0.009000000000000341,0.03500000000000014,0.07499999999999929,qso
0.5030000000000001,-0.10600000000000165,-0.19900000000000162,-0.10799999999999699,wd
0.29799999999999827,-0.3550000000000004,-0.33399999999999963,-0.26899999999999835,wd
2.576549,1.138154,0.4573859999999996,0.23575400000000002,star
0.31700000000000017,0.30900000000000105,0.03599999999999781,-0.0030000000000001137,qso
1.9139809999999997,0.7489290000000004,0.24460899999999874,0.12291500000000077,star
2.009285000000002,0.8735599999999977,0.3324220000000011,0.1734429999999989,star
0.6039999999999992,0.04200000000000159,0.03599999999999781,0.11700000000000088,qso
0.03999999999999915,0.615000000000002,0.389999999999997,0.11700000000000088,qso
-0.2309999999999981,-0.4690000000000012,-0.39199999999999946,-0.2839999999999989,wd
0.03999999999999915,-0.24299999999999855,-0.22500000000000142,-0.3329999999999984,wd
0.4480000000000004,-0.11500000000000199,-0.1509999999999998,-0.006000000000000227,wd
-0.018000000000000682,-0.46399999999999864,-0.3329999999999984,-0.3810000000000002,wd
0.19500000000000028,-0.07000000000000028,0.02500000000000213,0.26099999999999923,wd
1.363706999999998,0.5648949999999999,0.19139900000000054,0.13279700000000005,star
0.3819999999999979,-0.14599999999999724,-0.22500000000000142,0.10500000000000043,wd
0.3810000000000002,-0.2049999999999983,-0.20000000000000284,-0.14699999999999847,wd
-0.134999999999998,-0.3509999999999991,-0.25700000000000145,-0.29799999999999827,wd
0.30400000000000205,-0.3290000000000006,-0.1960000000000015,-0.04399999999999693,wd
0.5579999999999998,0.12199999999999989,-0.13800000000000168,0.2220000000000013,qso
1.1193279999999994,0.31489699999999843,0.15873900000000063,0.028105000000000047,star
0.7459999999999987,0.06299999999999883,0.1280000000000001,0.31099999999999994,qso
0.15200000000000102,0.14499999999999957,0.0730000000000004,0.17999999999999972,qso
0.3670000000000009,-0.26500000000000057,-0.21799999999999997,-0.5640000000000001,wd
1.2517379999999996,0.4561760000000028,0.1566699999999983,0.026074999999998738,star
2.4736949999999993,1.2506850000000007,0.5837900000000005,0.3234399999999997,star
0.5190000000000019,-0.03200000000000003,-0.08099999999999952,-0.16900000000000048,wd
0.1339999999999968,-0.20399999999999707,-0.142000000000003,0.053000000000000824,qso
0.019999999999999574,-0.370000000000001,-0.28999999999999915,-0.1930000000000014,wd
0.2749999999999986,0.11899999999999977,0.010999999999999233,0.1980000000000004,qso
0.3219999999999992,-0.1720000000000006,-0.24899999999999878,-0.31899999999999906,wd
0.4200000000000017,-0.07000000000000028,-0.13300000000000267,-0.17999999999999972,wd
0.10299999999999798,0.1680000000000028,-0.005000000000002558,-0.045999999999999375,qso
1.213751000000002,0.4118959999999987,0.1737169999999999,0.04993999999999943,star
-0.05699999999999861,0.259999999999998,-0.06899999999999906,-0.06700000000000017,qso
2.4584999999999972,1.1058540000000008,0.4146630000000009,0.2613789999999998,star
1.0877039999999987,0.37331199999999853,0.16694999999999993,0.08002700000000118,star
0.4740000000000002,-0.08099999999999952,-0.13599999999999923,-0.23700000000000188,wd
0.2510000000000012,0.2629999999999981,0.3910000000000018,0.05999999999999872,qso
0.49799999999999756,-0.038000000000000256,0.2920000000000016,-0.10300000000000153,qso
0.08200000000000074,0.16399999999999793,0.03399999999999892,-0.14899999999999736,qso
0.6720000000000006,0.6260000000000012,0.46699999999999875,0.3930000000000007,qso
0.40500000000000114,-0.004999999999999005,0.21000000000000085,0.019999999999999574,qso
2.505471,1.4067149999999984,0.7389420000000015,0.3650839999999995,star
0.26599999999999824,0.31200000000000117,0.4029999999999987,0.38200000000000145,qso
1.5521749999999983,0.5580099999999995,0.2177950000000024,0.046900999999998305,star
1.3003180000000008,0.48706100000000063,0.1904849999999989,-0.009321999999999164,star
0.38400000000000034,0.0799999999999983,0.09600000000000009,0.03999999999999915,qso
0.2789999999999999,-0.3009999999999984,-0.21499999999999986,0.13100000000000023,wd
2.531410000000001,1.3334329999999994,0.5170619999999992,0.2860410000000009,star
0.49099999999999966,0.022000000000002018,0.37299999999999756,0.5470000000000006,wd
0.04399999999999693,0.22800000000000153,0.030999999999998806,0.045000000000001705,qso
0.35900000000000176,0.08599999999999852,0.013000000000001677,-0.07400000000000162,wd
-0.018000000000000682,0.24099999999999966,0.022999999999999687,0.005000000000002558,qso
2.3244860000000003,1.043702999999999,0.3473469999999992,0.1444749999999999,star
1.2255780000000023,0.392595,0.18149000000000015,0.09429899999999947,star
0.45700000000000074,-0.18100000000000094,-0.20899999999999963,-0.19899999999999807,wd
1.0903470000000013,0.3054309999999987,0.16394299999999973,0.024920999999999083,star
1.2709469999999996,0.5338840000000005,0.20094900000000138,0.1413019999999996,star
0.0990000000000002,0.2220000000000013,-0.10000000000000142,0.06099999999999994,qso
0.2560000000000002,0.2699999999999996,0.16300000000000026,0.03999999999999915,qso
0.9184909999999995,0.2921289999999992,0.1280770000000011,0.07704400000000078,star
0.4710000000000001,0.2759999999999998,0.16400000000000148,0.1479999999999997,qso
0.8789970000000018,0.29636099999999743,0.10286900000000188,0.05859299999999834,star
0.43100000000000094,0.5680000000000014,0.16399999999999793,0.05900000000000105,qso
0.9549410000000016,0.15560100000000077,0.05485399999999885,0.03353699999999904,star
0.25200000000000244,0.19299999999999784,0.1769999999999996,-0.04199999999999804,qso
1.1460849999999994,0.4455460000000002,0.30967099999999803,0.08308200000000099,star
0.5309999999999988,-0.1509999999999998,-0.08299999999999841,-0.25400000000000134,wd
0.18599999999999994,-0.24599999999999866,0.16699999999999804,0.26399999999999935,qso
0.15899999999999892,0.15200000000000102,0.17199999999999704,-0.036999999999999034,qso
0.35600000000000165,0.09199999999999875,0.11200000000000188,0.30900000000000105,qso
0.13299999999999912,0.02500000000000213,0.23899999999999721,-0.0730000000000004,qso
0.8726309999999984,0.24244600000000105,0.11555299999999846,-0.02455599999999869,star
0.3240000000000016,-0.22100000000000009,-0.21199999999999974,-0.18299999999999983,wd
0.4579999999999984,-0.05099999999999838,-0.0990000000000002,-0.22800000000000153,wd
0.6120000000000019,0.22299999999999898,0.045000000000001705,0.08899999999999864,qso
0.1869999999999976,-0.2829999999999977,-0.22800000000000153,-0.21399999999999864,wd
0.17099999999999937,-0.3269999999999982,-0.2480000000000011,-0.3410000000000011,wd
1.832780999999997,0.664123,0.2606160000000024,0.1258039999999987,star
1.816948,0.696987,0.2725849999999994,0.10053399999999968,star
0.21000000000000085,-0.1180000000000021,0.17400000000000304,0.29199999999999804,qso
0.29999999999999716,0.09500000000000242,0.03399999999999892,0.18599999999999994,qso
1.0918899999999994,0.34604500000000016,0.13183200000000284,0.008967999999999421,star
1.5649300000000004,0.723433,0.26237899999999925,0.11616499999999874,star
1.6462669999999981,0.7187440000000009,0.29989499999999936,0.16775800000000274,star
0.3999999999999986,-0.17800000000000082,-0.2799999999999976,-0.19400000000000261,wd
1.5267729999999986,0.587294,0.2533070000000013,0.07889099999999871,star
0.4349999999999987,-0.11399999999999721,-0.07499999999999929,-0.12900000000000134,wd
-0.10700000000000287,-0.3539999999999992,-0.2519999999999989,-0.24399999999999977,wd
0.3999999999999986,-0.19299999999999784,-0.16400000000000148,-0.1700000000000017,wd
0.06400000000000006,0.21099999999999852,0.021999999999998465,-0.07499999999999929,qso
-0.352999999999998,-0.4939999999999998,-0.3470000000000013,-0.2710000000000008,wd
-0.04099999999999682,-0.38200000000000145,-0.29100000000000037,-0.3739999999999988,wd
0.22500000000000142,0.1789999999999985,0.2480000000000011,-0.10099999999999909,qso
2.7185339999999982,1.416718000000003,0.8010659999999987,0.41213499999999925,star
1.2517239999999994,0.39107400000000325,0.1422939999999997,0.0739699999999992,star
0.5150000000000006,0.23999999999999844,0.2710000000000008,0.6400000000000006,wd
0.03999999999999915,-0.3460000000000001,-0.31700000000000017,-0.2430000000000021,wd
-0.2879999999999967,-0.4590000000000032,-0.3009999999999984,-0.3769999999999989,wd
0.7300000000000004,-0.03599999999999781,-0.12900000000000134,-0.03500000000000014,wd
0.39000000000000057,-0.21399999999999864,-0.13400000000000034,-0.038000000000000256,wd
0.36799999999999855,-0.03999999999999915,-0.07499999999999929,-0.022000000000002018,wd
0.125,-0.28800000000000026,-0.23000000000000043,-0.2740000000000009,wd
1.910183,0.8110079999999993,0.3215709999999987,0.13227400000000067,star
1.7034950000000002,0.6778070000000014,0.21541500000000013,0.14292400000000072,star
0.38500000000000156,-0.16600000000000037,-0.03200000000000003,-0.0779999999999994,wd
0.18299999999999983,-0.054999999999999716,-0.18599999999999994,-0.09600000000000009,wd
1.1159169999999996,0.3775619999999993,0.14839900000000128,0.025745999999999825,star
0.4059999999999988,-0.24600000000000222,-0.15199999999999747,-0.3719999999999999,wd
0.36100000000000065,-0.1559999999999988,-0.1769999999999996,-0.35400000000000276,wd
0.04600000000000293,-0.014000000000002899,0.17100000000000293,0.18599999999999994,qso
0.9984970000000004,0.35900099999999924,0.15752800000000278,-0.007713999999999999,star
0.7699999999999996,0.4549999999999983,0.19399999999999906,0.3260000000000005,qso
0.3390000000000022,-0.004000000000001336,0.3210000000000015,0.19599999999999795,qso
1.213940000000001,0.4196969999999993,0.1532329999999984,0.04508900000000082,star
0.38700000000000045,-0.06599999999999895,-0.04900000000000304,-0.046999999999997044,wd
0.8537540000000021,0.21958399999999756,0.038786000000001764,-0.01070800000000105,star
0.9206670000000017,0.2445219999999999,0.10638699999999801,-0.01285000000000025,star
0.5380000000000003,0.19200000000000017,0.0470000000000006,-0.22500000000000142,wd
0.3260000000000005,0.1509999999999998,-0.0070000000000014495,-0.07299999999999685,qso
0.3940000000000019,-0.06700000000000017,-0.11700000000000088,-0.10900000000000176,wd
0.015000000000000568,0.19500000000000028,-0.1930000000000014,0.13100000000000023,qso
-0.11100000000000065,-0.32099999999999795,-0.3470000000000013,-0.5360000000000014,wd
1.0465089999999968,0.4102490000000003,0.12390200000000107,0.023417999999999495,star
1.4721569999999993,0.5403480000000016,0.2812599999999996,0.003392999999999091,star
-0.013999999999999346,0.3309999999999995,0.1869999999999976,0.008000000000002672,qso
0.14500000000000313,0.14999999999999858,0.027000000000001023,0.16600000000000037,qso
0.2889999999999979,0.15800000000000125,0.583000000000002,0.764999999999997,wd
0.14099999999999824,-0.06499999999999773,0.04299999999999926,0.07399999999999807,qso
0.2970000000000006,-0.04299999999999926,0.1490000000000009,0.1819999999999986,qso
2.4638240000000025,1.0624900000000004,0.4965539999999997,0.3295529999999971,star
0.3490000000000002,0.1059999999999981,0.10900000000000176,0.2079999999999984,qso
0.5920000000000023,0.03200000000000003,0.32399999999999807,0.2759999999999998,qso
0.1620000000000026,0.07499999999999929,0.21000000000000085,0.2289999999999992,qso
1.1497879999999974,0.4140870000000021,0.16579999999999728,0.040472000000001174,star
1.4819999999999993,0.8290000000000006,0.5859999999999985,0.23300000000000054,qso
0.10400000000000276,0.4159999999999968,0.35300000000000153,0.17099999999999937,qso
1.0060000000000002,0.9480000000000004,0.6370000000000005,0.33000000000000007,wd
0.29900000000000304,0.1319999999999979,-0.038000000000000256,0.14499999999999957,qso
0.19000000000000128,-0.2190000000000012,-0.26599999999999824,-0.22100000000000009,wd
0.23999999999999844,0.5040000000000013,0.16300000000000026,0.44899999999999807,qso
1.7660750000000007,0.6372129999999991,0.25579700000000116,0.12831100000000006,star
1.1255050000000004,0.3547029999999989,0.16582300000000139,0.038731999999999545,star
0.3880000000000017,0.053000000000000824,-0.04800000000000182,0.0779999999999994,qso
1.563056999999997,0.6465020000000017,0.2568809999999999,0.10161099999999834,star
0.15500000000000114,0.19200000000000017,0.21899999999999764,-0.07199999999999918,qso
0.34399999999999764,0.02500000000000213,-0.0990000000000002,-0.0710000000000015,wd
0.29100000000000037,-0.09699999999999775,0.3260000000000005,0.5299999999999976,wd
2.5229929999999996,1.455755,0.8754219999999986,0.43401399999999946,star
-0.16300000000000026,-0.40600000000000236,-0.39899999999999736,-0.25500000000000256,wd
0.4299999999999997,-0.3260000000000005,-0.3019999999999996,-0.13599999999999923,wd
0.15899999999999892,0.3000000000000007,-0.019999999999999574,-0.10500000000000043,qso
0.5280000000000022,0.053999999999998494,0.009000000000000341,-0.15000000000000213,wd
1.1916599999999988,0.46994000000000113,0.24296599999999913,0.08720200000000133,star
0.4220000000000006,-0.33399999999999963,-0.2240000000000002,-0.17800000000000082,wd
0.44299999999999784,-0.06799999999999784,-0.08200000000000074,-0.21799999999999997,wd
-0.1269999999999989,-0.2630000000000017,-0.28999999999999915,-0.17599999999999838,wd
0.04499999999999815,-0.02400000000000091,0.1490000000000009,-0.120000000000001,qso
1.0582370000000019,0.42939799999999906,0.1638559999999991,0.09883699999999962,star
1.156675,0.5654560000000011,0.21220599999999834,0.11783000000000143,star
0.19500000000000028,0.09500000000000242,0.27099999999999724,0.01699999999999946,qso
1.7266010000000023,0.6616089999999986,0.2519139999999993,0.12974700000000183,star
2.394943999999999,1.1031019999999998,0.36308000000000007,0.2384649999999997,star
0.7949999999999982,0.3360000000000021,0.43900000000000006,0.09600000000000009,qso
1.2211609999999986,0.38667299999999827,0.1499270000000017,0.09187100000000115,star
1.1930289999999992,0.4205439999999996,0.14240500000000011,0.07950699999999955,star
0.18100000000000094,0.11299999999999955,-0.05900000000000105,0.05900000000000105,qso
0.2270000000000003,0.14699999999999847,0.1670000000000016,0.06199999999999761,qso
0.31099999999999994,0.15900000000000247,-0.08200000000000074,0.13700000000000045,qso
0.4710000000000001,0.10800000000000054,0.029999999999997584,-0.12299999999999756,wd
-0.42799999999999905,-0.48900000000000077,-0.33999999999999986,-0.30900000000000105,wd
0.43599999999999994,-0.13899999999999935,-0.1930000000000014,-0.23900000000000077,wd
1.9014720000000018,0.8294919999999983,0.2202149999999996,0.14804900000000032,star
-0.1700000000000017,-0.0589999999999975,0.6219999999999999,0.5309999999999988,wd
0.42299999999999827,-0.10300000000000153,-0.1839999999999975,-0.09100000000000108,wd
0.6380000000000017,0.791999999999998,0.8230000000000004,0.5390000000000015,wd
1.2912169999999996,0.47253100000000003,0.18214800000000153,0.06704099999999968,star
0.5650000000000013,0.2519999999999989,0.0710000000000015,-0.018000000000000682,wd
2.371983,1.165375000000001,0.3568440000000006,0.20859699999999926,star
-0.12700000000000244,0.10400000000000276,0.4059999999999988,0.15399999999999991,qso
1.687819000000001,0.6920770000000012,0.3078119999999984,0.1649300000000018,star
1.6850400000000008,0.6733340000000005,0.19743099999999814,0.09808600000000212,star
1.3398990000000026,0.5387969999999989,0.19994799999999913,0.1622540000000008,star
0.15399999999999991,0.04200000000000159,0.17999999999999972,0.24499999999999744,qso
0.4230000000000018,0.3559999999999981,0.2660000000000018,0.09700000000000131,qso
0.9894059999999989,0.31529500000000255,0.0902940000000001,0.009430999999999301,star
0.19599999999999795,0.2220000000000013,0.10099999999999909,-0.05999999999999872,qso
0.05999999999999872,0.3509999999999991,-0.03399999999999892,-0.14300000000000068,qso
0.17600000000000193,0.2010000000000005,0.006999999999997897,0.12700000000000244,qso
1.1822380000000017,0.4330859999999994,0.1665700000000001,0.15841100000000097,star
0.42499999999999716,0.21199999999999974,0.2510000000000012,0.10300000000000153,qso
1.014284,0.4157459999999986,0.20141800000000032,0.007889000000000479,star
1.063687999999999,0.30844100000000196,0.14117499999999694,-0.00857199999999736,star
0.17599999999999838,-0.3039999999999985,-0.3049999999999997,-0.5350000000000001,wd
0.2749999999999986,0.23000000000000043,0.129999999999999,0.27300000000000324,qso
-0.2010000000000005,-0.4289999999999985,-0.3049999999999997,-0.27500000000000213,wd
-0.08900000000000219,0.18799999999999883,0.40800000000000125,-0.009000000000000341,qso
1.0882170000000002,0.36548099999999906,0.13881600000000027,0.020806999999999576,star
0.28300000000000125,0.2469999999999999,0.3200000000000003,-0.027999999999998693,qso
0.13400000000000034,-0.13299999999999912,-0.11100000000000065,-0.10899999999999821,wd
1.2407829999999986,0.4676329999999993,0.14423800000000142,0.049543999999999144,star
1.3298260000000006,0.5089500000000022,0.1992219999999989,0.07343099999999936,star
1.199538999999998,0.5276129999999988,0.10279500000000041,0.10004999999999953,star
0.9903639999999996,0.39600400000000135,0.16430399999999779,0.04730400000000046,star
0.06400000000000006,0.15199999999999747,0.16600000000000037,0.19200000000000017,qso
0.2259999999999991,0.17800000000000082,0.13400000000000034,0.19399999999999906,qso
-0.2799999999999976,-0.49099999999999966,-0.3440000000000012,-0.2839999999999989,wd
0.10600000000000165,0.0849999999999973,0.2890000000000015,0.02400000000000091,qso
1.1821800000000025,0.41529299999999836,0.10975099999999927,0.04938900000000146,star
0.4789999999999992,0.04800000000000182,-0.05699999999999861,-0.1930000000000014,wd
0.009000000000000341,-0.37299999999999756,-0.2930000000000028,-0.3569999999999993,wd
1.3113059999999983,0.5153280000000002,0.15036399999999972,0.08591800000000127,star
1.639911999999999,0.6415270000000017,0.21538199999999996,0.00541199999999975,star
1.1157189999999986,0.42845900000000015,0.1452730000000031,0.04682499999999834,star
0.18599999999999994,0.01799999999999713,0.11000000000000298,0.254999999999999,qso
1.3304629999999982,0.463789000000002,0.28515900000000016,0.06925700000000035,star
0.2710000000000008,-0.2989999999999995,-0.19399999999999906,-0.25400000000000134,wd
0.12099999999999866,0.1460000000000008,-0.028999999999999915,0.09799999999999898,qso
2.573366,1.1666050000000023,0.5017549999999993,0.2182720000000007,star
0.015999999999998238,-0.1479999999999997,-0.1980000000000004,-0.23999999999999844,wd
0.32500000000000284,-0.022000000000002018,0.1479999999999997,0.40000000000000213,qso
0.31700000000000017,0.18900000000000006,0.13299999999999912,0.11400000000000077,qso
0.1839999999999975,-0.07499999999999929,-0.1720000000000006,-0.2789999999999999,wd
0.46499999999999986,0.08900000000000219,-0.04899999999999949,-0.16100000000000136,wd
1.219742,0.5163499999999992,0.2181449999999998,0.10449099999999945,star
1.4752079999999985,0.5428400000000018,0.17985900000000044,0.08569499999999763,star
0.39699999999999847,-0.0519999999999996,0.009000000000000341,-0.1819999999999986,wd
0.20600000000000307,0.1319999999999979,0.3230000000000004,0.20599999999999952,qso
0.16000000000000014,0.03599999999999781,0.6490000000000009,0.6449999999999996,wd
2.7005470000000003,1.358898,0.6448029999999996,0.35189800000000027,star
0.45200000000000173,0.08099999999999952,0.045000000000001705,0.22199999999999775,qso
0.41799999999999926,-0.28800000000000026,-0.22100000000000009,-0.3559999999999981,wd
1.9854470000000006,0.7159620000000011,0.3480319999999999,0.13311900000000065,star
0.4190000000000005,-0.20400000000000063,-0.19599999999999795,-0.36400000000000077,wd
0.1670000000000016,-0.3910000000000018,-0.07699999999999818,-0.21300000000000097,wd
1.6464919999999985,0.5881390000000017,0.20411499999999805,0.16201399999999921,star
0.08999999999999986,0.2480000000000011,-0.009000000000000341,-0.09500000000000242,qso
0.42499999999999716,0.021000000000000796,-0.05600000000000094,-0.12899999999999778,wd
0.22100000000000009,-0.45899999999999963,-0.28600000000000136,-0.352999999999998,wd
1.7583979999999997,0.7510559999999984,0.23115999999999914,0.17658600000000035,star
0.6730000000000018,0.477999999999998,0.12100000000000222,0.3810000000000002,qso
1.4176749999999991,0.6264000000000003,0.28245700000000085,0.1311,star
0.6239999999999988,0.14499999999999957,0.13100000000000023,0.22600000000000264,qso
1.2105940000000004,0.11524799999999757,0.043487000000002496,0.18204300000000018,star
0.47300000000000253,-0.07200000000000273,-0.0849999999999973,-0.33200000000000074,wd
0.3940000000000019,-0.062000000000001165,-0.05000000000000071,0.18299999999999983,wd
0.44700000000000273,-0.012000000000000455,-0.11500000000000199,0.2660000000000018,qso
2.295221999999999,1.0689410000000024,0.35348999999999897,0.20695399999999964,star
0.28999999999999915,0.1720000000000006,0.17099999999999937,-0.06299999999999883,qso
-0.2469999999999999,-0.4870000000000019,-0.35199999999999676,-0.2740000000000009,wd
1.1892440000000022,0.4561460000000004,0.14982200000000034,0.05616799999999955,star
2.210203,1.0012839999999983,0.3895930000000014,0.16400299999999746,star
0.03400000000000247,-0.472999999999999,-0.272000000000002,-0.3000000000000007,wd
0.5480000000000018,0.01899999999999835,0.028000000000002245,0.07000000000000028,qso
-0.09600000000000009,-0.28500000000000014,-0.19200000000000017,-0.29799999999999827,wd
0.03399999999999892,-0.030000000000001137,0.2270000000000003,0.04400000000000048,qso
0.2789999999999999,0.24600000000000222,0.04999999999999716,0.22000000000000242,qso
0.4139999999999979,0.03999999999999915,-0.046999999999997044,-0.09700000000000131,wd
0.4839999999999982,-0.1839999999999975,-0.2530000000000001,-0.17900000000000205,wd
1.372803000000001,0.4665259999999982,0.1812080000000016,0.06362099999999771,star
1.1452740000000006,0.3582049999999999,0.14560100000000098,0.04047399999999968,star
0.053000000000000824,-0.3930000000000007,-0.31899999999999906,-0.3490000000000002,wd
0.038000000000000256,0.1960000000000015,0.08699999999999974,-0.03400000000000247,qso
0.3359999999999985,-0.05799999999999983,0.2190000000000012,0.06599999999999895,qso
1.6402479999999997,0.6860990000000005,0.25191300000000005,0.11729400000000112,star
1.133263999999997,0.38375500000000073,0.142393000000002,0.04094299999999862,star
0.3780000000000001,-0.18599999999999994,-0.19000000000000128,-0.22799999999999798,wd
0.44399999999999906,0.06499999999999773,-0.03500000000000014,-0.1819999999999986,wd
1.2295620000000014,0.3978450000000002,0.15167799999999865,0.06599699999999942,star
0.4280000000000008,-0.08099999999999952,-0.11299999999999955,-0.13700000000000045,wd
0.18900000000000006,-0.31899999999999906,-0.23700000000000188,-0.2789999999999999,wd
2.4500680000000017,1.3291009999999979,0.7462640000000018,0.33528300000000044,star
1.1661900000000003,0.40312899999999985,0.26960599999999957,-0.06262999999999863,star
0.125,0.21600000000000108,0.11299999999999955,-0.13599999999999923,qso
2.1662350000000004,0.7625399999999978,0.31221800000000144,0.1391379999999991,star
-0.37099999999999866,-0.3450000000000024,0.0020000000000024443,0.2560000000000002,wd
1.8825820000000029,0.709464999999998,0.2332780000000021,0.11229200000000006,star
0.3769999999999989,0.21199999999999974,0.16300000000000026,-0.0030000000000001137,qso
0.030000000000001137,0.31599999999999895,0.06099999999999994,-0.1039999999999992,qso
0.5899999999999999,-0.0990000000000002,-0.12399999999999878,-0.2699999999999996,wd
0.1670000000000016,-0.06099999999999994,0.08399999999999963,0.21399999999999864,qso
0.13599999999999923,0.23000000000000043,0.028000000000002245,-0.03200000000000003,qso
0.129999999999999,0.019000000000001904,0.21699999999999875,-0.038000000000000256,qso
1.1120000000000019,0.2469999999999999,0.1529999999999987,0.13100000000000023,qso
0.34299999999999997,0.3550000000000004,0.022999999999999687,-0.010999999999999233,qso
2.3882350000000017,1.039954999999999,0.35912000000000077,0.22386700000000026,star
-0.030999999999998806,-0.06500000000000128,0.14500000000000313,0.24599999999999866,qso
0.42600000000000193,0.012000000000000455,0.04199999999999804,-0.022999999999999687,qso
1.5169740000000012,0.5373669999999997,0.20111799999999747,0.11416400000000237,star
-0.047999999999998266,0.2029999999999994,0.3550000000000004,-0.1180000000000021,qso
0.16799999999999926,0.2010000000000005,-0.045000000000001705,0.036000000000001364,qso
-0.062000000000001165,-0.3410000000000011,-0.23000000000000043,-0.3049999999999997,wd
0.42299999999999827,-0.10300000000000153,-0.1839999999999975,-0.09100000000000108,wd
1.5791989999999991,0.6954799999999999,0.27295500000000317,0.11729300000000009,star
0.04100000000000037,-0.07399999999999807,-0.22300000000000253,-0.20599999999999952,wd
0.3569999999999993,-0.13800000000000168,-0.1750000000000007,-0.2519999999999989,wd
0.40300000000000225,-0.11500000000000199,-0.11999999999999744,-0.09600000000000009,wd
0.11100000000000065,0.21799999999999997,-0.03400000000000247,0.10700000000000287,qso
0.245000000000001,-0.34499999999999886,-0.2170000000000023,0.01699999999999946,wd
0.5390000000000015,-0.07199999999999918,-0.1739999999999995,-0.1440000000000019,wd
0.3949999999999996,0.03400000000000247,0.2069999999999972,0.11600000000000321,qso
0.5420000000000016,0.01799999999999713,-0.0799999999999983,-0.11599999999999966,wd
-0.12399999999999878,-0.2610000000000028,-0.23799999999999955,-0.3290000000000006,wd
1.1452370000000016,0.395544000000001,0.13546899999999873,-0.027419999999999334,star
0.6820000000000022,0.053999999999998494,0.10999999999999943,0.2789999999999999,qso
0.527000000000001,0.15899999999999892,0.004000000000001336,-0.11200000000000188,wd
2.418831000000001,1.121645000000001,0.2182069999999996,0.7085220000000003,star
2.0916880000000013,0.8403320000000001,0.28730799999999945,0.1547799999999988,star
2.2140769999999996,0.8783720000000024,0.2884999999999991,0.1544409999999985,star
0.013000000000001677,0.2359999999999971,0.05900000000000105,0.0070000000000014495,qso
0.4629999999999974,-0.12199999999999989,-0.18599999999999994,-0.26699999999999946,wd
0.24099999999999966,0.05299999999999727,0.23900000000000077,-0.04100000000000037,qso
0.10200000000000031,0.129999999999999,0.07400000000000162,0.44299999999999784,qso
0.2950000000000017,0.16600000000000037,0.3309999999999995,0.15899999999999892,qso
1.148066,0.3982980000000005,0.11653100000000194,0.04207099999999997,star
0.36499999999999844,0.15399999999999991,0.0030000000000001137,0.19699999999999918,qso
0.10500000000000043,0.1720000000000006,-0.0259999999999998,-0.010000000000001563,qso
2.3145279999999993,1.101377000000003,0.39039799999999936,0.229514,star
0.15500000000000114,-0.009000000000000341,0.11299999999999955,0.24099999999999966,qso
0.37400000000000233,-0.1650000000000027,-0.2909999999999968,-0.22000000000000242,wd
1.125713000000001,0.38893099999999947,0.17691800000000057,0.054967999999998796,star
0.22500000000000142,-0.2920000000000016,-0.21999999999999886,-0.33699999999999974,wd
0.11999999999999744,-0.34399999999999764,-0.2680000000000007,-0.2740000000000009,wd
1.7504840000000002,0.7329080000000019,0.2901579999999999,0.11138500000000029,star
1.1545660000000026,0.4230819999999973,0.16053400000000195,0.0006689999999984764,star
0.4180000000000028,-0.13500000000000156,-0.15800000000000125,-0.2079999999999984,wd
0.030999999999998806,0.10200000000000031,0.2660000000000018,0.08800000000000097,qso
-0.4009999999999998,-0.21300000000000097,0.03500000000000014,0.11400000000000077,wd
0.4350000000000023,0.2859999999999978,0.043000000000002814,0.129999999999999,qso
0.39899999999999736,-0.2579999999999991,-0.21699999999999875,-0.2890000000000015,wd
1.9425929999999987,0.7471850000000018,0.2602039999999981,0.13618900000000167,star
0.661999999999999,0.18700000000000117,0.07599999999999696,0.07200000000000273,wd
0.12400000000000233,0.0799999999999983,0.21499999999999986,0.1490000000000009,qso
2.452245999999999,1.086672,0.3894139999999986,0.1863170000000025,star
1.1472180000000023,0.13289699999999982,0.073954999999998,0.0695350000000019,star
0.1490000000000009,0.006000000000000227,0.06599999999999895,0.17099999999999937,qso
0.9972959999999986,0.31312300000000093,0.1290130000000005,0.002327000000001078,star
0.8222960000000015,0.26743899999999954,0.07877699999999876,0.08211400000000069,star
0.44399999999999906,0.004000000000001336,-0.09199999999999875,-0.038000000000000256,wd
0.44399999999999906,0.1579999999999977,0.008000000000002672,0.020999999999997243,wd
1.0562639999999988,0.4512660000000004,0.17197200000000024,0.12717600000000218,star
0.4519999999999982,0.11700000000000088,-0.03399999999999892,-0.06099999999999994,wd
0.370000000000001,0.7959999999999994,0.23999999999999844,0.01699999999999946,qso
-0.3420000000000023,0.0470000000000006,0.41499999999999915,0.30700000000000216,wd
1.1128179999999972,0.41274600000000206,0.11421599999999899,0.05807300000000026,star
0.7699999999999996,0.6500000000000021,0.41600000000000037,0.17999999999999972,qso
0.14300000000000068,-0.030000000000001137,-0.11799999999999855,0.06899999999999906,qso
0.06700000000000017,0.21099999999999852,-0.0990000000000002,-0.0990000000000002,qso
1.1644989999999993,0.5022090000000006,0.20170900000000103,0.09024499999999946,star
1.0538430000000005,0.37168899999999994,0.12423299999999671,0.03916200000000103,star
1.634170000000001,0.6487909999999992,0.21491800000000083,0.06606899999999882,star
1.2547999999999977,0.4293970000000016,0.16172199999999926,0.0625239999999998,star
0.4250000000000007,-0.08300000000000196,-0.07099999999999795,-0.15700000000000003,wd
0.14499999999999957,0.17800000000000082,0.12099999999999866,0.01699999999999946,qso
1.332611,0.4830280000000009,0.18762100000000004,0.09218899999999763,star
1.430768999999998,0.4725910000000013,0.247954,0.07937800000000195,star
0.21600000000000108,0.35300000000000153,0.7909999999999968,0.5710000000000015,wd
0.18799999999999883,-0.14000000000000057,0.3130000000000024,0.6009999999999991,wd
1.3135139999999978,0.4506630000000005,0.13163199999999975,-0.00042099999999933857,star
-0.012000000000000455,0.29799999999999827,0.021000000000000796,-0.15200000000000102,qso
1.4126359999999991,0.49628799999999984,0.15655800000000042,0.051259999999999195,star
0.3460000000000001,0.3999999999999986,0.054000000000002046,0.005999999999996675,qso
1.0912970000000008,0.36861399999999733,0.14728900000000067,0.05156600000000111,star
0.28200000000000003,-0.01899999999999835,-0.5180000000000007,0.8339999999999996,qso
0.11700000000000088,-0.11899999999999977,-0.23000000000000043,0.13899999999999935,wd
0.2970000000000006,-0.2989999999999995,-0.19000000000000128,-0.28500000000000014,wd
0.06700000000000017,0.16100000000000136,0.08500000000000085,-0.0010000000000012221,qso
0.4039999999999999,0.12099999999999866,-0.0010000000000012221,0.17800000000000082,qso
0.2789999999999999,-0.25900000000000034,-0.26699999999999946,-0.3670000000000009,wd
0.045999999999999375,0.09799999999999898,0.1739999999999995,0.10800000000000054,qso
0.4710000000000001,0.03399999999999892,-0.04099999999999859,-0.0730000000000004,wd
0.3049999999999997,0.0940000000000012,0.028999999999999915,0.04400000000000048,qso
-0.04199999999999804,-0.3460000000000001,-0.22300000000000253,-0.06700000000000017,wd
0.3539999999999992,-0.2240000000000002,-0.19399999999999906,-0.23900000000000077,wd
1.8381770000000017,0.6711919999999978,0.25883199999999995,0.11783000000000143,star
2.462928999999999,1.2220680000000002,0.5103060000000017,0.2695399999999992,star
0.259999999999998,-0.06699999999999662,-0.15700000000000003,-0.2950000000000017,wd
1.1295400000000022,0.408852999999997,0.13978600000000085,0.04338500000000067,star
0.30600000000000094,-0.07400000000000162,0.23100000000000165,-0.045000000000001705,qso
0.01699999999999946,-0.3279999999999994,-0.3559999999999981,-0.23600000000000065,wd
0.3569999999999993,0.07400000000000162,0.0,0.13899999999999935,qso
0.5990000000000002,0.05900000000000105,-0.18599999999999994,0.259999999999998,qso
0.5350000000000001,-0.2069999999999972,-0.19500000000000028,-0.23500000000000298,wd
0.8852030000000006,0.32121099999999814,0.1211410000000015,0.01482599999999934,star
1.7251210000000015,0.6869869999999985,0.21240300000000012,0.0878420000000002,star
0.9441339999999983,0.26949100000000215,0.09651600000000116,0.04314199999999957,star
0.20199999999999818,0.3450000000000024,0.20099999999999696,-0.030999999999998806,qso
0.2690000000000019,0.08399999999999963,0.03999999999999915,0.18100000000000094,qso
0.08699999999999974,0.22900000000000276,0.029999999999997584,-0.09999999999999787,qso
2.678359999999998,1.3237270000000017,0.5923539999999985,0.3031260000000007,star
-0.12900000000000134,-0.40500000000000114,-0.29699999999999704,-0.29900000000000304,wd
0.9764099999999978,0.22727000000000075,0.10730000000000217,-0.020138000000002876,star
1.373749,0.5025820000000003,0.1649649999999987,0.08986300000000114,star
0.602999999999998,-0.15499999999999758,-0.2190000000000012,-0.4029999999999987,wd
0.2339999999999982,-0.09299999999999997,0.12700000000000244,0.0730000000000004,qso
0.8524419999999999,0.28520400000000024,0.08993099999999998,0.012350000000001415,star
2.073453999999998,0.7306120000000007,0.29738699999999874,0.11356500000000125,star
0.8024290000000001,0.35825399999999874,0.15911799999999943,0.03373900000000063,star
1.9667910000000006,0.7697600000000016,0.25439099999999826,0.1807040000000022,star
1.4318509999999982,0.5760570000000005,0.1902229999999996,0.12797400000000003,star
-0.43599999999999994,-0.46799999999999997,-0.37900000000000134,-0.36299999999999955,wd
1.2806500000000014,0.5130949999999999,0.17537300000000045,0.09905299999999784,star
0.15300000000000225,-0.3290000000000006,-0.2950000000000017,-0.21499999999999986,wd
0.3150000000000013,0.21399999999999864,0.35600000000000165,0.06899999999999906,qso
1.1622540000000008,0.3651959999999992,0.1686519999999998,0.03323199999999993,star
0.41000000000000014,0.12100000000000222,-0.004000000000001336,-0.07199999999999918,wd
-0.012000000000000455,-0.32700000000000173,-0.3279999999999994,-0.12600000000000122,wd
0.41300000000000026,-0.01699999999999946,-0.027000000000001023,0.23300000000000054,qso
0.5920000000000023,0.34699999999999775,0.19200000000000017,0.4670000000000023,qso
1.3823289999999986,0.5188740000000003,0.18332399999999893,0.08776200000000145,star
0.5609999999999999,0.11600000000000321,-0.09000000000000341,0.06700000000000017,qso
1.1606290000000001,0.3934179999999987,0.12707400000000035,0.025199000000000638,star
0.43100000000000094,-0.28000000000000114,-0.15700000000000003,-0.39199999999999946,wd
0.6660000000000004,0.75,0.9490000000000016,0.6089999999999982,wd
1.3862910000000035,0.5036029999999982,0.1650090000000013,0.09517799999999887,star
0.26699999999999946,0.1700000000000017,0.47199999999999775,0.24200000000000088,qso
0.43100000000000094,0.12300000000000111,0.27699999999999747,0.12400000000000233,qso
1.9075229999999976,0.621728000000001,0.20534199999999814,0.11594800000000127,star
0.44399999999999906,-0.13400000000000034,-0.1509999999999998,-0.04499999999999815,wd
0.19200000000000017,-0.2640000000000029,-0.2699999999999996,-0.06499999999999773,wd
2.1748340000000006,0.8861860000000021,0.33406499999999895,0.15677200000000013,star
0.2469999999999999,0.043000000000002814,0.1839999999999975,0.05700000000000216,qso
0.2789999999999999,-0.24599999999999866,-0.26500000000000057,-0.10300000000000153,wd
0.3409999999999975,-0.015999999999998238,0.00999999999999801,-0.23799999999999955,wd
2.6527969999999996,1.3092499999999987,0.5929600000000015,0.26704499999999953,star
-0.04899999999999949,-0.34699999999999775,-0.36299999999999955,0.1059999999999981,wd
0.5020000000000024,-0.12900000000000134,-0.11599999999999966,-0.10099999999999909,wd
0.23900000000000077,0.2259999999999991,0.04400000000000048,0.0519999999999996,qso
2.040431999999999,0.7538999999999998,0.19845700000000122,0.12436299999999889,star
0.3549999999999969,-0.006999999999997897,-0.0730000000000004,-0.1410000000000018,wd
0.14300000000000068,-0.3230000000000004,-0.3099999999999987,-0.48400000000000176,wd
2.506832000000003,1.1457639999999998,0.39770399999999917,0.2830589999999997,star
1.5909770000000023,0.5296079999999996,0.19122699999999782,0.12259100000000167,star
0.3099999999999987,0.0730000000000004,0.03300000000000125,0.10899999999999821,qso
0.02699999999999747,-0.28699999999999903,-0.20700000000000074,0.07400000000000162,wd
0.6050000000000004,0.6579999999999977,0.08600000000000207,0.5259999999999998,qso
0.3550000000000004,0.38500000000000156,0.14699999999999847,0.06400000000000006,qso
0.33800000000000097,0.10899999999999821,0.04100000000000037,0.16100000000000136,qso
0.17099999999999937,-0.08299999999999841,0.12399999999999878,-0.16600000000000037,qso
-0.3490000000000002,-0.5130000000000017,-0.34499999999999886,-0.3279999999999994,wd
1.6573930000000026,0.6307200000000002,0.2273229999999984,0.11378099999999947,star
1.4027540000000016,0.5483030000000007,0.18634699999999782,0.07044700000000148,star
2.2125970000000024,0.8589349999999989,0.3065810000000013,0.1510289999999994,star
0.004000000000001336,-0.18200000000000216,-0.26099999999999923,-0.14000000000000057,wd
0.28200000000000003,-0.3829999999999991,-0.22000000000000242,-0.0990000000000002,wd
0.2950000000000017,0.038000000000000256,-0.005000000000002558,-0.08899999999999864,wd
1.449465,0.5859900000000007,0.2177239999999987,0.06507600000000124,star
0.44200000000000017,-0.20200000000000173,-0.19299999999999784,-0.3760000000000012,wd
0.41100000000000136,-0.1739999999999995,-0.24899999999999878,-0.28000000000000114,wd
0.4089999999999989,-0.26599999999999824,-0.18799999999999883,-0.4200000000000017,wd
0.9877260000000021,0.4194110000000002,0.1932159999999996,0.0313549999999978,star
0.10800000000000054,0.26000000000000156,-0.0259999999999998,-0.09800000000000253,qso
1.648937,0.6886280000000014,0.23132899999999879,0.1285240000000023,star
0.4259999999999984,0.028000000000002245,-0.0259999999999998,-0.08900000000000219,wd
-0.09600000000000009,-0.37599999999999767,-0.2980000000000018,-0.25900000000000034,wd
2.0860540000000007,0.8236489999999996,0.32613500000000073,0.1561230000000009,star
0.2660000000000018,0.21399999999999864,-0.07000000000000028,-0.007999999999999119,qso
0.24200000000000088,0.259999999999998,0.18299999999999983,0.036000000000001364,qso
0.2710000000000008,0.036999999999999034,0.16100000000000136,0.15700000000000003,qso
0.34499999999999886,0.054999999999999716,0.2170000000000023,-0.05100000000000193,qso
0.4609999999999985,-0.08699999999999974,-0.12399999999999878,-0.1440000000000019,wd
0.16000000000000014,0.22499999999999787,0.007999999999999119,0.02400000000000091,qso
1.3889999999999993,0.2289999999999992,0.1819999999999986,0.07700000000000173,qso
1.0967179999999992,0.4091470000000008,0.17419399999999996,0.07063300000000083,star
0.09100000000000108,-0.07499999999999929,-0.22800000000000153,-0.19099999999999895,wd
0.03999999999999915,-0.22299999999999898,-0.2579999999999991,0.07699999999999818,wd
0.07200000000000273,-0.3130000000000024,-0.2989999999999995,-0.18799999999999883,wd
0.28800000000000026,-0.17499999999999716,-0.18400000000000105,-0.33899999999999864,wd
0.3390000000000022,0.3689999999999998,0.004000000000001336,-0.17100000000000293,qso
1.1127150000000015,0.5035709999999973,0.19096700000000055,0.049583999999999406,star
-0.08300000000000196,-0.2959999999999994,-0.26899999999999835,-0.28500000000000014,wd
-0.347999999999999,-0.42400000000000304,-0.32399999999999807,-0.14199999999999946,wd
1.340215999999998,0.5240690000000008,0.16996199999999817,0.126355000000002,star
0.4499999999999993,-0.008000000000002672,-0.05299999999999727,0.023999999999997357,wd
0.1930000000000014,0.26599999999999824,0.11700000000000088,0.19699999999999918,qso
0.31599999999999895,-0.23499999999999943,-0.3000000000000007,-0.20599999999999952,wd
2.4289239999999985,1.033144,0.43319800000000086,0.22693999999999903,star
0.31899999999999906,0.07700000000000173,-0.022000000000002018,-0.05000000000000071,wd
1.2611659999999993,0.4966869999999979,0.18954500000000252,0.0785039999999988,star
0.397000000000002,0.08500000000000085,-0.037000000000002586,-0.1579999999999977,wd
0.036000000000001364,-0.1880000000000024,-0.26399999999999935,-0.2270000000000003,wd
0.5040000000000013,-0.062000000000001165,-0.08099999999999952,-0.20700000000000074,wd
0.6490000000000009,0.5909999999999975,0.2170000000000023,0.0009999999999976694,qso
0.26099999999999923,0.09800000000000253,0.3539999999999992,0.11799999999999855,qso
-0.4469999999999992,-0.5070000000000014,-0.36499999999999844,-0.1490000000000009,wd
0.0990000000000002,0.13599999999999923,-0.0019999999999988916,-0.004000000000001336,qso
1.9265760000000007,0.6831040000000002,0.25569499999999934,0.10992999999999853,star
-0.11599999999999966,-0.29100000000000037,-0.22600000000000264,-0.2619999999999969,wd
1.1742939999999997,0.5061549999999997,0.14848699999999937,0.05250900000000058,star
0.277000000000001,0.08299999999999841,-0.0470000000000006,0.16199999999999903,qso
0.4059999999999988,0.12900000000000134,0.004000000000001336,-0.010000000000001563,wd
0.0030000000000001137,-0.35900000000000176,-0.24599999999999866,-0.5210000000000008,wd
-0.3049999999999997,-0.5300000000000011,-0.352999999999998,-0.2920000000000016,wd
0.054999999999999716,0.06299999999999883,0.15500000000000114,0.27199999999999847,qso
0.5429999999999993,-0.12199999999999989,-0.14199999999999946,-0.3099999999999987,wd
0.541999999999998,-0.11299999999999955,-0.10699999999999932,-0.12300000000000111,wd
1.9328770000000013,0.7200829999999989,0.26943800000000095,0.10381300000000238,star
1.0744349999999994,0.3806940000000001,0.12024700000000088,0.05432199999999909,star
0.13799999999999812,0.3000000000000007,-0.0779999999999994,0.05000000000000071,qso
0.06099999999999994,-0.33999999999999986,-0.31599999999999895,-0.28699999999999903,wd
0.2380000000000031,-0.2890000000000015,-0.21600000000000108,-0.09999999999999787,wd
1.1150680000000008,0.4252919999999989,0.1449259999999981,0.06692300000000273,star
0.33500000000000085,-0.03999999999999915,-0.10999999999999943,-0.08699999999999974,wd
0.1269999999999989,-0.020999999999997243,0.16900000000000048,0.10199999999999676,qso
1.3134699999999988,0.49569600000000236,0.18346700000000027,0.07785299999999751,star
1.105231999999999,0.38976899999999937,0.09307199999999938,0.07568999999999981,star
0.5690000000000026,0.17499999999999716,0.07700000000000173,-0.04299999999999926,wd
0.23699999999999832,0.15399999999999991,0.20700000000000074,0.0,qso
0.3030000000000008,0.027999999999998693,0.2309999999999981,-0.08599999999999852,qso
0.9920539999999995,0.379096999999998,0.12077700000000036,0.02580999999999989,star
0.4280000000000008,0.1529999999999987,0.3030000000000008,0.2630000000000017,qso
0.402000000000001,0.2069999999999972,0.053000000000000824,-0.09499999999999886,wd
-0.029999999999997584,-0.22800000000000153,-0.1980000000000004,-0.7339999999999982,wd
1.1958960000000012,0.4592119999999973,0.16420100000000204,0.07427599999999757,star
0.3490000000000002,-0.24799999999999756,-0.24200000000000088,0.08399999999999963,wd
1.1682890000000015,0.43935899999999783,0.1514520000000008,0.028078000000000713,star
1.7042059999999992,0.6540929999999996,0.25280799999999815,0.11046200000000184,star
0.5339999999999989,-0.1930000000000014,-0.14599999999999724,-0.006000000000000227,wd
0.02500000000000213,-0.11500000000000199,-0.2560000000000002,-0.2049999999999983,wd
1.8484359999999995,0.740591000000002,0.27776599999999974,0.15310399999999902,star
-0.44099999999999895,-0.4450000000000003,-0.3949999999999996,-0.30799999999999983,wd
0.45899999999999963,-0.05000000000000071,-0.20199999999999818,-0.08000000000000185,wd
2.2342009999999988,0.9226700000000001,0.2852110000000003,0.22007900000000014,star
0.2829999999999977,0.11900000000000333,0.21699999999999875,0.045999999999999375,qso
0.3880000000000017,0.34899999999999665,0.4430000000000014,0.23900000000000077,qso
1.466585000000002,0.5679239999999997,0.20374799999999915,0.12707600000000063,star
-0.3359999999999985,-0.4210000000000029,-0.32599999999999696,-0.2630000000000017,wd
1.046831000000001,0.4108060000000009,0.13965599999999867,0.03210100000000082,star
0.2829999999999977,0.1620000000000026,0.2699999999999996,0.14000000000000057,qso
0.4009999999999998,0.18400000000000105,0.4109999999999978,0.18400000000000105,qso
-0.01600000000000179,0.24700000000000344,-0.052000000000003155,0.028999999999999915,qso
0.7680000000000007,-0.028999999999999915,0.010000000000001563,0.2289999999999992,qso
1.0078969999999998,0.39752900000000224,0.09861499999999879,0.07079099999999983,star
1.8762819999999998,0.6987880000000004,0.3039260000000006,0.1776959999999974,star
1.1857260000000025,0.4372599999999984,0.11684800000000095,0.06178299999999837,star
0.1490000000000009,0.2289999999999992,-0.05600000000000094,-0.12799999999999656,qso
0.44700000000000273,-0.18500000000000227,-0.030999999999998806,-0.10300000000000153,wd
2.0986849999999997,0.9312550000000002,0.320152000000002,0.21242899999999842,star
0.4089999999999989,-0.03999999999999915,-0.11700000000000088,0.05600000000000094,qso
0.4209999999999994,-0.1819999999999986,-0.24600000000000222,-0.18799999999999883,wd
2.4626309999999982,1.362594999999999,0.6441740000000014,0.39848399999999984,star
0.02499999999999858,0.35800000000000054,-0.05999999999999872,-0.1509999999999998,qso
1.516926999999999,0.5975900000000003,0.21374400000000016,0.10678700000000063,star
0.019999999999999574,0.21000000000000085,0.12899999999999778,-0.020999999999997243,qso
0.3490000000000002,-0.21199999999999974,-0.19500000000000028,-0.3379999999999974,wd
2.077648,0.8418960000000002,0.3435220000000001,0.10802099999999903,star
1.1474820000000001,0.3529130000000009,0.10224099999999936,0.06695399999999907,star
0.5869999999999997,-0.3240000000000016,-0.19699999999999918,-0.18599999999999994,wd
0.4469999999999992,-0.18100000000000094,-0.1319999999999979,-0.23799999999999955,wd
0.24399999999999977,-0.2569999999999979,-0.38200000000000145,-0.43900000000000006,wd
0.08699999999999974,0.625,0.0019999999999988916,0.07099999999999795,qso
1.1663080000000008,0.37764299999999906,0.1291390000000021,0.08690099999999745,star
-0.4039999999999999,-0.4330000000000034,-0.264999999999997,-0.5030000000000001,wd
0.4039999999999999,-0.12599999999999767,-0.15800000000000125,-0.1789999999999985,wd
0.14300000000000068,0.36499999999999844,0.06500000000000128,-0.021000000000000796,qso
0.18900000000000006,0.06400000000000006,0.2710000000000008,0.0779999999999994,qso
1.0226000000000006,0.32994099999999804,0.11633300000000091,0.03325099999999992,star
-0.20500000000000185,-0.4239999999999995,-0.3049999999999997,-0.23300000000000054,wd
1.4791960000000017,0.547744999999999,0.23179400000000072,0.07339100000000087,star
0.5069999999999979,-0.030000000000001137,0.19900000000000162,-0.03399999999999892,qso
1.0920089999999973,0.40640100000000245,0.17170699999999783,0.06419500000000156,star
-0.08200000000000074,-0.30100000000000193,-0.17599999999999838,-0.20899999999999963,wd
0.5500000000000007,0.07699999999999818,-0.0799999999999983,-0.1750000000000007,wd
0.9116289999999978,0.22089599999999976,0.07552100000000195,0.008203999999999212,star
1.8036319999999968,0.7875730000000019,0.271964999999998,0.13658500000000195,star
0.3719999999999999,-0.030000000000001137,-0.22799999999999798,-0.2510000000000012,wd
1.2917409999999983,-0.08788299999999971,0.6783470000000005,0.03397299999999959,star
0.4740000000000002,0.20000000000000284,-0.062000000000001165,0.19000000000000128,qso
0.3670000000000009,0.05900000000000105,0.2240000000000002,-0.0519999999999996,qso
0.4480000000000004,-0.038000000000000256,-0.08300000000000196,-0.1280000000000001,wd
-0.23400000000000176,-0.36799999999999855,-0.28800000000000026,-0.25800000000000267,wd
2.4279209999999978,1.0964430000000007,0.03387100000000132,0.5948799999999981,star
1.5216349999999998,0.6409130000000012,0.29975299999999905,0.03761300000000034,star
0.1039999999999992,0.254999999999999,0.09499999999999886,-0.08299999999999841,qso
2.493510999999998,1.0571210000000022,0.4437529999999974,0.21147500000000008,star
0.20099999999999696,0.2870000000000026,0.0730000000000004,-0.010000000000001563,qso
1.184861999999999,0.3741190000000003,0.12627200000000016,0.04242499999999794,star
0.15899999999999892,0.1720000000000006,-0.03500000000000014,-0.010000000000001563,qso
0.05600000000000094,-0.37299999999999756,-0.2560000000000002,-0.22000000000000242,wd
2.1811010000000017,0.8909680000000009,0.5097959999999979,0.30047400000000124,star
-0.19899999999999984,-0.39000000000000057,-0.11799999999999855,0.013999999999999346,wd
0.4720000000000013,-0.012000000000000455,-0.04100000000000037,-0.13100000000000023,wd
0.13200000000000145,0.23799999999999955,-0.06300000000000239,-0.11399999999999721,qso
0.19000000000000128,-0.33500000000000085,-0.22799999999999798,-0.3030000000000008,wd
0.31200000000000117,-0.272000000000002,-0.26599999999999824,-0.272000000000002,wd
1.1204470000000022,0.41535999999999973,0.1632800000000003,0.06766000000000005,star
0.0,-0.0470000000000006,0.33800000000000097,0.047999999999998266,qso
0.4349999999999987,-0.19899999999999807,-0.037000000000002586,0.48200000000000287,wd
0.8999999999999986,0.8550000000000004,1.2560000000000002,0.7910000000000004,wd
0.3689999999999998,0.21000000000000085,0.26399999999999935,0.09100000000000108,qso
0.04100000000000037,0.12899999999999778,0.15200000000000102,-0.0710000000000015,qso
0.31599999999999895,0.007999999999999119,-0.12099999999999866,0.1280000000000001,qso
0.7240000000000002,0.472999999999999,1.1129999999999995,0.809000000000001,wd
0.08900000000000219,0.2069999999999972,0.054000000000002046,-0.0070000000000014495,qso
1.1021460000000012,0.4146439999999991,0.13582500000000053,0.009610999999999592,star
0.08999999999999986,0.11799999999999855,-0.012000000000000455,0.19000000000000128,qso
1.6978930000000005,0.6664169999999991,0.27291800000000066,0.11772599999999755,star
1.484700000000002,0.503603,0.19034699999999916,0.09097000000000044,star
0.9887720000000009,0.29869799999999813,0.12056400000000167,0.024577999999998212,star
1.3294010000000007,0.4801410000000015,0.15500999999999898,0.0396219999999996,star
-0.46699999999999875,-0.48799999999999955,-0.36400000000000077,-0.3049999999999997,wd
1.2158470000000001,0.4054109999999973,0.1389370000000021,0.0539670000000001,star
0.40700000000000003,-0.21300000000000097,-0.14399999999999835,0.07199999999999918,wd
-0.10200000000000031,0.009000000000000341,0.2560000000000002,0.1509999999999998,qso
-0.08299999999999841,-0.3360000000000021,-0.232999999999997,-0.33399999999999963,wd
0.29199999999999804,0.12600000000000122,0.006000000000000227,0.0990000000000002,qso
0.5229999999999997,0.8629999999999995,0.6780000000000008,0.40700000000000003,wd
0.49799999999999756,0.04200000000000159,-0.09700000000000131,-0.05799999999999983,wd
1.8928180000000019,0.7529629999999994,0.27475899999999953,0.14466499999999982,star
0.5079999999999991,-0.12399999999999878,-0.16999999999999815,-0.005000000000002558,wd
1.6982,0.6831769999999988,0.28374200000000016,0.11460899999999974,star
0.2309999999999981,-0.1319999999999979,0.20599999999999952,0.11100000000000065,qso
1.2313560000000017,0.4833679999999987,0.16731400000000107,0.06580999999999904,star
0.20500000000000185,0.13700000000000045,0.28999999999999915,-0.013999999999999346,qso
1.4943799999999996,0.5864800000000017,0.21279499999999985,0.1310210000000005,star
0.0940000000000012,0.2289999999999992,0.07399999999999807,-0.1109999999999971,qso
1.2427849999999978,0.40432300000000154,0.15113299999999796,0.024603000000002595,star
0.2140000000000022,0.16699999999999804,0.24600000000000222,-0.06500000000000128,qso
1.0868210000000005,0.3400059999999989,0.1146160000000016,0.049730000000000274,star
0.24099999999999966,0.16799999999999926,-0.038999999999997925,-0.20300000000000296,wd
2.6034749999999995,1.190025000000002,0.44699699999999964,0.23252899999999954,star
0.2890000000000015,-0.33399999999999963,-0.2480000000000011,-0.1529999999999987,wd
0.8920890000000021,0.31256099999999876,0.12549800000000033,0.019766000000000616,star
1.1671809999999994,0.49519100000000194,0.20684900000000006,0.054847999999999786,star
0.5600000000000023,-0.10300000000000153,-0.07699999999999818,-0.06400000000000006,wd
0.19200000000000017,-0.23499999999999943,-0.2289999999999992,-0.40800000000000125,wd
0.1280000000000001,0.3299999999999983,0.23700000000000188,0.35999999999999943,qso
0.48499999999999943,0.06400000000000006,-0.0849999999999973,0.03999999999999915,wd
2.642962999999998,1.2894900000000007,0.5597630000000002,0.2399540000000009,star
0.10099999999999909,0.03400000000000247,0.15499999999999758,0.06500000000000128,qso
1.1026260000000008,0.465249,0.21009600000000006,0.07312800000000053,star
0.9877079999999996,0.25944400000000023,0.054831999999999326,0.02398900000000026,star
0.11400000000000077,-0.347999999999999,-0.2839999999999989,-0.28800000000000026,wd
0.16699999999999804,0.2560000000000002,0.06300000000000239,-0.06300000000000239,qso
0.15900000000000247,0.19699999999999918,0.17599999999999838,0.013000000000001677,qso
0.5429999999999993,-0.12199999999999989,-0.14199999999999946,-0.3099999999999987,wd
1.7030310000000028,0.6422919999999994,0.2560709999999986,0.14811900000000122,star
1.1883849999999967,0.35734000000000066,0.15415800000000246,0.05923499999999926,star
0.020000000000003126,0.29299999999999926,0.19099999999999895,-0.028999999999999915,qso
-0.15900000000000247,0.08300000000000196,0.31599999999999895,0.1960000000000015,qso
1.5067120000000003,0.6029340000000012,0.21952500000000086,0.12246999999999986,star
0.39199999999999946,-0.25400000000000134,-0.21599999999999753,-0.3949999999999996,wd
0.44700000000000273,0.2539999999999978,0.10100000000000264,0.4629999999999974,qso
0.3290000000000006,0.1529999999999987,0.10999999999999943,0.01600000000000179,qso
0.41499999999999915,0.14300000000000068,0.08699999999999974,0.3730000000000011,qso
0.4559999999999995,0.054000000000002046,-0.05700000000000216,-0.06400000000000006,wd
0.34899999999999665,0.11700000000000088,0.010999999999999233,0.0660000000000025,wd
1.1477369999999993,0.34311500000000095,0.16942599999999786,0.051643000000002104,star
0.5109999999999992,-0.0400000000000027,-0.08199999999999719,-0.11100000000000065,wd
0.9505879999999998,0.2660790000000013,0.13269100000000122,0.017568000000000694,star
0.4150000000000027,-0.2710000000000008,-0.16400000000000148,-0.2940000000000005,wd
0.3190000000000026,-0.20400000000000063,0.2510000000000012,0.14399999999999835,qso
0.13700000000000045,0.027999999999998693,-0.2010000000000005,0.09499999999999886,qso
0.19399999999999906,0.16799999999999926,0.25900000000000034,0.009000000000000341,qso
-0.4569999999999972,-0.4670000000000023,-0.3520000000000003,-0.4989999999999988,wd
0.5139999999999993,0.04400000000000048,0.2710000000000008,0.22100000000000009,qso
0.5080000000000027,-0.1509999999999998,0.14699999999999847,0.33999999999999986,wd
-0.2789999999999999,-0.4540000000000006,-0.3359999999999985,-0.2289999999999992,wd
0.36400000000000077,0.20700000000000074,0.4519999999999982,0.10500000000000043,qso
1.465446,0.569856999999999,0.2010890000000014,0.07160399999999889,star
0.3769999999999989,0.04299999999999926,-0.012000000000000455,-0.10899999999999821,wd
1.2029999999999994,0.26399999999999935,0.1269999999999989,0.08500000000000085,qso
0.16000000000000014,-0.33300000000000196,-0.2940000000000005,-0.28999999999999915,wd
0.3390000000000022,-0.20599999999999952,-0.14300000000000068,-0.2699999999999996,wd
0.19200000000000017,0.28000000000000114,0.13500000000000156,0.08999999999999986,qso
0.06799999999999784,-0.31599999999999895,-0.30600000000000094,-0.5439999999999969,wd
-0.1039999999999992,-0.4280000000000008,-0.36400000000000077,-0.4400000000000013,wd
0.41499999999999915,-0.1479999999999997,0.00999999999999801,-0.019999999999999574,wd
-0.14199999999999946,0.04999999999999716,0.3200000000000003,0.005000000000002558,qso
0.5390000000000015,-0.2259999999999991,-0.19500000000000028,-0.3990000000000009,wd
0.28999999999999915,-0.2729999999999997,-0.25,-0.2530000000000001,wd
0.8624469999999995,0.31861900000000176,0.12005399999999966,0.03757999999999839,star
1.0679539999999985,0.40115300000000076,0.1626909999999988,0.03126300000000093,star
0.4480000000000004,-0.23100000000000165,-0.19299999999999784,-0.3460000000000001,wd
0.1490000000000009,0.18700000000000117,-0.08900000000000219,0.10600000000000165,qso
0.41699999999999804,-0.2569999999999979,-0.017000000000003013,-0.29100000000000037,wd
0.4209999999999994,-0.20700000000000074,-0.26500000000000057,0.08999999999999986,wd
1.0597650000000023,0.3501510000000003,0.16161299999999912,0.060874999999999346,star
-0.4059999999999988,-0.5110000000000028,-0.34299999999999997,-0.38599999999999923,wd
0.6849999999999987,0.7020000000000017,0.23799999999999955,0.14399999999999835,qso
0.04399999999999693,-0.04199999999999804,0.31099999999999994,0.26399999999999935,qso
1.0292659999999998,0.1601479999999995,0.001900000000000901,-0.03529600000000066,star
2.0963649999999987,0.7625330000000012,0.33278299999999916,0.123977,star
0.6149999999999984,0.08699999999999974,-0.07499999999999929,0.5210000000000008,qso
0.4800000000000004,0.4579999999999984,0.13599999999999923,0.23600000000000065,qso
0.5500000000000007,0.1529999999999987,0.045999999999999375,-0.02499999999999858,wd
0.2049999999999983,-0.18900000000000006,-0.16499999999999915,-0.06899999999999906,wd
0.44399999999999906,-0.05099999999999838,0.012000000000000455,0.23600000000000065,qso
0.30600000000000094,0.23999999999999844,0.20500000000000185,0.06499999999999773,qso
0.4259999999999984,0.03999999999999915,0.18599999999999994,-0.08899999999999864,qso
0.06499999999999773,0.07700000000000173,0.07399999999999807,0.21100000000000207,qso
0.1750000000000007,0.038999999999997925,0.08699999999999974,0.0519999999999996,qso
2.463190000000001,0.9234409999999968,0.395779000000001,0.16244700000000023,star
0.24099999999999966,0.08699999999999974,0.2129999999999974,0.060000000000002274,qso
0.4759999999999991,0.0940000000000012,-0.0070000000000014495,-0.038000000000000256,wd
-0.045999999999999375,0.2259999999999991,0.013999999999999346,0.22100000000000009,qso
-0.021000000000000796,-0.41300000000000026,0.17600000000000193,0.27099999999999724,wd
0.559000000000001,-0.2980000000000018,-0.17299999999999827,-0.15200000000000102,wd
1.2370399999999968,0.12375800000000226,0.027522999999998632,0.027868000000001558,star
0.3329999999999984,0.036999999999999034,-0.01799999999999713,0.09499999999999886,qso
2.5875130000000013,1.3829630000000002,0.8544919999999987,0.390543000000001,star
1.734145999999999,0.6873500000000021,0.2508879999999998,0.1225839999999998,star
1.0782409999999985,0.35210599999999914,0.13791100000000256,0.046441999999998984,star
2.308332,0.9347959999999986,0.6247129999999999,-0.13095399999999913,star
1.3030280000000012,0.5456679999999992,0.21371399999999952,0.07271200000000277,star
2.5937780000000004,1.301279000000001,0.5865939999999981,0.3429910000000014,star
-0.08800000000000097,0.39000000000000057,0.01600000000000179,0.05999999999999872,qso
-0.05699999999999861,-0.14800000000000324,0.5090000000000003,0.615000000000002,wd
0.3760000000000012,0.0470000000000006,0.31200000000000117,0.19599999999999795,qso
0.4269999999999996,-0.021000000000000796,-0.08299999999999841,-0.18900000000000006,wd
0.3210000000000015,0.254999999999999,0.0470000000000006,0.23199999999999932,qso
-0.010000000000001563,0.09500000000000242,0.4299999999999997,-0.15700000000000003,qso
0.4430000000000014,-0.08000000000000185,-0.20400000000000063,-0.3149999999999977,wd
0.6289999999999978,0.26000000000000156,-0.0070000000000014495,-0.07499999999999929,wd
2.4688529999999993,1.1086240000000007,0.4069470000000006,0.2364139999999999,star
0.43299999999999983,0.027999999999998693,0.07600000000000051,-0.28200000000000003,wd
0.31299999999999883,-0.26099999999999923,-0.2530000000000001,-0.24899999999999878,wd
0.27199999999999847,0.2410000000000032,0.16599999999999682,0.008000000000002672,qso
1.158767000000001,0.3930480000000003,0.14920199999999895,-0.0005429999999986279,star
0.40500000000000114,-0.1609999999999978,-0.14000000000000057,0.08099999999999952,wd
1.7420979999999986,0.25243900000000075,0.12496699999999983,0.14220700000000086,star
0.2740000000000009,-0.25900000000000034,-0.26699999999999946,-0.23300000000000054,wd
2.558098000000001,1.2195699999999974,0.453908000000002,0.27386599999999994,star
0.08500000000000085,0.23999999999999844,0.10300000000000153,0.01699999999999946,qso
0.5050000000000026,-0.13000000000000256,-0.22799999999999798,0.2839999999999989,wd
0.3979999999999997,-0.28500000000000014,-0.18799999999999883,0.06599999999999895,wd
0.10900000000000176,-0.32700000000000173,-0.2970000000000006,-0.3879999999999981,wd
0.39699999999999847,0.1720000000000006,-0.004999999999999005,0.06899999999999906,wd
0.29100000000000037,-0.16699999999999804,-0.08399999999999963,-0.35400000000000276,wd
2.2020170000000014,0.8601699999999965,0.31185300000000105,0.15730900000000148,star
0.07699999999999818,0.3240000000000016,-0.004000000000001336,-0.13100000000000023,qso
0.16300000000000026,-0.24099999999999966,-0.3009999999999984,-0.3309999999999995,wd
0.13599999999999923,0.038999999999997925,0.25700000000000145,0.06299999999999883,qso
0.4239999999999995,-0.027000000000001023,0.6060000000000016,0.5509999999999984,wd
0.861896999999999,0.17797600000000102,0.19072399999999945,-0.039761000000002156,star
0.43799999999999883,-0.007999999999999119,-0.022999999999999687,-0.13700000000000045,wd
1.831589000000001,0.6893570000000011,0.22716599999999687,-0.044740999999998365,star
0.379999999999999,-0.1750000000000007,-0.13700000000000045,-0.2519999999999989,wd
0.5090000000000003,0.2129999999999974,0.03300000000000125,-0.06700000000000017,wd
1.5253130000000006,0.7148359999999983,0.2436650000000018,0.12050099999999908,star
0.2789999999999999,-0.23300000000000054,-0.19200000000000017,-0.4599999999999973,wd
1.1286360000000002,0.5113219999999998,0.1879419999999996,0.14751500000000206,star
2.321484999999999,1.058060000000001,0.41700299999999757,0.17286100000000104,star
1.577656000000001,0.5925939999999983,0.24675000000000225,0.11497699999999966,star
-0.0470000000000006,-0.3420000000000005,-0.3049999999999997,-0.3000000000000007,wd
0.13200000000000145,0.28999999999999915,0.3249999999999993,0.1739999999999995,qso
0.18400000000000105,0.0849999999999973,0.09000000000000341,0.2099999999999973,qso
0.3299999999999983,0.07700000000000173,0.2779999999999987,-0.08699999999999974,qso
0.2729999999999997,0.04100000000000037,-0.030000000000001137,0.06500000000000128,qso
0.019999999999999574,-0.34999999999999787,-0.30700000000000216,-0.24199999999999733,wd
0.023999999999997357,0.14000000000000057,-0.021999999999998465,0.06899999999999906,qso
0.26899999999999835,-0.2519999999999989,-0.2240000000000002,-0.25900000000000034,wd
1.953913,0.8383059999999993,0.2307049999999986,0.16086000000000134,star
0.20599999999999952,0.06400000000000006,0.21600000000000108,0.11899999999999977,qso
-0.18200000000000216,-0.34299999999999997,-0.2530000000000001,-0.24200000000000088,wd
1.3766459999999974,0.4646000000000008,0.1426790000000011,0.08157999999999888,star
-0.0259999999999998,-0.3150000000000013,-0.32399999999999807,-0.08999999999999986,wd
1.8307849999999988,0.713889,0.235163,0.08492799999999967,star
0.28800000000000026,0.3299999999999983,0.1769999999999996,0.11899999999999977,qso
2.434818,1.062531,0.4071490000000022,0.19348899999999958,star
1.6005020000000023,0.6517889999999973,0.2286590000000004,0.1278870000000012,star
0.1930000000000014,-0.0020000000000024443,0.18200000000000216,0.030999999999998806,qso
0.9403000000000006,0.19939099999999854,0.06899100000000047,0.052406000000001285,star
0.08699999999999974,-0.3680000000000021,-0.21399999999999864,-0.21600000000000108,wd
-0.07200000000000273,0.23499999999999943,0.03100000000000236,-0.09100000000000108,qso
0.0470000000000006,0.24900000000000233,0.012999999999998124,-0.19000000000000128,qso
-0.0070000000000014495,0.27300000000000324,-0.04800000000000182,0.1960000000000015,qso
0.8432059999999986,0.25285000000000224,0.08965099999999993,0.00829299999999833,star
1.155465999999997,0.5492440000000016,0.22137700000000038,0.12359400000000065,star
1.298567000000002,0.47715599999999725,0.16531600000000068,0.08244700000000194,star
0.28100000000000236,-0.004000000000001336,0.12099999999999866,0.10100000000000264,qso
0.4190000000000005,-0.027999999999998693,-0.06900000000000261,0.08699999999999974,wd
0.41999999999999815,-0.24899999999999878,-0.20500000000000185,-0.31899999999999906,wd
2.537523,1.101077,0.43742699999999957,0.2760449999999999,star
0.12899999999999778,0.08300000000000196,-0.125,0.03200000000000003,qso
0.9180339999999987,0.2801759999999991,0.09240100000000062,0.02602700000000091,star
0.4079999999999977,-0.21300000000000097,-0.16399999999999793,-0.30400000000000205,wd
0.3490000000000002,-0.2579999999999991,-0.24399999999999977,-0.08800000000000097,wd
1.0812719999999985,0.40247100000000025,0.1388360000000013,0.05220499999999895,star
0.42299999999999827,-0.06800000000000139,-0.08999999999999986,-0.16899999999999693,wd
1.7492909999999995,0.6359120000000011,0.21704799999999835,0.12451199999999929,star
0.2959999999999994,-0.0030000000000001137,-0.10099999999999909,-0.120000000000001,wd
-0.3019999999999996,-0.3780000000000001,-0.3569999999999993,-0.24600000000000222,wd
1.7096139999999984,0.6080630000000014,0.12525300000000072,0.10542699999999883,star
0.3550000000000004,-0.11100000000000065,-0.10699999999999932,-0.18200000000000216,wd
-0.1620000000000026,-0.41000000000000014,-0.22100000000000009,-0.21699999999999875,wd
1.8871760000000002,0.7524930000000012,0.29387900000000045,0.08501199999999898,star
-0.1059999999999981,-0.036999999999999034,0.21599999999999753,0.05100000000000193,qso
0.1490000000000009,0.4839999999999982,-0.05299999999999727,0.11899999999999977,qso
0.2959999999999994,0.021000000000000796,-0.012000000000000455,0.15199999999999747,wd
0.08999999999999986,-0.21799999999999997,-0.3290000000000006,-0.38899999999999935,wd
0.1509999999999998,-0.21099999999999852,-0.22800000000000153,-0.4789999999999992,wd
0.22499999999999787,-0.013999999999999346,0.30600000000000094,0.06500000000000128,qso
0.08000000000000185,0.09499999999999886,0.038000000000000256,-0.10999999999999943,qso
0.14699999999999847,-0.06599999999999895,-0.11700000000000088,-0.21099999999999852,wd
-0.0990000000000002,-0.19299999999999784,-0.17600000000000193,-0.19899999999999807,wd
-0.31700000000000017,-0.4889999999999972,-0.33300000000000196,-0.29299999999999926,wd
0.3460000000000001,-0.17999999999999972,-0.20599999999999952,-0.4150000000000027,wd
0.4089999999999989,-0.2069999999999972,-0.21300000000000097,-0.1980000000000004,wd
0.46799999999999997,0.1280000000000001,0.09299999999999997,-0.1769999999999996,wd
0.019000000000001904,0.3249999999999993,0.11100000000000065,-0.015000000000000568,qso
0.08000000000000185,-0.03200000000000003,0.20199999999999818,0.1180000000000021,qso
2.385390000000001,1.1560239999999986,0.39082800000000084,0.16504599999999847,star
0.472999999999999,0.11400000000000077,0.20700000000000074,0.24099999999999966,qso
0.4190000000000005,-0.13899999999999935,-0.20000000000000284,-0.14399999999999835,wd
0.2660000000000018,0.16499999999999915,0.16799999999999926,0.02400000000000091,qso
0.1319999999999979,0.21799999999999997,-0.05000000000000071,-0.08299999999999841,qso
0.13400000000000034,0.15200000000000102,0.21799999999999997,0.010000000000001563,qso
1.2361310000000003,0.45181699999999836,0.12139100000000269,0.04765899999999945,star
1.0512200000000007,0.31419599999999903,0.1152380000000015,0.04253800000000041,star
1.9754259999999988,0.7105940000000004,0.24854400000000076,0.10810099999999956,star
1.3355810000000012,0.46145199999999775,0.15601500000000001,0.08075400000000243,star
0.129999999999999,-0.3049999999999997,-0.32099999999999795,-0.26500000000000057,wd
1.832763,0.676399,0.314076,0.1653400000000005,star
0.16900000000000048,-0.012000000000000455,0.18200000000000216,0.19299999999999784,qso
1.343667,0.478237,0.19455699999999965,0.08788499999999999,star
1.327703999999997,0.5451590000000017,0.1816759999999995,0.08954899999999988,star
0.4029999999999987,-0.26599999999999824,-0.22600000000000264,-0.2789999999999999,wd
0.4259999999999984,0.0519999999999996,-0.00999999999999801,-0.06500000000000128,wd
0.46199999999999974,0.3279999999999994,0.9289999999999985,0.7570000000000014,wd
2.0170589999999997,0.8345780000000005,0.28127600000000186,0.17200099999999807,star
0.35999999999999943,0.7469999999999999,0.35800000000000054,-0.5360000000000014,qso
2.3416880000000013,1.3153530000000018,0.7074779999999983,0.3883910000000004,star
2.480943,1.1887149999999984,0.49848600000000154,0.2703349999999993,star
0.3960000000000008,0.010999999999999233,0.19699999999999918,0.06400000000000006,qso
1.9573920000000022,0.7195590000000003,0.24448699999999945,0.11362499999999898,star
2.604679000000001,1.2092189999999974,0.5060640000000021,0.276548,star
0.5199999999999996,0.4140000000000015,0.2190000000000012,0.0589999999999975,qso
2.461659000000001,1.1242289999999997,0.5699599999999982,0.3137610000000013,star
1.6385949999999987,0.6200359999999989,0.2062960000000018,0.08929299999999785,star
0.15000000000000213,0.07900000000000063,0.055999999999997385,0.2510000000000012,qso
1.489096,0.5217570000000009,0.15674199999999772,0.08318700000000234,star
2.7560269999999996,1.2703230000000012,0.551247,0.3399339999999995,star
0.3739999999999988,0.22299999999999898,0.17600000000000193,0.1930000000000014,qso
0.28500000000000014,0.17099999999999937,0.09700000000000131,0.31700000000000017,qso
0.04899999999999949,-0.028999999999999915,0.5470000000000006,0.5850000000000009,wd
0.240000000000002,0.19399999999999906,0.14699999999999847,0.015000000000000568,qso
1.418692,0.5937479999999979,0.2533530000000006,0.033652000000000015,star
0.3509999999999991,0.28500000000000014,0.030999999999998806,-0.09699999999999775,qso
0.12100000000000222,0.20899999999999963,0.12099999999999866,0.16300000000000026,qso
0.07900000000000063,0.25700000000000145,-0.12400000000000233,-0.09699999999999775,qso
0.1720000000000006,0.05099999999999838,0.2270000000000003,0.3290000000000006,qso
1.1878480000000007,0.4549889999999994,0.16728400000000043,0.027789999999999537,star
1.9869629999999994,0.785933,0.3257650000000005,0.1433150000000012,star
0.4989999999999988,-0.06599999999999895,-0.013000000000001677,-0.1819999999999986,wd
0.3490000000000002,-0.027000000000001023,0.21399999999999864,-0.046999999999997044,qso
0.713000000000001,0.6320000000000014,0.3289999999999971,0.30100000000000193,qso
0.01699999999999946,0.4969999999999999,0.03300000000000125,0.17999999999999972,qso
1.4967020000000026,0.46960799999999736,0.17736299999999972,0.034954000000002594,star
0.5150000000000006,-0.17099999999999937,-0.13299999999999912,-0.037000000000002586,wd
0.44499999999999673,0.11700000000000088,0.3780000000000001,-0.22100000000000009,qso
0.2029999999999994,0.0990000000000002,0.10300000000000153,0.0470000000000006,qso
1.1199000000000012,0.45949699999999893,0.1487090000000002,0.029880000000002127,star
1.0521809999999974,0.3916530000000016,0.09983400000000131,0.039314999999998435,star
0.0519999999999996,-0.26699999999999946,-0.21699999999999875,-0.15700000000000003,wd
0.31599999999999895,0.03399999999999892,0.1980000000000004,0.42600000000000193,qso
0.31799999999999784,-0.17999999999999972,-0.17299999999999827,-0.13300000000000267,wd
0.4369999999999976,-0.06400000000000006,-0.134999999999998,-0.2740000000000009,wd
1.0276150000000008,0.3285600000000013,0.12162699999999838,0.0018790000000006302,star
0.9346309999999995,0.3173239999999993,0.10051200000000193,0.022019999999997708,star
1.2995,0.5256760000000007,0.14181899999999992,0.04442099999999982,star
1.7436140000000009,0.6504729999999981,0.24701600000000212,0.18008499999999827,star
0.09100000000000108,0.19699999999999918,-0.10999999999999943,-0.07000000000000028,qso
0.06800000000000139,0.22100000000000009,-0.05000000000000071,-0.13899999999999935,qso
0.8365149999999986,0.26584800000000186,0.09291499999999964,0.021212999999999482,star
0.3589999999999982,0.713000000000001,0.6050000000000004,0.39099999999999824,wd
-0.015999999999998238,-0.254999999999999,-0.26699999999999946,-0.3130000000000024,wd
0.3200000000000003,0.023999999999997357,-0.18299999999999983,0.35100000000000264,qso
-0.20899999999999963,-0.06700000000000017,0.3000000000000007,-0.06500000000000128,qso
0.2099999999999973,0.10700000000000287,0.07299999999999685,0.2970000000000006,qso
0.2690000000000019,0.2740000000000009,0.09699999999999775,0.012000000000000455,qso
0.37400000000000233,0.06799999999999784,-0.012000000000000455,0.017000000000003013,wd
0.35700000000000287,0.05999999999999872,0.03999999999999915,0.07700000000000173,qso
1.1521469999999994,0.39810199999999796,0.13823700000000017,0.033518000000000825,star
1.269476000000001,0.4757010000000008,0.12556999999999974,0.11396599999999779,star
0.11100000000000065,-0.3760000000000012,-0.3150000000000013,-0.10999999999999943,wd
0.0519999999999996,-0.24200000000000088,-0.14199999999999946,-0.2010000000000005,wd
1.2144489999999983,0.4670830000000006,0.11700199999999938,0.07925499999999985,star
0.21099999999999852,0.1880000000000024,0.15899999999999892,0.16199999999999903,qso
0.4800000000000004,0.0070000000000014495,-0.09700000000000131,0.3440000000000012,qso
0.18299999999999983,-0.31299999999999883,-0.38700000000000045,-0.06400000000000006,wd
1.1742440000000016,0.46560899999999883,0.21609999999999907,0.04127599999999987,star
0.24599999999999866,0.0920000000000023,0.07600000000000051,-0.04200000000000159,qso
0.514999999999997,-0.07099999999999795,0.03500000000000014,-0.09299999999999997,qso
0.16300000000000026,-0.2579999999999991,-0.21099999999999852,-0.2560000000000002,wd
0.9371229999999997,0.2595479999999988,0.08311100000000238,0.046317999999999415,star
1.0460989999999981,0.37870000000000203,0.11744299999999974,0.011348999999999165,star
0.33399999999999963,-0.2259999999999991,0.012000000000000455,0.43400000000000105,wd
1.4807970000000026,0.5542239999999978,0.1932760000000009,0.1218799999999991,star
-0.06899999999999906,-0.3730000000000011,-0.3069999999999986,-0.23100000000000165,wd
-0.15500000000000114,-0.3619999999999983,-0.05799999999999983,0.1319999999999979,wd
0.19400000000000261,-0.2789999999999999,-0.27500000000000213,-0.14199999999999946,wd
0.3360000000000021,-0.25,-0.1490000000000009,-0.1460000000000008,wd
0.4269999999999996,-0.01600000000000179,-0.08599999999999852,-0.18599999999999994,wd
0.4989999999999988,0.15000000000000213,-0.010000000000001563,-0.1509999999999998,wd
0.46000000000000085,0.030000000000001137,0.10500000000000043,-0.13700000000000045,qso
2.4934660000000015,1.1600089999999987,0.40111700000000283,0.2139099999999985,star
-0.010999999999999233,-0.18700000000000117,0.2980000000000018,0.08999999999999986,qso
0.2970000000000006,-0.036999999999999034,0.3689999999999998,0.7029999999999994,wd
0.1720000000000006,0.23600000000000065,-0.009000000000000341,0.13100000000000023,qso
0.3219999999999992,0.22600000000000264,0.19099999999999895,-0.038000000000000256,qso
0.38200000000000145,-0.2740000000000009,-0.18299999999999983,-0.18500000000000227,wd
1.0093330000000016,0.41809999999999903,0.15326400000000007,0.08904199999999918,star
2.0720600000000005,0.928877,0.32201599999999786,0.17077100000000023,star
0.2629999999999981,0.2660000000000018,0.22999999999999687,0.1130000000000031,qso
0.40700000000000003,0.16199999999999903,-0.36100000000000065,-0.27099999999999724,wd
0.5850000000000009,0.4269999999999996,-0.08200000000000074,0.17600000000000193,qso
-0.02499999999999858,-0.02500000000000213,0.1999999999999993,0.2890000000000015,qso
1.4649430000000017,0.5670779999999986,0.22970700000000122,0.08860400000000013,star
0.07099999999999795,-0.14300000000000068,0.1930000000000014,0.3200000000000003,wd
-0.027000000000001023,0.46300000000000097,0.10899999999999821,0.05799999999999983,qso
0.18500000000000227,0.25099999999999767,-0.08599999999999852,-0.036999999999999034,qso
-0.011000000000002785,0.5430000000000028,0.09799999999999898,0.027000000000001023,qso
1.1499179999999996,0.42552900000000093,0.13369199999999992,0.08436199999999872,star
0.2240000000000002,-0.11599999999999966,-0.11700000000000088,-0.06400000000000006,wd
1.2422329999999988,0.3735740000000014,0.14639299999999977,0.05720299999999767,star
0.4039999999999999,0.5649999999999977,0.08800000000000097,0.03300000000000125,qso
1.4358669999999982,0.41065100000000143,0.18239799999999917,0.03688800000000114,star
2.5122220000000013,1.4642149999999994,0.7647960000000005,0.37129800000000124,star
2.138038999999999,0.9824659999999987,0.3935070000000014,0.20688499999999976,star
0.3999999999999986,-0.03500000000000014,-0.01699999999999946,0.21099999999999852,qso
0.957611,0.24537100000000223,0.00740599999999958,-0.009060000000001622,star
0.15200000000000102,-0.245000000000001,-0.23700000000000188,-0.3309999999999995,wd
0.44099999999999895,-0.00999999999999801,-0.015000000000000568,-0.24600000000000222,wd
2.365529000000002,1.002409,0.3888280000000002,0.25805099999999825,star
0.929433999999997,0.32555400000000034,0.10413100000000242,0.0010209999999979402,star
0.4090000000000025,-0.27600000000000335,-0.2530000000000001,0.07400000000000162,wd
0.045999999999999375,0.2729999999999997,0.11299999999999955,0.3810000000000002,qso
0.42299999999999827,0.14700000000000202,0.254999999999999,0.08800000000000097,qso
0.09600000000000009,-0.34299999999999997,-0.3210000000000015,-0.4029999999999987,wd
0.3829999999999991,0.10800000000000054,-0.019999999999999574,-0.11499999999999844,wd
1.4706150000000022,0.5228229999999989,0.21838599999999886,0.09525700000000015,star
-0.045999999999999375,0.0519999999999996,0.11899999999999977,0.18400000000000105,qso
2.5562129999999996,1.1674990000000012,0.47600000000000087,0.23478699999999897,star
1.0121059999999993,0.21969100000000097,0.11361499999999936,-0.07627700000000104,star
0.06700000000000017,0.18999999999999773,-0.14299999999999713,0.08599999999999852,qso
1.586276999999999,0.6317659999999989,0.20870200000000239,0.1206739999999975,star
1.632401999999999,0.6702449999999978,0.3235910000000004,0.12988299999999953,star
0.4380000000000024,0.07699999999999818,0.0030000000000001137,-0.12099999999999866,wd
0.16000000000000014,0.03599999999999781,0.6490000000000009,0.6449999999999996,wd
0.3569999999999993,0.0920000000000023,-0.037000000000002586,0.26699999999999946,qso
1.196007999999999,0.4753740000000022,0.1732789999999973,0.019102000000000174,star
0.29299999999999926,-0.14499999999999957,0.09600000000000009,-0.08500000000000085,qso
0.10600000000000165,0.4259999999999984,0.0660000000000025,-0.12700000000000244,qso
-0.08599999999999852,0.08200000000000074,-0.08999999999999986,-0.1739999999999995,qso
1.132394999999999,0.36450900000000175,0.12178499999999914,0.05244099999999996,star
0.4239999999999995,0.09499999999999886,-0.01899999999999835,-0.05600000000000094,wd
1.0298659999999984,0.36137000000000086,0.10511999999999944,0.07966400000000107,star
0.12099999999999866,0.12600000000000122,0.29999999999999716,0.08900000000000219,qso
2.0622030000000002,0.798335999999999,0.4355879999999992,0.17247400000000113,star
0.3979999999999997,0.004999999999999005,-0.06799999999999784,-0.18599999999999994,wd
1.3477150000000009,0.4922789999999999,0.22198200000000057,0.10008399999999895,star
0.1609999999999978,0.1180000000000021,-0.004000000000001336,0.1720000000000006,qso
0.10300000000000153,0.2029999999999994,0.26200000000000045,0.07000000000000028,qso
0.3760000000000012,0.04800000000000182,0.29799999999999827,-0.030999999999998806,qso
0.42900000000000205,0.027000000000001023,-0.0710000000000015,-0.12099999999999866,wd
0.34999999999999787,0.01600000000000179,0.26200000000000045,0.0990000000000002,qso
0.08200000000000074,0.05799999999999983,0.19699999999999918,0.037000000000002586,qso
0.2049999999999983,0.05000000000000071,-0.1509999999999998,0.4529999999999994,qso
1.2360040000000012,-0.09062600000000032,-0.08212300000000283,-0.0487519999999968,star
1.5965500000000006,0.6762229999999985,0.2981100000000012,0.1651290000000003,star
2.408577000000001,1.1891929999999995,0.46352100000000007,0.1520500000000009,star
1.0934519999999992,0.38476599999999905,0.13323000000000107,0.03626699999999872,star
-0.15399999999999991,-0.2699999999999996,-0.1980000000000004,-0.1750000000000007,wd
-0.022000000000002018,-0.045999999999999375,0.34499999999999886,0.10300000000000153,qso
0.9751639999999995,0.28438600000000136,0.10240699999999947,-0.010117000000001042,star
0.31400000000000006,0.03599999999999781,0.06500000000000128,0.12199999999999989,qso
1.3018840000000012,0.4854909999999997,0.15632799999999847,0.08430099999999996,star
0.2339999999999982,0.3470000000000013,0.0009999999999976694,-0.16300000000000026,qso
0.1620000000000026,-0.10000000000000142,0.07900000000000063,0.3030000000000008,qso
0.490000000000002,0.04099999999999682,-0.003999999999997783,-0.14199999999999946,wd
1.1970769999999966,0.4520090000000003,0.15967200000000048,0.04658799999999985,star
0.4819999999999993,0.34999999999999787,0.15200000000000102,0.18900000000000006,qso
0.41999999999999815,-0.10800000000000054,-0.1609999999999978,-0.1750000000000007,wd
0.13000000000000256,-0.04800000000000182,-0.1720000000000006,-0.23600000000000065,wd
-0.062000000000001165,-0.4109999999999978,-0.35900000000000176,-0.26399999999999935,wd
0.48300000000000054,-0.06700000000000017,0.3269999999999982,0.5289999999999999,wd
0.5609999999999999,0.24799999999999756,0.11200000000000188,-0.037000000000002586,wd
1.3143920000000016,0.5410420000000009,0.13023899999999955,0.06659399999999849,star
0.25900000000000034,0.11899999999999977,0.24600000000000222,0.04100000000000037,qso
0.47499999999999787,0.554000000000002,0.2270000000000003,-0.05000000000000071,qso
0.365000000000002,0.05699999999999861,0.16100000000000136,-0.10000000000000142,qso
0.055999999999997385,-0.3059999999999974,-0.21499999999999986,-0.2870000000000026,wd
0.45500000000000185,-0.08000000000000185,-0.1509999999999998,-0.49199999999999733,wd
0.240000000000002,-0.2970000000000006,-0.26699999999999946,-0.40700000000000003,wd
0.012999999999998124,-0.3039999999999985,-0.254999999999999,-0.44399999999999906,wd
0.41699999999999804,0.19400000000000261,-0.07200000000000273,0.11700000000000088,qso
0.1059999999999981,0.5060000000000002,0.04800000000000182,0.1059999999999981,qso
2.0422100000000007,0.906803,0.2996920000000003,0.1799389999999974,star
0.0400000000000027,0.17999999999999972,-0.08999999999999986,-0.10100000000000264,qso
1.1293279999999974,0.39664100000000246,0.15457299999999918,0.06340699999999977,star
0.3289999999999971,-0.05999999999999872,-0.08099999999999952,-0.19000000000000128,wd
0.10000000000000142,0.15700000000000003,-0.04299999999999926,0.36400000000000077,qso
0.6590000000000025,0.5069999999999979,0.43400000000000105,0.08999999999999986,qso
0.4800000000000004,0.1739999999999995,0.11400000000000077,0.20899999999999963,qso
0.477999999999998,0.15800000000000125,0.3619999999999983,0.1670000000000016,qso
1.1164379999999987,0.43921999999999883,0.1408680000000011,0.07743999999999929,star
0.1509999999999998,0.21599999999999753,0.08699999999999974,0.22100000000000009,qso
0.8964210000000001,0.30030299999999954,0.1068669999999976,-0.02654099999999815,star
0.3880000000000017,0.1789999999999985,0.2710000000000008,-0.05999999999999872,qso
0.9277910000000027,0.3364239999999974,0.12132899999999935,0.03344500000000039,star
0.9206719999999997,0.2990530000000007,0.14545800000000142,0.10209299999999999,star
1.4463389999999983,0.5278530000000003,0.16925299999999943,0.06798400000000093,star
2.1640070000000016,0.8748529999999981,0.30713600000000163,0.16212100000000085,star
0.22299999999999898,-0.2629999999999981,-0.3940000000000019,0.129999999999999,wd
0.16100000000000136,0.32399999999999807,0.022000000000002018,0.5139999999999993,qso
1.070651999999999,0.41291999999999973,0.16206400000000087,0.0728989999999996,star
0.36400000000000077,0.13299999999999912,-0.0470000000000006,-0.053999999999998494,wd
0.33800000000000097,-0.35700000000000287,-0.2099999999999973,-0.2710000000000008,wd
0.19400000000000261,-0.31400000000000006,-0.24200000000000088,0.047999999999998266,wd
1.708444,0.7207279999999976,0.25848200000000077,0.08344900000000166,star
1.6478820000000027,0.5898900000000005,0.24234399999999923,0.056722000000000605,star
1.3124849999999988,0.519737000000001,0.2310180000000006,0.09837500000000077,star
0.04100000000000037,-0.392000000000003,-0.29499999999999815,-0.34199999999999875,wd
1.5008250000000025,0.5484699999999982,0.2395530000000008,0.11087799999999959,star
0.9939999999999998,0.7240000000000002,0.19599999999999795,0.48400000000000176,qso
0.2220000000000013,0.09099999999999753,0.0660000000000025,0.1819999999999986,qso
1.266838,-0.028106000000001075,-0.07318599999999975,-0.043690999999999036,star
0.1980000000000004,0.2029999999999994,-0.07900000000000063,0.07600000000000051,qso
0.3789999999999978,-0.22100000000000009,-0.15899999999999892,-0.3200000000000003,wd
1.2410569999999979,0.4814380000000007,0.13916900000000076,0.05356300000000047,star
1.833711000000001,0.7215980000000002,0.26536199999999965,0.13606599999999958,star
0.2940000000000005,0.047999999999998266,0.15700000000000003,0.03200000000000003,qso
0.4809999999999981,-0.16000000000000014,-0.2359999999999971,-0.1280000000000001,wd
1.029246999999998,0.3215160000000026,0.15061999999999998,0.03963199999999745,star
1.0889999999999986,1.0670000000000002,0.6319999999999979,0.2930000000000028,qso
0.29799999999999827,-0.23000000000000043,-0.2270000000000003,-0.13799999999999812,wd
0.04800000000000182,0.2029999999999994,-0.012000000000000455,-0.13599999999999923,qso
-0.0259999999999998,-0.2220000000000013,-0.1839999999999975,-0.2530000000000001,wd
0.1460000000000008,-0.3620000000000019,-0.26099999999999923,-0.2970000000000006,wd
0.07199999999999918,0.06099999999999994,0.11299999999999955,0.13500000000000156,qso
-0.11899999999999977,0.384999999999998,0.05100000000000193,-0.022999999999999687,qso
2.0010239999999975,0.7628770000000031,0.28815799999999925,0.13202700000000078,star
1.769361,0.6998619999999995,0.254370999999999,0.10925700000000305,star
2.276892,0.9263800000000018,0.43880499999999856,0.2510930000000009,star
0.3069999999999986,-0.05699999999999861,0.09999999999999787,-0.0259999999999998,qso
0.134999999999998,0.06500000000000128,-0.13299999999999912,-0.010000000000001563,qso
1.6481570000000012,0.6086209999999994,0.23894600000000032,0.11725500000000011,star
0.45800000000000196,0.0730000000000004,-0.03500000000000014,-0.06899999999999906,wd
2.133661,0.8106380000000009,0.3130980000000001,0.13601199999999913,star
1.8952600000000004,0.6348449999999985,0.2480399999999996,0.11672500000000241,star
-0.18499999999999872,-0.13100000000000023,0.3730000000000011,0.26599999999999824,qso
0.4269999999999996,-0.038999999999997925,-0.06700000000000017,-0.13200000000000145,wd
0.9479810000000022,0.24705900000000014,0.060050999999997856,0.0026910000000022194,star
0.12099999999999866,0.027000000000001023,0.23199999999999932,0.08800000000000097,qso
0.14700000000000202,0.019999999999999574,0.07399999999999807,0.15300000000000225,qso
0.34499999999999886,0.3210000000000015,0.09199999999999875,0.03500000000000014,qso
1.2445030000000017,0.3735009999999992,0.14109400000000072,0.034573999999999216,star
0.16300000000000026,-0.3299999999999983,-0.23100000000000165,-0.3299999999999983,wd
0.20599999999999952,-0.06700000000000017,0.11100000000000065,0.020999999999997243,qso
0.015000000000000568,0.3230000000000004,0.028999999999999915,-0.012999999999998124,qso
0.31700000000000017,0.07399999999999807,-0.08500000000000085,0.043000000000002814,qso
-0.00999999999999801,0.3049999999999997,-0.03100000000000236,-0.04299999999999926,qso
2.1890329999999985,0.8798110000000019,0.34523699999999913,0.08617700000000106,star
0.3810000000000002,0.062000000000001165,0.09099999999999753,0.20899999999999963,qso
0.583000000000002,0.16000000000000014,0.09600000000000009,-0.0710000000000015,wd
0.021999999999998465,0.022999999999999687,0.09199999999999875,0.20300000000000296,qso
0.24600000000000222,0.13100000000000023,0.24599999999999866,0.004000000000001336,qso
0.5130000000000017,0.0779999999999994,0.015000000000000568,0.12399999999999878,qso
0.017000000000003013,-0.10600000000000165,-0.18900000000000006,-0.26399999999999935,wd
1.7057189999999984,0.6938919999999982,0.16242599999999996,0.1902120000000025,star
1.2890359999999994,0.427757999999999,0.1654440000000008,0.06066399999999916,star
0.2289999999999992,0.5010000000000012,0.20199999999999818,0.0779999999999994,qso
0.125,-0.012999999999998124,0.32399999999999807,0.03399999999999892,qso
-0.25,-0.4400000000000013,-0.3000000000000007,-0.13100000000000023,wd
1.0066489999999995,0.3372250000000001,0.12988400000000055,-0.003271000000001578,star
-0.29999999999999716,-0.4960000000000022,-0.34199999999999875,-0.3260000000000005,wd
1.252281,0.41900400000000104,0.16366000000000014,0.029558000000001527,star
0.38500000000000156,0.05600000000000094,-0.06400000000000006,-0.24399999999999977,wd
2.3641550000000002,0.9909450000000017,0.3776649999999986,0.143675,star
0.48799999999999955,-0.19400000000000261,-0.21499999999999986,-0.3299999999999983,wd
0.0849999999999973,0.21499999999999986,0.10000000000000142,-0.06400000000000006,qso
0.6920000000000002,0.370000000000001,0.31099999999999994,0.020999999999997243,qso
2.631744000000001,1.220282000000001,0.48891799999999996,0.32917999999999914,star
0.36299999999999955,-0.010999999999999233,-0.04199999999999804,-0.22500000000000142,wd
0.2309999999999981,0.34800000000000253,0.05699999999999861,0.13400000000000034,qso
1.2268660000000011,0.4882920000000013,0.21728499999999862,0.07864800000000116,star
0.0849999999999973,0.26200000000000045,0.06099999999999994,-0.06499999999999773,qso
0.3559999999999981,0.120000000000001,0.0010000000000012221,-0.07000000000000028,wd
-0.08699999999999974,-0.34199999999999875,-0.1700000000000017,0.0779999999999994,wd
-0.10400000000000276,-0.352999999999998,-0.26699999999999946,-0.21600000000000108,wd
0.6179999999999986,0.019999999999999574,0.14199999999999946,0.12700000000000244,qso
0.5209999999999972,0.10200000000000031,0.17900000000000205,0.003999999999997783,qso
0.2980000000000018,-0.33399999999999963,-0.25400000000000134,-0.2749999999999986,wd
1.4620609999999985,0.6045820000000006,0.20270200000000216,0.09323999999999799,star
0.40100000000000335,-0.10900000000000176,-0.16799999999999926,-0.2690000000000019,wd
0.33000000000000185,-0.29299999999999926,-0.20599999999999952,-0.30100000000000193,wd
2.370134,0.996969,0.3890039999999999,0.19591700000000145,star
1.1160219999999974,0.3796900000000001,0.24837499999999935,-0.058856999999999715,star
0.19200000000000017,-0.06299999999999883,0.15899999999999892,-0.08300000000000196,qso
0.245000000000001,-0.11100000000000065,0.13300000000000267,-0.05700000000000216,qso
0.9950180000000017,0.42313399999999746,0.18023700000000176,0.11254100000000022,star
-0.005999999999996675,-0.3150000000000013,-0.37900000000000134,-0.2799999999999976,wd
0.36699999999999733,0.0940000000000012,0.15500000000000114,-0.20500000000000185,qso
0.038000000000000256,0.1479999999999997,0.0519999999999996,0.7530000000000001,qso
0.2569999999999979,-0.04400000000000048,0.2380000000000031,-0.011000000000002785,qso
0.4280000000000008,0.2510000000000012,0.015999999999998238,-0.134999999999998,wd
1.386500999999999,0.5111939999999997,0.1756220000000006,0.05501899999999971,star
-0.2970000000000006,-0.4939999999999998,-0.3550000000000004,0.30799999999999983,wd
0.3180000000000014,-0.0400000000000027,0.28000000000000114,0.15899999999999892,qso
0.06700000000000017,-0.4059999999999988,-0.35300000000000153,-0.1999999999999993,wd
0.43299999999999983,-0.06400000000000006,-0.13700000000000045,-0.19099999999999895,wd
0.5889999999999986,0.31099999999999994,0.2920000000000016,0.038000000000000256,qso
1.5156089999999978,0.7107340000000022,0.19784299999999888,0.22774100000000175,star
0.48600000000000065,0.3329999999999984,0.2690000000000019,0.06799999999999784,qso
-0.15600000000000236,-0.34999999999999787,-0.24599999999999866,-0.4870000000000019,wd
0.402000000000001,-0.10500000000000043,-0.2170000000000023,-0.232999999999997,wd
0.09700000000000131,-0.3309999999999995,-0.2610000000000028,-0.3490000000000002,wd
0.46199999999999974,0.003999999999997783,-0.11599999999999966,-0.12600000000000122,wd
0.1460000000000008,0.07400000000000162,-0.054999999999999716,0.15499999999999758,qso
0.42900000000000205,-0.05700000000000216,-0.2629999999999981,-0.0259999999999998,wd
0.0660000000000025,-0.2190000000000012,-0.1559999999999988,-0.240000000000002,wd
-0.05700000000000216,0.05100000000000193,0.17800000000000082,-0.04900000000000304,qso
2.1713699999999996,0.8365860000000005,0.3045689999999972,0.1832250000000002,star
0.8215409999999999,0.24632500000000235,0.10122799999999899,0.0078870000000002,star
1.3329239999999984,0.5123619999999995,0.15793600000000296,0.08085599999999715,star
1.236460000000001,0.3627810000000018,0.22595600000000005,0.04901100000000014,star
1.1540259999999982,0.32094100000000125,0.1516320000000011,0.04049499999999995,star
0.16900000000000048,-0.10099999999999909,-0.0470000000000006,-0.3520000000000003,wd
0.993977000000001,0.3522829999999999,0.11733899999999942,0.02149999999999963,star
2.5368059999999986,1.108823000000001,0.41080200000000033,0.19654799999999994,star
0.5620000000000012,0.19499999999999673,0.060000000000002274,-0.053000000000000824,wd
0.06700000000000017,-0.3219999999999992,-0.245000000000001,-0.33000000000000185,wd
0.4319999999999986,-0.1369999999999969,-0.20900000000000318,-0.08299999999999841,wd
0.15500000000000114,-0.03100000000000236,-0.07199999999999918,0.10000000000000142,qso
1.2344399999999993,0.3444980000000015,0.2539200000000008,0.05437200000000075,star
2.618424000000001,1.0708939999999991,0.37594999999999956,0.22024100000000146,star
2.437304000000001,1.0467760000000013,0.28895799999999916,0.17190800000000017,star
0.16399999999999793,0.07199999999999918,0.028999999999999915,-0.07299999999999685,qso
0.18900000000000006,0.347999999999999,0.13899999999999935,0.04800000000000182,qso
0.402000000000001,-0.1269999999999989,-0.1650000000000027,-0.05299999999999727,wd
0.38700000000000045,-0.18599999999999994,-0.22600000000000264,-0.33399999999999963,wd
1.5408289999999987,0.6862829999999995,0.27225699999999975,0.1232609999999994,star
0.4579999999999984,0.365000000000002,0.4220000000000006,0.13700000000000045,qso
0.33200000000000074,0.26899999999999835,-0.027999999999998693,-0.03400000000000247,qso
0.31899999999999906,0.1479999999999997,0.036999999999999034,0.16300000000000026,qso
1.2712280000000007,0.5331959999999967,0.21375300000000053,0.06509700000000151,star
-0.05099999999999838,-0.4140000000000015,-0.29999999999999716,-0.3620000000000019,wd
0.3979999999999997,-0.18900000000000006,-0.2480000000000011,-0.004000000000001336,wd
0.4450000000000003,0.03500000000000014,-0.05600000000000094,-0.1609999999999978,wd
0.06299999999999883,0.1819999999999986,-0.2069999999999972,-0.05000000000000071,qso
0.45500000000000185,-0.2779999999999987,-0.25400000000000134,-0.03200000000000003,wd
0.4789999999999992,-0.09699999999999775,-0.142000000000003,-0.16699999999999804,wd
0.4659999999999975,-0.15199999999999747,-0.23100000000000165,-0.29799999999999827,wd
1.2904739999999997,0.5289529999999978,0.16001700000000163,0.09842099999999832,star
0.4139999999999979,-0.05699999999999861,-0.11700000000000088,-0.05900000000000105,wd
0.2699999999999996,0.25900000000000034,0.0010000000000012221,0.129999999999999,qso
2.209896999999998,0.9482570000000017,0.3600329999999978,0.19109300000000218,star
0.3689999999999998,0.08799999999999741,0.014000000000002899,-0.0710000000000015,wd
0.24099999999999966,0.19699999999999918,-0.16600000000000037,0.05700000000000216,qso
2.443885999999999,1.0729370000000014,0.36263100000000037,0.19971299999999914,star
0.42900000000000205,-0.3550000000000004,-0.20500000000000185,-0.20199999999999818,wd
0.013999999999999346,0.053999999999998494,-0.1369999999999969,0.04999999999999716,qso
2.196380999999999,0.9882300000000015,0.3640270000000001,0.11627400000000065,star
0.522000000000002,0.4939999999999998,0.9780000000000015,0.6600000000000001,wd
1.287371000000002,0.3888449999999999,0.1775399999999987,0.04215500000000105,star
0.4090000000000025,0.01899999999999835,-0.021000000000000796,-0.1750000000000007,wd
0.504999999999999,0.006000000000000227,0.40300000000000225,-0.008000000000002672,qso
1.774442999999998,0.6001949999999994,0.22900900000000135,0.12415500000000002,star
0.9105319999999999,0.3585079999999987,0.11659799999999976,0.04968900000000076,star
1.0695349999999983,0.16381600000000063,0.020332999999999046,0.011855999999999867,star
0.3719999999999999,-0.07000000000000028,0.16900000000000048,-0.02500000000000213,qso
0.2129999999999974,-0.12299999999999756,-0.1750000000000007,-0.13200000000000145,wd
0.6439999999999984,0.5620000000000012,0.5549999999999997,0.4380000000000024,qso
1.997474999999998,0.7476459999999996,0.30492700000000106,0.12678999999999974,star
0.46199999999999974,-0.08999999999999986,-0.23799999999999955,-0.20800000000000196,wd
0.19299999999999784,-0.022999999999999687,-0.11599999999999966,0.13599999999999923,qso
-0.2840000000000025,-0.4349999999999987,-0.35600000000000165,0.17800000000000082,wd
0.5079999999999991,-0.16599999999999682,-0.17700000000000315,-0.232999999999997,wd
0.3879999999999981,0.05700000000000216,-0.054999999999999716,-0.21100000000000207,wd
0.4089999999999989,-0.21899999999999764,-0.20400000000000063,-0.28500000000000014,wd
1.3866370000000003,0.5199270000000009,0.20100500000000032,0.057973000000000496,star
1.8247040000000005,0.8317890000000006,0.3740310000000022,0.15643699999999683,star
0.28800000000000026,0.22799999999999798,-0.07600000000000051,0.10800000000000054,qso
0.397000000000002,0.01899999999999835,-0.19699999999999918,0.16799999999999926,qso
-0.29999999999999716,-0.16900000000000048,0.2530000000000001,0.3099999999999987,wd
1.3124079999999996,0.5575419999999998,0.22463300000000075,0.09795199999999937,star
1.7501750000000023,0.6880999999999986,0.26871500000000026,0.1406130000000001,star
1.3380560000000017,0.6073769999999996,0.25714100000000073,0.13428299999999993,star
0.32500000000000284,-0.09700000000000131,-0.11299999999999955,-0.14000000000000057,wd
0.1479999999999997,-0.3440000000000012,-0.27399999999999736,-0.33500000000000085,wd
1.4882619999999989,0.607761,0.2699460000000009,0.012567000000000661,star
-0.10800000000000054,-0.012000000000000455,0.22500000000000142,0.023999999999997357,qso
0.06900000000000261,0.2989999999999995,-0.05799999999999983,-0.1039999999999992,qso
1.2244740000000007,0.2957859999999979,0.16223000000000098,0.0734370000000002,star
2.043135000000003,0.8447389999999988,0.31363200000000013,0.20499199999999895,star
0.1509999999999998,0.08099999999999952,0.2640000000000029,-0.005000000000002558,qso
1.2916050000000006,0.42306500000000113,0.14322800000000058,0.028200999999999254,star
-0.0030000000000001137,-0.3460000000000001,-0.2480000000000011,-0.29799999999999827,wd
-0.29999999999999716,-0.45500000000000185,-0.3789999999999978,-0.0030000000000001137,wd
0.41999999999999815,-0.11599999999999966,-0.11599999999999966,-0.15300000000000225,wd
0.13299999999999912,-0.04400000000000048,0.36299999999999955,0.23100000000000165,qso
1.3752840000000006,0.5283549999999977,0.2041170000000001,0.14312700000000333,star
1.313593000000001,0.5178359999999991,0.18173600000000079,0.09205599999999947,star
0.4819999999999993,0.14000000000000057,-0.00999999999999801,0.09999999999999787,wd
1.213237000000003,0.4364169999999987,0.15260299999999916,0.06527499999999975,star
0.07599999999999696,0.13700000000000045,-0.06700000000000017,0.05799999999999983,qso
0.30900000000000105,0.0519999999999996,-0.05600000000000094,0.12300000000000111,qso
1.2322580000000016,0.2322659999999992,0.05800400000000039,0.005306000000000921,star
0.04899999999999949,0.16900000000000048,-0.13299999999999912,-0.12700000000000244,qso
0.010999999999999233,-0.18299999999999983,-0.1999999999999993,-0.10000000000000142,wd
1.070416999999999,0.5205500000000001,0.22231899999999882,0.08142700000000147,star
0.16000000000000014,0.19399999999999906,-0.09399999999999764,0.012999999999998124,qso
0.19399999999999906,-0.30799999999999983,-0.31099999999999994,-0.3329999999999984,wd
0.19200000000000017,0.13899999999999935,0.04499999999999815,0.17400000000000304,qso
0.9173239999999971,0.40381200000000206,0.09795199999999937,0.03280499999999975,star
0.16000000000000014,0.03599999999999781,0.6490000000000009,0.6449999999999996,wd
1.8054239999999986,0.8607140000000015,0.3140520000000002,0.19478399999999851,star
-0.06800000000000139,-0.2729999999999997,-0.36100000000000065,-0.19399999999999906,wd
0.8447439999999986,0.23528699999999958,0.11640900000000087,0.05651100000000042,star
0.07399999999999807,0.402000000000001,0.35800000000000054,0.2699999999999996,qso
0.0329999999999977,0.24900000000000233,0.010999999999999233,-0.06099999999999994,qso
1.0991530000000012,0.4037159999999993,0.15519199999999955,0.01486300000000007,star
-0.2159999999999993,-0.4800000000000004,-0.3299999999999983,-0.30900000000000105,wd
0.4609999999999985,-0.2339999999999982,-0.11000000000000298,-0.015999999999998238,wd
1.1184820000000002,0.3693850000000012,0.16655100000000012,0.013594999999998691,star
0.37700000000000244,0.019999999999999574,0.16000000000000014,0.04199999999999804,qso
0.38700000000000045,0.0470000000000006,0.0329999999999977,0.22300000000000253,qso
2.775112,1.305256,0.5318170000000002,0.2883279999999999,star
0.11699999999999733,0.15100000000000335,-0.10000000000000142,0.004999999999999005,qso
0.2029999999999994,0.06299999999999883,0.23300000000000054,0.02500000000000213,qso
2.458769,1.084775999999998,0.4246010000000009,0.23029400000000066,star
0.8716590000000011,0.2932839999999999,0.08215599999999945,0.03169699999999942,star
0.22500000000000142,0.4089999999999989,0.10000000000000142,-0.0030000000000001137,qso
0.3730000000000011,0.15700000000000003,0.26500000000000057,0.15399999999999991,qso
-0.054999999999999716,-0.42400000000000304,-0.3069999999999986,-0.593,wd
0.4190000000000005,-0.17199999999999704,-0.22000000000000242,-0.13299999999999912,wd
0.2270000000000003,0.10900000000000176,-0.054999999999999716,0.08299999999999841,qso
1.309663999999998,0.5171130000000019,0.21596899999999764,0.1381300000000003,star
-0.35199999999999676,-0.45500000000000185,-0.44599999999999795,-0.4210000000000029,wd
0.06899999999999906,-0.33200000000000074,-0.3569999999999993,-0.245000000000001,wd
0.15199999999999747,-0.01799999999999713,0.20099999999999696,0.04200000000000159,qso
0.1960000000000015,0.055999999999997385,0.05900000000000105,0.09299999999999997,qso
0.33899999999999864,-0.26599999999999824,-0.1750000000000007,-0.3520000000000003,wd
1.9081480000000006,0.7936759999999996,0.28357399999999977,0.12822399999999945,star
0.3279999999999994,-0.10300000000000153,-0.1319999999999979,-0.2660000000000018,wd
1.2700099999999992,0.4999260000000021,0.16292899999999833,0.08820800000000162,star
0.41300000000000026,-0.030999999999998806,-0.1410000000000018,-0.1839999999999975,wd
0.2530000000000001,0.19699999999999918,0.2259999999999991,0.01600000000000179,qso
1.918495,0.7883269999999989,0.3444510000000012,0.14557600000000015,star
1.8619270000000014,0.6585959999999993,0.28136899999999976,0.15181500000000092,star
0.5479999999999983,0.4190000000000005,0.9899999999999984,0.6870000000000012,wd
0.1960000000000015,0.2220000000000013,0.4049999999999976,0.045999999999999375,qso
0.3030000000000008,-0.3009999999999984,-0.17800000000000082,-0.062000000000001165,wd
0.11599999999999966,-0.33800000000000097,-0.22100000000000009,-0.1789999999999985,wd
1.3586009999999984,0.5160479999999996,0.17101700000000086,0.05707499999999932,star
0.08399999999999963,0.21799999999999997,-0.053999999999998494,-0.062000000000001165,qso
0.1980000000000004,0.04400000000000048,0.16900000000000048,-0.02499999999999858,qso
2.279135,0.9743309999999994,0.3939640000000004,0.22137900000000066,star
0.41000000000000014,-0.13600000000000279,-0.07000000000000028,-0.13099999999999667,wd
0.13100000000000023,0.25400000000000134,-0.009000000000000341,0.0030000000000001137,qso
0.134999999999998,0.05100000000000193,0.004999999999999005,0.07499999999999929,qso
0.2049999999999983,0.32800000000000296,-0.009000000000000341,0.053999999999998494,qso
0.0990000000000002,-0.3420000000000023,-0.24799999999999756,-0.2240000000000002,wd
0.3569999999999993,-0.06400000000000006,-0.125,0.19200000000000017,qso
1.1828519999999987,0.41660899999999934,0.13686299999999996,0.03092999999999968,star
-0.038999999999997925,0.24299999999999855,0.11700000000000088,0.1479999999999997,qso
0.5450000000000017,0.16300000000000026,0.26500000000000057,0.02699999999999747,qso
0.18900000000000006,-0.25800000000000267,-0.20399999999999707,-0.2710000000000008,wd
2.069890000000001,0.8198939999999979,0.3451190000000004,0.2327210000000015,star
0.26699999999999946,0.12399999999999878,0.21000000000000085,-0.013000000000001677,qso
1.1153329999999997,0.16818299999999908,0.05307499999999976,0.0163499999999992,star
0.33399999999999963,0.2560000000000002,0.0019999999999988916,0.17800000000000082,qso
0.07499999999999929,0.19000000000000128,0.28999999999999915,0.10800000000000054,qso
0.3520000000000003,0.14999999999999858,0.2959999999999994,0.04200000000000159,qso
0.28300000000000125,-0.3500000000000014,-0.26899999999999835,-0.054999999999999716,wd
1.2857169999999982,0.49533699999999925,0.2007120000000029,0.11125599999999736,star
0.08699999999999974,0.06700000000000017,0.277000000000001,0.18200000000000216,qso
0.5700000000000003,0.03500000000000014,-0.07000000000000028,-0.08099999999999952,wd
-0.15300000000000225,-0.14499999999999957,-0.3069999999999986,-0.2690000000000019,wd
0.5219999999999985,0.0030000000000001137,0.0470000000000006,0.2710000000000008,qso
0.012000000000000455,0.12899999999999778,0.17800000000000082,0.23000000000000043,qso
0.5179999999999971,0.4350000000000023,0.11899999999999977,0.1280000000000001,qso
1.3917870000000008,0.44694699999999976,0.1362210000000008,0.027870999999999313,star
-0.03499999999999659,-0.25500000000000256,-0.19500000000000028,-0.11999999999999744,wd
-0.06400000000000006,-0.39099999999999824,-0.26500000000000057,-0.2789999999999999,wd
0.20700000000000074,0.2859999999999978,0.3180000000000014,0.0259999999999998,qso
0.4280000000000008,-0.02500000000000213,-0.02699999999999747,0.26500000000000057,wd
2.537993,1.0795570000000012,0.40784299999999973,0.23982800000000104,star
1.2041369999999993,0.5404780000000002,0.21834499999999935,0.07662899999999873,star
0.15900000000000247,0.04999999999999716,0.11599999999999966,0.07400000000000162,qso
0.29100000000000037,0.13799999999999812,0.27500000000000213,0.05900000000000105,qso
0.13299999999999912,-0.23300000000000054,-0.4609999999999985,0.4339999999999975,wd
0.3180000000000014,-0.1750000000000007,-0.19399999999999906,-0.2950000000000017,wd
0.35600000000000165,0.4869999999999983,0.0779999999999994,0.11000000000000298,qso
0.23499999999999943,0.22500000000000142,0.28999999999999915,0.09999999999999787,qso
-0.04199999999999804,-0.33300000000000196,-0.28699999999999903,-0.35800000000000054,wd
1.4469090000000016,0.5808509999999991,0.19194200000000095,0.049664999999997406,star
0.8649350000000027,0.24135199999999912,0.10187900000000027,0.013829999999998677,star
0.055999999999997385,0.1960000000000015,0.15399999999999991,0.31400000000000006,qso
1.3529850000000003,0.5411169999999998,0.18890200000000235,0.10491699999999682,star
0.8670000000000009,0.10800000000000054,0.16300000000000026,0.29299999999999926,qso
0.20099999999999696,-0.2619999999999969,-0.25500000000000256,-0.3520000000000003,wd
-0.11700000000000088,-0.26500000000000057,-0.33699999999999974,0.05000000000000071,wd
2.7112869999999987,1.2977039999999995,0.6912670000000016,0.3339350000000003,star
0.4969999999999999,-0.10500000000000043,-0.1039999999999992,-0.1059999999999981,wd
0.2289999999999992,-0.32599999999999696,-0.2469999999999999,-0.19900000000000162,wd
-0.05100000000000193,-0.34499999999999886,-0.2480000000000011,-0.2579999999999991,wd
0.245000000000001,-0.26500000000000057,-0.29999999999999716,-0.07900000000000063,wd
0.5030000000000001,0.006000000000000227,-0.030999999999998806,-0.15700000000000003,wd
-0.42299999999999827,-0.4819999999999993,-0.3410000000000011,-0.1960000000000015,wd
0.018000000000000682,-0.03500000000000014,0.264999999999997,-0.03500000000000014,qso
1.8522290000000012,0.7784709999999997,0.2416400000000003,0.16223899999999958,star
-0.018000000000000682,-0.4200000000000017,-0.29999999999999716,-0.272000000000002,wd
1.1739449999999998,0.4904379999999975,0.18065700000000007,0.13553399999999982,star
0.6690000000000005,0.33200000000000074,0.08699999999999974,0.19099999999999895,qso
1.7147579999999998,0.6368270000000003,0.24630400000000208,0.08537099999999853,star
0.3290000000000006,-0.13600000000000279,-0.20399999999999707,-0.04200000000000159,wd
1.5268230000000003,0.5685010000000013,0.1999050000000011,0.11283499999999691,star
-0.036999999999999034,0.012000000000000455,0.40500000000000114,0.11499999999999844,qso
0.3290000000000006,0.16699999999999804,0.3949999999999996,0.10100000000000264,qso
1.2194310000000002,0.4197230000000012,0.17877999999999972,0.004155999999998272,star
1.8503439999999998,0.7298319999999983,0.29254099999999994,0.11732200000000148,star
1.9509550000000004,0.7522200000000012,0.28112600000000043,0.2076589999999996,star
0.2710000000000008,-0.31400000000000006,-0.26399999999999935,-0.2660000000000018,wd
0.4629999999999974,0.1509999999999998,0.2960000000000029,0.129999999999999,qso
0.129999999999999,-0.277000000000001,-0.24200000000000088,-0.16999999999999815,wd
1.0188029999999983,0.36373299999999986,0.1298729999999999,-0.02146099999999862,star
0.31599999999999895,0.16000000000000014,0.07700000000000173,0.08299999999999841,qso
1.3205050000000007,0.5253599999999992,0.23444800000000043,0.12273599999999973,star
0.472999999999999,0.20400000000000063,0.004999999999999005,-0.07499999999999929,wd
0.4670000000000023,-0.0030000000000001137,-0.004000000000001336,-0.021999999999998465,wd
-0.2610000000000028,0.3950000000000031,-0.022000000000002018,-0.08399999999999963,qso
0.37799999999999656,-0.24499999999999744,-0.2920000000000016,-0.1529999999999987,wd
1.2659699999999994,0.4611390000000011,0.12198300000000017,0.06752599999999909,star
1.0076059999999991,0.3447720000000025,0.12519499999999795,-0.006011999999998352,star
0.3410000000000011,0.14899999999999736,0.04200000000000159,0.23600000000000065,qso
0.4120000000000026,0.21899999999999764,0.9870000000000019,0.7289999999999992,wd
2.629669,1.3095230000000022,0.5981649999999981,0.28757700000000064,star
1.8207039999999992,0.745037,0.2253760000000007,0.17072499999999735,star
1.459818000000002,0.6527549999999991,0.27739000000000047,0.1252519999999997,star
0.4400000000000013,-0.17900000000000205,-0.18999999999999773,-0.10900000000000176,wd
0.47800000000000153,0.06299999999999883,0.02400000000000091,-0.11599999999999966,wd
0.18999999999999773,0.37700000000000244,-0.0020000000000024443,-0.13700000000000045,qso
1.8462180000000004,0.7681989999999992,0.16185500000000097,0.09923799999999972,star
0.15600000000000236,0.14199999999999946,-0.013999999999999346,-0.008000000000002672,qso
0.7669999999999995,-0.08200000000000074,0.062000000000001165,0.4230000000000018,qso
-0.1410000000000018,-0.3539999999999992,-0.28999999999999915,-0.2270000000000003,wd
-0.019999999999999574,-0.25,-0.1750000000000007,-0.3049999999999997,wd
0.06099999999999994,0.0519999999999996,0.20700000000000074,-0.006000000000000227,qso
0.7210000000000001,0.6110000000000007,1.078999999999997,0.7160000000000011,wd
0.45700000000000074,0.14899999999999736,-0.007999999999999119,-0.24599999999999866,wd
0.570999999999998,-0.03399999999999892,0.028999999999999915,0.1039999999999992,wd
-0.10699999999999932,-0.3009999999999984,-0.28200000000000003,-0.23400000000000176,wd
2.5393749999999997,1.130431999999999,0.4663710000000023,0.2672699999999999,star
0.4740000000000002,0.004000000000001336,-0.11100000000000065,-0.2190000000000012,wd
1.056439000000001,0.3415239999999997,0.15579199999999815,0.017233000000000942,star
1.381971,0.56982,0.19913299999999978,0.08505699999999905,star
0.27099999999999724,-0.2129999999999974,-0.2140000000000022,-0.245000000000001,wd
-0.054999999999999716,0.21699999999999875,0.3620000000000019,0.054999999999999716,qso
1.0755920000000003,0.27405100000000004,0.09569600000000023,-0.014347000000000776,star
1.141134000000001,0.39318799999999854,0.102406000000002,0.06387699999999796,star
2.3617120000000007,1.0242120000000003,0.42554400000000037,0.2124889999999997,star
0.9435330000000004,0.2698780000000003,0.09594300000000011,0.06514600000000037,star
0.16799999999999926,0.03200000000000003,0.16799999999999926,-0.0019999999999988916,qso
0.41600000000000037,0.022999999999999687,-0.0259999999999998,-0.10899999999999821,wd
1.8507269999999991,0.788133000000002,0.28959899999999905,0.1938840000000006,star
1.1187709999999988,0.4221320000000013,0.16158699999999726,0.05348000000000219,star
0.5030000000000001,-0.25700000000000145,-0.21399999999999864,-0.2469999999999999,wd
0.24600000000000222,0.31599999999999895,-0.10300000000000153,-0.0379999999999967,qso
1.188057999999998,0.43172500000000014,0.1085029999999989,0.08772300000000044,star
0.9621710000000014,0.2788029999999999,0.11250499999999874,0.01336700000000235,star
0.3520000000000003,-0.15900000000000247,-0.2569999999999979,-0.054000000000002046,wd
0.12099999999999866,-0.3260000000000005,-0.2989999999999995,-0.24200000000000088,wd
0.8812730000000002,0.17415300000000045,0.05045300000000097,-0.016390000000001237,star
0.12100000000000222,0.12599999999999767,0.30400000000000205,-0.03200000000000003,qso
0.16799999999999926,0.030000000000001137,0.0779999999999994,-0.3260000000000005,qso
2.6090550000000015,1.2516229999999986,0.6158750000000008,0.32214299999999874,star
0.2530000000000001,0.10999999999999943,0.2430000000000021,0.02400000000000091,qso
0.15000000000000213,-0.13500000000000156,-0.09600000000000009,-0.21499999999999986,wd
0.2010000000000005,0.20599999999999952,0.054999999999999716,0.004999999999999005,qso
2.637741000000002,1.144482,0.44067999999999863,0.22705400000000076,star
0.22499999999999787,-0.26099999999999923,-0.2699999999999996,-0.26099999999999923,wd
0.4980000000000011,-0.16900000000000048,0.06400000000000006,-0.045999999999999375,qso
0.5120000000000005,0.04299999999999926,0.06599999999999895,0.2560000000000002,qso
0.06400000000000006,0.3739999999999988,-0.15899999999999892,-0.11400000000000077,qso
2.2535269999999983,0.8423569999999998,0.3433380000000028,0.19527699999999726,star
1.3952080000000002,0.48647499999999866,0.16020200000000173,0.04723200000000105,star
0.4039999999999999,0.053999999999998494,-0.029999999999997584,-0.18100000000000094,wd
0.2959999999999994,0.31700000000000017,0.1180000000000021,0.09999999999999787,qso
-0.28300000000000125,-0.2539999999999978,0.4250000000000007,0.38899999999999935,wd
1.2602780000000031,0.5014899999999969,0.16228500000000068,0.12936799999999948,star
0.44099999999999895,-0.19699999999999918,-0.1739999999999995,-0.3049999999999997,wd
0.125,-0.2889999999999979,-0.2900000000000027,-0.26599999999999824,wd
0.4710000000000001,0.03399999999999892,-0.04099999999999859,-0.0730000000000004,wd
0.11500000000000199,0.003999999999997783,0.31400000000000006,0.13100000000000023,qso
0.12899999999999778,0.1999999999999993,0.10300000000000153,-0.10000000000000142,qso
0.1750000000000007,-0.10999999999999943,0.18100000000000094,0.04100000000000037,qso
2.4339200000000005,1.0208840000000023,0.37337499999999935,0.11321200000000076,star
1.169989000000001,0.4741500000000016,0.21432499999999877,0.07668299999999917,star
0.3619999999999983,-0.13899999999999935,-0.2469999999999999,-0.0519999999999996,wd
1.0740039999999986,0.34833700000000256,0.1587929999999993,0.017599000000000586,star
0.4499999999999993,0.10699999999999932,-0.020999999999997243,-0.08699999999999974,wd
1.4286439999999985,0.4877600000000015,0.23977700000000013,0.11061399999999999,star
1.0560609999999997,0.3392540000000004,0.1272619999999982,0.06056400000000295,star
1.746137000000001,0.7075120000000013,0.2511829999999975,0.15560900000000188,star
0.3730000000000011,0.15200000000000102,-0.06700000000000017,0.012999999999998124,wd
0.45899999999999963,0.06299999999999883,-0.0019999999999988916,-0.060000000000002274,wd
2.012341000000003,0.804352999999999,0.30707400000000007,0.15669499999999914,star
-0.3719999999999999,-0.3960000000000008,-0.129999999999999,-0.062000000000001165,wd
1.171402999999998,0.527470000000001,0.15716799999999864,0.07215300000000013,star
2.3992369999999994,1.0316779999999994,0.377892000000001,0.21352599999999988,star
0.3150000000000013,0.06899999999999906,-0.17300000000000182,0.1650000000000027,qso
1.6071540000000013,0.664007999999999,0.26986100000000235,0.0711839999999988,star
0.1650000000000027,-0.1880000000000024,0.13000000000000256,-0.20000000000000284,qso
0.3150000000000013,0.4309999999999974,-0.14300000000000068,-0.1319999999999979,qso
-0.0010000000000012221,0.06400000000000006,0.038999999999997925,0.22000000000000242,qso
0.17099999999999937,0.16400000000000148,0.20599999999999952,0.16000000000000014,qso
0.11799999999999855,0.08699999999999974,0.24200000000000088,0.0779999999999994,qso
0.3500000000000014,-0.2469999999999999,-0.13400000000000034,-0.05600000000000094,wd
1.1146049999999974,0.4460620000000013,0.221703999999999,0.05882900000000291,star
0.23900000000000077,-0.34299999999999997,-0.22799999999999798,-0.3210000000000015,wd
0.1059999999999981,0.11599999999999966,0.05700000000000216,0.21999999999999886,qso
0.4839999999999982,0.10900000000000176,-0.07400000000000162,-0.05600000000000094,wd
0.31099999999999994,-0.04899999999999949,0.23799999999999955,-0.06699999999999662,qso
0.05000000000000071,-0.3730000000000011,-0.27699999999999747,-0.1880000000000024,wd
0.24900000000000233,0.06499999999999773,0.21499999999999986,-0.05099999999999838,qso
1.217886,0.5423989999999996,0.1587449999999997,0.207021000000001,star
0.30900000000000105,0.053999999999998494,0.12600000000000122,-0.08399999999999963,qso
0.509999999999998,0.21099999999999852,0.2900000000000027,0.10200000000000031,qso
0.6159999999999997,-0.21000000000000085,-0.0779999999999994,-0.13100000000000023,wd
-0.4230000000000018,-0.5449999999999982,-0.35900000000000176,-0.31700000000000017,wd
2.519729999999999,1.4436220000000013,0.8616159999999979,0.46598200000000034,star
0.16900000000000048,0.3099999999999987,0.028999999999999915,-0.012999999999998124,qso
0.3390000000000022,-0.2700000000000031,-0.3019999999999996,-0.1769999999999996,wd
-0.05000000000000071,-0.04499999999999815,0.2710000000000008,-0.14800000000000324,qso
1.6897509999999976,0.6179260000000006,0.22358499999999992,0.04843500000000134,star
0.3030000000000008,0.18499999999999872,0.05099999999999838,0.1460000000000008,qso
2.035038,0.9005800000000015,0.36269499999999866,0.19350999999999985,star
-0.4700000000000024,-0.593,-0.379999999999999,-0.31099999999999994,wd
1.8274180000000015,0.7673090000000009,0.2875569999999996,0.1681980000000003,star
-0.027999999999998693,-0.2920000000000016,-0.2129999999999974,-0.2729999999999997,wd
0.030999999999998806,-0.4250000000000007,-0.2099999999999973,-0.5090000000000003,wd
-0.39299999999999713,-0.4700000000000024,-0.2940000000000005,-0.29299999999999926,wd
0.02499999999999858,0.013000000000001677,0.3460000000000001,-0.010999999999999233,qso
0.4559999999999995,0.1529999999999987,0.015000000000000568,-0.0940000000000012,wd
0.22600000000000264,0.44099999999999895,0.18400000000000105,0.19500000000000028,qso
0.5019999999999989,-0.012999999999998124,-0.03900000000000148,-0.1529999999999987,wd
1.606458,0.643263000000001,0.2339949999999984,0.10890400000000078,star
0.43900000000000006,0.047999999999998266,0.26699999999999946,-0.07099999999999795,qso
-0.030000000000001137,-0.3069999999999986,-0.1819999999999986,-0.5510000000000019,wd
1.9544500000000014,0.7305430000000008,0.25817099999999726,0.0934870000000032,star
0.49499999999999744,0.019000000000001904,0.14199999999999946,0.0070000000000014495,qso
0.19899999999999807,-0.3569999999999993,-0.25099999999999767,-0.17400000000000304,wd
0.5359999999999978,0.5240000000000009,0.22500000000000142,0.23300000000000054,qso
0.3739999999999988,0.18700000000000117,0.43400000000000105,0.15499999999999758,qso
2.1503750000000004,0.8577119999999994,0.3290609999999994,0.13159600000000182,star
1.160342,0.44318400000000224,0.1360929999999989,0.0695610000000002,star
0.2839999999999989,-0.23300000000000054,-0.2259999999999991,-0.26899999999999835,wd
1.7280060000000006,0.6736560000000011,0.23633399999999938,0.15990000000000038,star
1.132636999999999,-0.03135599999999883,-0.11532100000000156,-0.06810299999999714,star
0.1980000000000004,-0.27199999999999847,-0.2190000000000012,-0.15399999999999991,wd
1.3200590000000005,0.46190400000000054,0.1990799999999986,0.17042100000000104,star
0.07900000000000063,0.3390000000000022,0.0259999999999998,0.08399999999999963,qso
1.2753429999999994,0.3924810000000001,0.2139319999999998,0.0555570000000003,star
1.0556260000000002,0.344186999999998,0.14284500000000122,0.06651499999999899,star
0.5420000000000016,-0.04899999999999949,-0.129999999999999,-0.15500000000000114,wd
0.4109999999999996,0.13700000000000045,0.032999999999999474,-0.04699999999999882,wd
1.2302150000000012,-0.15106199999999959,-0.13087600000000066,-0.059861000000001496,star
0.8885140000000007,0.25548900000000074,0.08618599999999965,0.031363000000000696,star
0.46699999999999875,-0.16999999999999815,0.22100000000000009,0.03399999999999892,qso
-0.1039999999999992,0.15899999999999892,-0.038999999999997925,-0.125,qso
1.0384480000000025,0.35599699999999856,0.17924000000000007,0.01638900000000021,star
0.9562549999999987,0.385347000000003,0.10525899999999666,0.08363600000000204,star
0.4350000000000023,-0.08999999999999986,-0.16000000000000014,-0.2510000000000012,wd
1.125354999999999,0.38766999999999996,0.13799700000000215,0.054204999999999615,star
2.4369869999999985,1.1429210000000012,0.4225650000000005,0.2511100000000006,star
0.12399999999999878,0.1750000000000007,0.23600000000000065,0.0779999999999994,qso
0.009000000000000341,0.08800000000000097,0.3219999999999992,0.06900000000000261,qso
1.742162999999998,0.6870140000000013,0.2426010000000005,0.13749899999999826,star
0.4009999999999998,-0.053999999999998494,-0.06099999999999994,-0.028999999999999915,wd
-0.1750000000000007,-0.5489999999999995,-0.4579999999999984,0.020999999999997243,wd
0.4009999999999998,-0.1839999999999975,-0.1880000000000024,-0.029999999999997584,wd
0.2560000000000002,0.347999999999999,0.10000000000000142,0.5399999999999991,qso
2.501408999999999,0.9802900000000001,0.35257899999999864,0.1869410000000009,star
0.7689999999999984,0.013999999999999346,-0.015000000000000568,0.31700000000000017,qso
-0.10500000000000043,-0.36599999999999966,-0.21000000000000085,-0.38899999999999935,wd
0.44200000000000017,-0.16300000000000026,-0.2640000000000029,-0.19899999999999807,wd
1.0942049999999988,0.35438999999999865,0.12785099999999971,0.025972000000002993,star
0.8153229999999994,0.28819599999999923,0.08354000000000283,0.02415099999999981,star
2.300562000000003,0.8942029999999974,0.33887900000000215,0.15246199999999988,star
0.26000000000000156,-0.05600000000000094,-0.2259999999999991,0.038999999999997925,wd
-0.10800000000000054,0.19399999999999906,0.027999999999998693,-0.21199999999999974,qso
1.722480000000001,0.6636789999999984,0.25045300000000204,0.10234200000000016,star
0.0519999999999996,0.14199999999999946,0.28300000000000125,0.030000000000001137,qso
0.6709999999999994,0.02400000000000091,-0.013000000000001677,0.08399999999999963,qso
0.4339999999999975,-0.05099999999999838,-0.10999999999999943,-0.12199999999999989,wd
2.4556369999999994,1.1282330000000016,0.42125899999999916,0.2703450000000007,star
2.3061609999999995,1.032788,0.3679729999999992,0.2373510000000003,star
0.14000000000000057,0.12300000000000111,-0.1039999999999992,0.11399999999999721,qso
0.38700000000000045,-0.10500000000000043,-0.2959999999999994,-0.2940000000000005,wd
0.9833759999999998,0.3629230000000021,0.17044399999999982,0.0005969999999990705,star
0.19699999999999918,-0.0259999999999998,0.23499999999999943,-0.2129999999999974,qso
1.6337340000000005,0.5865359999999988,0.259443000000001,0.06369199999999964,star
1.054981999999999,0.13376000000000232,0.005672999999998041,-0.0974599999999981,star
0.18200000000000216,0.5470000000000006,0.3949999999999996,0.26500000000000057,wd
0.15000000000000213,-0.35300000000000153,-0.24099999999999966,-0.23400000000000176,wd
1.241651000000001,0.44974500000000006,0.16302900000000164,0.10626399999999947,star
1.5123460000000009,0.6495560000000005,0.25268700000000166,0.19333099999999703,star
2.191229,0.9709040000000009,0.3923709999999989,0.14089300000000016,star
0.7972340000000031,0.32653399999999877,0.10112000000000165,0.013093999999998829,star
0.26000000000000156,0.09100000000000108,0.05799999999999983,0.19599999999999795,qso
0.7360000000000007,-0.12199999999999989,0.05600000000000094,0.28500000000000014,qso
0.12299999999999756,-0.18499999999999872,-0.21399999999999864,0.03599999999999781,wd
-0.08999999999999986,-0.47800000000000153,-0.32399999999999807,-0.08399999999999963,wd
0.240000000000002,0.05799999999999983,0.22500000000000142,-0.06300000000000239,qso
1.910537999999999,0.7590080000000015,0.28523999999999816,0.21086000000000027,star
0.9922959999999996,0.35859900000000167,0.16323999999999828,0.04578600000000321,star
0.49799999999999756,-0.08399999999999963,-0.11299999999999955,-0.11599999999999966,wd
1.2587949999999992,0.44737200000000144,0.17700800000000072,0.05994799999999856,star
1.627792999999997,0.6806710000000002,0.21465700000000254,0.14028000000000063,star
0.18400000000000105,0.3810000000000002,0.4190000000000005,0.08999999999999986,qso
1.1642130000000002,0.378228,-0.08832199999999979,0.2507809999999999,star
2.5030080000000012,1.1052269999999993,0.47183500000000045,0.23135100000000008,star
1.3109879999999983,0.5552480000000024,0.24963999999999942,0.09908899999999932,star
1.5004899999999992,0.5865970000000011,0.22194999999999965,0.09089400000000047,star
1.1067579999999992,0.3420430000000003,0.1702149999999989,0.054566000000001225,star
0.16499999999999915,-0.24399999999999977,-0.22999999999999687,-0.22600000000000264,wd
0.4250000000000007,-0.010999999999999233,-0.07400000000000162,-0.2289999999999992,wd
0.5560000000000009,0.6550000000000011,0.31299999999999883,-0.00999999999999801,qso
0.35300000000000153,0.2759999999999998,-0.02400000000000091,0.04800000000000182,qso
0.4670000000000023,0.16999999999999815,0.02499999999999858,-0.03500000000000014,wd
0.46000000000000085,0.10699999999999932,0.010000000000001563,-0.03300000000000125,wd
0.013999999999999346,-0.32299999999999685,0.04499999999999815,0.5450000000000017,wd
0.26000000000000156,0.3019999999999996,-0.08099999999999952,-0.12100000000000222,qso
0.402000000000001,0.06800000000000139,0.14999999999999858,0.3180000000000014,qso
0.19000000000000128,0.2890000000000015,0.21899999999999764,0.04100000000000037,qso
1.094933000000001,0.37446199999999763,0.154123000000002,0.03461499999999873,star
1.196116,0.4689520000000016,0.1433940000000007,0.08873399999999876,star
0.2270000000000003,0.0,-0.013999999999999346,-0.16600000000000037,wd
0.16399999999999793,0.4800000000000004,0.28800000000000026,0.5760000000000005,qso
0.4209999999999994,-0.030000000000001137,-0.1980000000000004,-0.16399999999999793,wd
0.36499999999999844,0.18700000000000117,-0.054999999999999716,0.1319999999999979,qso
0.5500000000000007,0.1529999999999987,0.045999999999999375,-0.02499999999999858,wd
0.993621000000001,0.1181030000000014,0.011813999999997549,-0.04913499999999971,star
1.6663940000000004,0.6166710000000002,0.2353550000000002,0.0518610000000006,star
0.054000000000002046,0.0379999999999967,0.1620000000000026,0.0799999999999983,qso
1.2398039999999995,0.428859000000001,0.15411399999999986,0.05299699999999952,star
0.21699999999999875,0.12100000000000222,0.2889999999999979,-0.06099999999999994,qso
0.15399999999999991,-0.021000000000000796,0.30900000000000105,-0.07400000000000162,qso
1.074265999999998,0.2384510000000013,-0.003586000000000311,0.05848399999999998,star
2.3452449999999985,0.9619239999999998,0.38589999999999947,0.22023400000000137,star
-0.028999999999999915,0.3200000000000003,-0.3960000000000008,0.17600000000000193,qso
0.20899999999999963,-0.3180000000000014,-0.13799999999999812,-0.005000000000002558,wd
1.2381210000000014,0.37159800000000054,0.14199999999999946,0.000762999999999181,star
0.838000000000001,0.4220000000000006,0.26899999999999835,-0.020999999999997243,qso
0.23600000000000065,0.3359999999999985,0.142000000000003,-0.2680000000000007,qso
0.2660000000000018,-0.2480000000000011,-0.379999999999999,-0.10900000000000176,wd
1.2845900000000015,0.4476099999999992,0.13889900000000033,0.046184999999999476,star
0.24099999999999966,0.33200000000000074,0.24900000000000233,0.30799999999999983,qso
1.3753930000000025,0.5641859999999994,0.24835999999999814,0.10560000000000258,star
0.38400000000000034,-0.10699999999999932,-0.2660000000000018,-0.16899999999999693,wd
0.4740000000000002,0.11499999999999844,-0.02400000000000091,0.24600000000000222,qso
0.1280000000000001,0.13599999999999923,0.3299999999999983,-0.04999999999999716,qso
0.4870000000000019,-0.0259999999999998,-0.08000000000000185,-0.16199999999999903,wd
0.08799999999999741,0.0470000000000006,0.28999999999999915,-0.06199999999999761,qso
0.41699999999999804,0.22300000000000253,0.36299999999999955,0.0519999999999996,qso
0.31700000000000017,0.11299999999999955,0.31899999999999906,0.045999999999999375,qso
0.14299999999999713,-0.11499999999999844,-0.1720000000000006,-0.1789999999999985,wd
1.315918,0.5439720000000001,0.20614499999999936,0.09532300000000049,star
0.3769999999999989,-0.013999999999999346,-0.0519999999999996,-0.17400000000000304,wd
2.0500030000000002,0.7648870000000016,0.255217,0.16801599999999972,star
0.24399999999999977,0.07000000000000028,0.17600000000000193,0.0259999999999998,qso
0.43100000000000094,0.08000000000000185,-0.010000000000001563,0.05000000000000071,qso
0.23400000000000176,-0.34199999999999875,-0.21300000000000097,-0.375,wd
1.478866,0.5539379999999987,0.18281800000000104,0.061755999999999034,star
0.0730000000000004,0.01899999999999835,0.16900000000000048,0.03999999999999915,qso
0.3500000000000014,-0.10999999999999943,0.14699999999999847,0.01699999999999946,qso
1.057363999999998,0.3677130000000002,0.13922299999999943,0.02479100000000045,star
1.3517640000000029,0.5099089999999968,0.2419360000000026,0.07194099999999892,star
-0.30900000000000105,-0.48499999999999943,-0.22600000000000264,-0.0019999999999988916,wd
0.35900000000000176,0.1999999999999993,0.012000000000000455,-0.0259999999999998,qso
-0.03399999999999892,-0.17300000000000182,-0.19500000000000028,-0.3999999999999986,wd
0.48100000000000165,0.12399999999999878,-0.0010000000000012221,-0.07499999999999929,wd
0.35999999999999943,-0.019999999999999574,-0.11799999999999855,0.0990000000000002,qso
0.21600000000000108,-0.2699999999999996,-0.2699999999999996,-0.41300000000000026,wd
0.09600000000000009,0.0,0.3550000000000004,0.036999999999999034,qso
2.2417300000000004,0.9636689999999994,0.40362200000000215,0.14969400000000022,star
1.2370170000000016,0.48248999999999853,0.17826499999999967,0.06606999999999985,star
1.7979909999999997,0.6782180000000011,0.28221399999999974,0.06552899999999973,star
0.20700000000000074,0.28999999999999915,0.003999999999997783,-0.0329999999999977,qso
0.3030000000000008,0.0710000000000015,0.24799999999999756,0.07000000000000028,qso
1.3762490000000014,0.563682,0.22457999999999956,0.07536500000000146,star
1.1403009999999973,0.22002800000000278,0.021809999999998553,-0.004694999999998117,star
-0.08299999999999841,-0.25200000000000244,-0.1819999999999986,-0.17600000000000193,wd
1.3182079999999985,0.5472630000000009,0.2543389999999981,0.18668900000000122,star
0.23600000000000065,0.2289999999999992,0.01699999999999946,0.21099999999999852,qso
0.14499999999999957,-0.33800000000000097,-0.24199999999999733,-0.3719999999999999,wd
0.35100000000000264,-0.16100000000000136,-0.21300000000000097,-0.2469999999999999,wd
0.41199999999999903,0.0019999999999988916,-0.019999999999999574,-0.09499999999999886,wd
0.3420000000000023,-0.23199999999999932,-0.23900000000000077,-0.24099999999999966,wd
1.411123,0.5367300000000021,0.21562199999999976,0.1527499999999975,star
-0.047999999999998266,0.3260000000000005,-0.004000000000001336,-0.09999999999999787,qso
1.1231800000000014,0.42994299999999797,0.19445300000000287,0.06167199999999795,star
0.18799999999999883,0.09600000000000009,0.12199999999999989,0.10500000000000043,qso
0.4540000000000006,-0.0710000000000015,-0.11899999999999977,-0.11700000000000088,wd
0.5259999999999998,0.1180000000000021,0.07699999999999818,-0.14300000000000068,wd
-0.16199999999999903,-0.7200000000000024,-0.04999999999999716,-0.09500000000000242,wd
0.0019999999999988916,-0.3550000000000004,-0.28500000000000014,-0.347999999999999,wd
0.4410000000000025,-0.10999999999999943,-0.04100000000000037,-0.22900000000000276,wd
0.11999999999999744,0.3049999999999997,0.1410000000000018,0.06500000000000128,qso
1.159495999999999,0.42115599999999986,0.14430100000000046,0.018895999999999802,star
0.21300000000000097,-0.28600000000000136,-0.26899999999999835,-0.277000000000001,wd
1.2258379999999995,0.4239350000000002,0.14960100000000054,0.0707000000000022,star
0.3719999999999999,0.10500000000000043,-0.0030000000000001137,-0.1509999999999998,wd
0.3329999999999984,-0.22100000000000009,-0.23799999999999955,-0.1930000000000014,wd
0.2959999999999994,-0.3360000000000021,-0.27199999999999847,-0.29299999999999926,wd
0.045999999999999375,0.24199999999999733,0.11100000000000065,0.46799999999999997,qso
0.4289999999999985,-0.007999999999999119,-0.06700000000000017,-0.28699999999999903,wd
1.824546999999999,0.7154180000000014,0.23512000000000022,0.1342629999999989,star
0.5549999999999997,-0.1789999999999985,-0.21600000000000108,0.07400000000000162,wd
-0.038000000000000256,-0.25,-0.25900000000000034,-0.07299999999999685,wd
0.22299999999999898,0.03100000000000236,0.31400000000000006,0.02499999999999858,qso
1.1996000000000002,0.46833600000000075,0.18404999999999916,0.039079000000000974,star
0.20200000000000173,-0.0940000000000012,0.16699999999999804,0.13700000000000045,qso
2.6652299999999975,1.296913,0.5516570000000005,0.37527000000000044,star
-0.3360000000000021,-0.5399999999999991,-0.3049999999999997,-0.3769999999999989,wd
0.1280000000000001,0.010999999999999233,0.21599999999999753,0.037000000000002586,qso
-0.01699999999999946,-0.013999999999999346,0.19899999999999807,0.08000000000000185,qso
1.2769999999999975,0.2140000000000022,0.06099999999999994,0.0779999999999994,qso
1.0202560000000034,0.32566599999999823,0.11353500000000061,0.06012199999999979,star
0.30100000000000193,0.09199999999999875,0.3190000000000026,0.19699999999999918,qso
0.27800000000000225,-0.23000000000000043,-0.365000000000002,0.19900000000000162,wd
1.175265999999997,0.44756900000000144,0.1523690000000002,0.2735209999999988,star
0.20500000000000185,0.16599999999999682,0.08200000000000074,0.12900000000000134,qso
1.435215000000003,0.5570029999999981,0.24274499999999932,0.07634300000000138,star
0.06099999999999994,-0.1109999999999971,0.16599999999999682,0.20400000000000063,qso
0.44700000000000273,0.36799999999999855,0.29299999999999926,0.2190000000000012,qso
0.6409999999999982,0.7379999999999995,0.3190000000000026,0.31299999999999883,qso
1.1130770000000005,0.4078609999999987,0.1926280000000009,0.07928000000000068,star
1.7061600000000006,0.6759389999999996,0.2699379999999998,0.06739800000000074,star
1.1566009999999984,0.401644000000001,0.15199099999999888,0.02643899999999988,star
0.5190000000000019,0.08999999999999986,-0.12700000000000244,0.17999999999999972,qso
0.14199999999999946,0.17999999999999972,0.012999999999998124,-0.015999999999998238,qso
0.13400000000000034,0.09700000000000131,0.1769999999999996,-0.027000000000001023,qso
0.22100000000000009,-0.31400000000000006,-0.2629999999999981,-0.30200000000000315,wd
1.4648460000000014,0.5679489999999987,0.20073000000000008,0.11590100000000092,star
0.3999999999999986,0.02300000000000324,-0.019000000000001904,0.12600000000000122,wd
-0.24799999999999756,-0.45899999999999963,-0.24900000000000233,-0.16300000000000026,wd
1.3219999999999992,0.10099999999999909,0.2740000000000009,0.6769999999999996,qso
1.225828,0.48818199999999834,0.15671299999999988,0.08065800000000323,star
2.308529,1.057853999999999,0.41640100000000047,0.2325569999999999,star
0.2339999999999982,0.07000000000000028,0.21199999999999974,0.012000000000000455,qso
1.7783939999999987,0.7447279999999985,0.2268010000000018,0.12532500000000013,star
0.43400000000000105,0.42799999999999727,1.2330000000000005,0.8859999999999992,wd
0.3670000000000009,-0.06300000000000239,0.15000000000000213,0.045999999999999375,qso
-0.11599999999999966,-0.4089999999999989,-0.2930000000000028,-0.2259999999999991,wd
1.2653480000000012,0.4800129999999996,0.14503800000000133,0.03094100000000033,star
1.637594,0.5929399999999987,0.23682799999999915,0.05372000000000199,star
0.28500000000000014,-0.0470000000000006,0.17100000000000293,0.022999999999999687,qso
0.29100000000000037,-0.06400000000000006,0.12300000000000111,-0.07400000000000162,qso
0.20200000000000173,0.08899999999999864,0.09100000000000108,-0.0660000000000025,qso
0.5809999999999995,-0.17900000000000205,-0.21799999999999997,-0.012999999999998124,wd
0.1039999999999992,0.45700000000000074,0.3269999999999982,0.4770000000000003,qso
2.3590449999999983,1.0743620000000007,0.5038119999999999,0.24313300000000027,star
1.648730999999998,0.6574419999999996,0.29925500000000227,0.1728670000000001,star
2.3378569999999996,1.1147169999999988,0.4419840000000015,0.26342599999999905,star
0.11199999999999832,-0.3520000000000003,-0.3329999999999984,-0.0920000000000023,wd
0.1750000000000007,0.03500000000000014,0.2289999999999992,0.05099999999999838,qso
0.3990000000000009,-0.13200000000000145,-0.13799999999999812,-0.053000000000000824,wd
0.17099999999999937,-0.30600000000000094,-0.27399999999999736,-0.0920000000000023,wd
0.28300000000000125,-0.23199999999999932,-0.2950000000000017,-0.11799999999999855,wd
0.45500000000000185,0.5030000000000001,-0.019000000000001904,0.03300000000000125,qso
0.13299999999999912,0.12399999999999878,0.18599999999999994,0.19500000000000028,qso
1.268452,-0.11329100000000025,-0.0599330000000009,0.008793000000000717,star
1.3311400000000013,0.47387400000000035,0.13431699999999935,0.060102000000000544,star
0.6069999999999993,0.09700000000000131,0.027999999999998693,0.1479999999999997,qso
0.4140000000000015,-0.09299999999999997,-0.13300000000000267,-0.2069999999999972,wd
0.44200000000000017,-0.20200000000000173,-0.19299999999999784,-0.3760000000000012,wd
0.30100000000000193,0.054999999999999716,0.23699999999999832,0.09500000000000242,qso
2.579218000000001,1.239100999999998,0.4819070000000014,0.24794499999999964,star
-0.347999999999999,-0.4750000000000014,-0.3739999999999988,-0.3769999999999989,wd
-0.4460000000000015,-0.5199999999999996,-0.3609999999999971,-0.30900000000000105,wd
-0.3260000000000005,-0.34999999999999787,-0.13600000000000279,0.062000000000001165,wd
1.102653,0.3880499999999998,0.15903899999999993,0.06411699999999954,star
0.14699999999999847,0.08300000000000196,0.19500000000000028,0.04299999999999926,qso
0.11599999999999966,0.14700000000000202,0.17999999999999972,-0.06099999999999994,qso
-0.4870000000000019,-0.532,-0.4319999999999986,-0.3539999999999992,wd
0.021000000000000796,-0.4209999999999994,-0.2729999999999997,-0.30600000000000094,wd
0.4510000000000005,-0.19500000000000028,-0.23100000000000165,-0.09899999999999665,wd
0.3260000000000005,0.0730000000000004,-0.0030000000000001137,0.16699999999999804,qso
0.4800000000000022,-0.02000000000000135,-0.0519999999999996,-0.11100000000000065,wd
0.9770350000000008,0.2688239999999986,0.1265490000000007,0.04178399999999982,star
0.134999999999998,-0.1479999999999997,0.08099999999999952,0.1440000000000019,qso
0.4559999999999995,0.09700000000000131,-0.03100000000000236,0.42700000000000315,qso
1.1909080000000003,0.5304150000000014,0.2779919999999976,0.0913560000000011,star
0.18500000000000227,0.09600000000000009,0.08999999999999986,0.14899999999999736,qso
0.39000000000000057,0.04999999999999716,-0.004999999999999005,-0.16900000000000048,wd
0.38000000000000256,-0.23600000000000065,-0.2190000000000012,-0.18499999999999872,wd
1.8700289999999988,0.7431809999999999,0.28626700000000227,0.141216,star
0.11700000000000088,0.08399999999999963,0.09700000000000131,0.26799999999999713,qso
1.0579509999999992,0.28205099999999916,0.2209380000000003,0.03469400000000178,star
1.3763579999999997,0.3710780000000007,0.2440640000000016,0.10832299999999861,star
0.12399999999999878,0.036000000000001364,0.2469999999999999,-0.010000000000001563,qso
0.35800000000000054,0.10300000000000153,-0.08600000000000207,0.012000000000000455,wd
0.994375999999999,0.4136500000000005,0.1917710000000028,0.054493999999998266,star
0.1490000000000009,0.06800000000000139,0.17999999999999972,-0.015000000000000568,qso
0.40500000000000114,-0.06299999999999883,0.4029999999999987,0.19399999999999906,qso
1.1732499999999995,0.4066890000000001,0.1848060000000018,0.02564299999999875,star
2.1076580000000007,0.8943469999999998,0.35568800000000067,0.18206900000000026,star
2.5712569999999992,1.1704340000000002,0.4553459999999987,0.23095299999999952,star
0.027999999999998693,0.04299999999999926,0.10600000000000165,0.08899999999999864,qso
-0.036000000000001364,-0.07000000000000028,0.2270000000000003,0.23900000000000077,qso
0.1930000000000014,0.17599999999999838,0.18700000000000117,-0.0940000000000012,qso
1.9579999999999984,0.38300000000000267,0.11399999999999721,0.02400000000000091,qso
0.09699999999999775,0.02400000000000091,0.22299999999999898,0.15000000000000213,qso
0.30900000000000105,-0.0710000000000015,0.22100000000000009,0.028999999999999915,qso
1.4460729999999984,0.6041610000000013,0.25272500000000164,0.129686999999997,star
0.26899999999999835,0.08300000000000196,0.2519999999999989,-0.04100000000000037,qso
0.09600000000000009,0.20199999999999818,-0.06099999999999994,-0.24499999999999744,qso
0.4540000000000006,-0.15800000000000125,-0.12399999999999878,-0.21300000000000097,wd
0.43799999999999883,-0.22499999999999787,-0.2270000000000003,-0.20599999999999952,wd
-0.0010000000000012221,-0.34199999999999875,-0.30600000000000094,-0.4049999999999976,wd
0.06400000000000006,-0.3550000000000004,-0.375,-0.2010000000000005,wd
0.2710000000000008,0.0070000000000014495,-0.07499999999999929,-0.14300000000000068,wd
0.2010000000000005,0.02400000000000091,0.3030000000000008,-0.006000000000000227,qso
-0.10699999999999932,-0.3309999999999995,-0.2940000000000005,-0.3039999999999985,wd
1.5195499999999988,0.5826910000000005,0.19211599999999862,0.05301500000000203,star
0.2010000000000005,0.16000000000000014,0.2240000000000002,0.2049999999999983,qso
0.2519999999999989,0.2900000000000027,0.31400000000000006,0.01699999999999946,qso
1.3566819999999993,0.5458040000000004,0.2847059999999999,0.0139320000000005,star
-0.08699999999999974,-0.4380000000000024,-0.3260000000000005,-0.22999999999999687,wd
0.3949999999999996,0.062000000000001165,-0.06099999999999994,-0.14999999999999858,wd
0.5329999999999977,0.740000000000002,1.0730000000000004,0.6600000000000001,wd
0.2759999999999998,0.13899999999999935,-0.09699999999999775,0.06400000000000006,qso
2.54026,1.3101669999999999,0.7084740000000007,0.40915999999999997,star
0.48300000000000054,-0.03100000000000236,-0.05299999999999727,-0.0660000000000025,wd
0.07900000000000063,0.11799999999999855,0.33500000000000085,0.10099999999999909,qso
0.3219999999999992,0.07699999999999818,-0.021999999999998465,-0.1769999999999996,wd
2.520861,1.3263169999999995,0.5853099999999998,0.2613770000000013,star
0.4280000000000008,-0.20599999999999952,-0.23400000000000176,-0.11499999999999844,wd
0.4469999999999992,0.03399999999999892,0.02500000000000213,-0.13800000000000168,wd
1.017633,0.5333369999999995,0.21027300000000082,0.11048899999999762,star
0.9775600000000004,0.3504700000000014,0.09846100000000035,0.013763999999998333,star
0.13299999999999912,-0.31799999999999784,-0.25700000000000145,-0.3119999999999976,wd
1.0462279999999993,0.2799579999999988,0.08915100000000109,-0.019154000000000337,star
0.3860000000000028,0.2699999999999996,0.16300000000000026,-0.05100000000000193,qso
0.41799999999999926,-0.0030000000000001137,-0.09499999999999886,-0.05900000000000105,wd
-0.2839999999999989,-0.3960000000000008,-0.30600000000000094,-0.3539999999999992,wd
0.08000000000000185,0.19599999999999795,0.036000000000001364,-0.03399999999999892,qso
0.22800000000000153,0.19200000000000017,0.19200000000000017,0.19399999999999906,qso
-0.13000000000000256,0.1280000000000001,0.33800000000000097,0.015000000000000568,qso
2.507427,1.3510840000000002,0.7118000000000002,0.3847310000000004,star
0.1460000000000008,0.14399999999999835,0.13100000000000023,0.037000000000002586,qso
2.3480159999999977,1.0002330000000015,0.40342899999999915,0.17661400000000071,star
0.1700000000000017,0.09299999999999997,0.19699999999999918,-0.09299999999999997,qso
0.24599999999999866,0.2950000000000017,0.030000000000001137,-0.02500000000000213,qso
0.013000000000001677,0.1819999999999986,0.09499999999999886,0.05799999999999983,qso
0.34999999999999787,0.5730000000000004,0.7010000000000005,0.4670000000000023,wd
0.055999999999997385,0.4009999999999998,0.15200000000000102,0.3150000000000013,qso
1.4149999999999991,0.18900000000000006,0.03300000000000125,0.04400000000000048,qso
0.2469999999999999,0.28200000000000003,0.3030000000000008,-0.053999999999998494,qso
0.29100000000000037,-0.14199999999999946,0.1509999999999998,0.1479999999999997,qso
1.112318000000002,0.267042,0.08635299999999901,0.08164400000000072,star
1.4077529999999996,0.4716009999999997,0.1374190000000013,0.08880999999999872,star
1.2213840000000005,0.45968600000000137,0.1468609999999977,0.07744900000000143,star
1.3011419999999987,0.4306830000000019,0.1756859999999989,0.0625700000000009,star
0.13500000000000156,0.22399999999999665,0.30600000000000094,0.08500000000000085,qso
0.14999999999999858,-0.23300000000000054,-0.13299999999999912,-0.26500000000000057,wd
0.47499999999999787,-0.13400000000000034,-0.2560000000000002,-0.06199999999999761,wd
0.5620000000000012,0.13400000000000034,-0.04100000000000037,0.23499999999999943,qso
0.24799999999999756,0.1460000000000008,0.09700000000000131,0.31299999999999883,qso
1.384915999999997,0.45805000000000007,0.17153800000000174,0.2097680000000004,star
0.06299999999999883,0.1620000000000026,0.10699999999999932,-0.07199999999999918,qso
1.3296829999999993,0.5225849999999994,0.1813260000000021,0.07426099999999991,star
2.4884509999999977,1.3074840000000023,0.5763249999999989,0.2949660000000005,star
0.3100000000000023,0.09100000000000108,0.0329999999999977,-0.05000000000000071,wd
0.0070000000000014495,0.24200000000000088,0.44399999999999906,0.09799999999999898,qso
0.43299999999999983,-0.16600000000000037,-0.1490000000000009,-0.3049999999999997,wd
2.5366980000000012,1.233039999999999,0.5389970000000002,0.25114699999999957,star
0.46499999999999986,-0.18299999999999983,-0.21799999999999997,-0.27500000000000213,wd
0.12600000000000122,0.19699999999999918,0.3290000000000006,0.0259999999999998,qso
-0.004999999999999005,0.23300000000000054,-0.0010000000000012221,-0.029999999999997584,qso
0.5,-0.1559999999999988,-0.16499999999999915,-0.2640000000000029,wd
0.5570000000000022,0.5150000000000006,0.41899999999999693,0.08800000000000097,qso
0.3069999999999986,0.004000000000001336,0.01899999999999835,-0.22100000000000009,wd
0.2980000000000018,-0.03399999999999892,-0.142000000000003,0.32200000000000273,qso
1.0494769999999995,0.3924089999999989,0.12683999999999962,-0.0027849999999993713,star
0.1980000000000004,0.14699999999999847,-0.08099999999999952,0.1280000000000001,qso
0.3760000000000012,0.26099999999999923,0.13799999999999812,-0.003999999999997783,qso
0.15800000000000125,0.3069999999999986,-0.053000000000000824,-0.10999999999999943,qso
0.40700000000000003,0.027999999999998693,0.5869999999999997,0.5560000000000009,wd
1.7244470000000014,0.6535019999999996,0.31085000000000207,0.14657199999999904,star
0.9807169999999985,0.36188800000000043,0.14618899999999968,0.04930700000000243,star
0.43400000000000105,0.14899999999999736,0.46300000000000097,0.10300000000000153,qso
0.856579,0.3501170000000009,0.1192050000000009,0.09612500000000068,star
1.1510710000000017,0.4362679999999983,0.15547600000000017,0.02745800000000287,star
1.2402060000000006,0.5557459999999992,0.13133000000000195,0.09247399999999928,star
0.2469999999999999,0.2759999999999998,-0.10199999999999676,-0.04400000000000048,qso
2.540840000000003,1.2141209999999987,0.44622900000000065,0.2526079999999986,star
0.14399999999999835,0.08600000000000207,-0.10600000000000165,0.018000000000000682,qso
0.5169999999999995,0.16300000000000026,0.010999999999999233,0.0030000000000001137,wd
0.06700000000000017,0.3130000000000024,0.09799999999999898,0.352999999999998,qso
2.6067890000000027,1.4040199999999992,0.9282659999999989,0.3852709999999995,star
0.012999999999998124,-0.21799999999999997,-0.14199999999999946,-0.11700000000000088,wd
0.19899999999999807,0.08500000000000085,0.05700000000000216,0.09399999999999764,qso
1.2859999999999978,0.2010000000000005,-0.18100000000000094,0.037000000000002586,qso
0.1980000000000004,0.05699999999999861,0.2710000000000008,-0.00999999999999801,qso
0.4180000000000028,-0.18700000000000117,-0.12399999999999878,-0.18700000000000117,wd
0.31599999999999895,-0.027999999999998693,-0.022999999999999687,0.125,qso
0.23799999999999955,0.06500000000000128,0.4599999999999973,0.08500000000000085,qso
0.4480000000000004,-0.10600000000000165,-0.21699999999999875,-0.21999999999999886,wd
0.2710000000000008,-0.19900000000000162,-0.25,-0.013999999999999346,wd
0.6780000000000008,0.33800000000000097,0.10999999999999943,0.25400000000000134,qso
0.1750000000000007,0.5,0.5569999999999986,0.40600000000000236,wd
0.3960000000000008,-0.125,-0.09499999999999886,-0.43400000000000105,wd
0.40500000000000114,-0.3180000000000014,-0.2190000000000012,-0.1720000000000006,wd
0.1769999999999996,-0.29100000000000037,-0.2240000000000002,-0.3279999999999994,wd
0.2740000000000009,0.2270000000000003,0.06299999999999883,0.0010000000000012221,qso
0.26399999999999935,0.18599999999999994,0.8560000000000016,0.7119999999999997,wd
-0.05900000000000105,0.31200000000000117,0.0070000000000014495,0.1059999999999981,qso
0.0710000000000015,-0.24599999999999866,-0.3630000000000031,-1.0169999999999995,wd
0.31799999999999784,0.0660000000000025,0.04199999999999804,-0.0030000000000001137,qso
0.05900000000000105,-0.20899999999999963,-0.17700000000000315,-0.2129999999999974,wd
0.07000000000000028,0.15000000000000213,0.06299999999999883,-0.053000000000000824,qso
1.2041809999999984,0.35322200000000237,0.13885099999999895,0.01714899999999986,star
0.8817139999999988,0.16904200000000102,0.07667599999999908,-0.045631999999997674,star
0.9704969999999982,0.30884200000000206,0.11877999999999744,0.03728100000000012,star
0.597999999999999,0.05699999999999861,0.2690000000000019,0.10899999999999821,qso
2.2996479999999977,0.9785990000000009,0.3388680000000015,0.2204309999999996,star
1.1671130000000005,0.37398300000000084,0.14639799999999958,0.04323099999999869,star
1.7088549999999998,0.6470599999999997,0.30154800000000037,0.14936700000000158,star
0.25900000000000034,0.1479999999999997,0.277000000000001,0.06800000000000139,qso
0.3200000000000003,-0.054999999999999716,-0.12200000000000344,-0.16199999999999903,wd
0.4450000000000003,-0.1280000000000001,-0.1490000000000009,-0.31400000000000006,wd
0.10699999999999932,0.2029999999999994,-0.03399999999999892,-0.1750000000000007,qso
1.1963709999999992,0.44632000000000005,0.1701929999999976,0.09174700000000158,star
2.576440999999999,1.1031259999999996,0.5048190000000012,0.16842899999999972,star
1.4633369999999992,0.6056869999999996,0.2316830000000003,0.10916699999999935,star
2.537931999999998,1.170356,0.5155060000000002,0.29340299999999964,star
1.2001069999999991,0.5094670000000008,0.1528109999999998,0.043217999999999535,star
-0.006999999999997897,0.09999999999999787,0.08399999999999963,-0.021999999999998465,qso
2.643231,1.2155869999999993,0.46339799999999975,0.31216500000000025,star
0.3000000000000007,0.3620000000000019,0.022999999999999687,0.2579999999999991,qso
0.3789999999999978,0.3100000000000023,-0.07500000000000284,0.11100000000000065,qso
0.4200000000000017,-0.0920000000000023,-0.03200000000000003,-0.19200000000000017,wd
0.14300000000000068,-0.08999999999999986,-0.11400000000000077,-0.14399999999999835,wd
1.7681010000000015,0.7355269999999976,0.2476920000000007,0.11423699999999926,star
0.2510000000000012,0.2560000000000002,0.0799999999999983,0.007999999999999119,qso
0.36100000000000065,-0.09199999999999875,-0.1620000000000026,-0.19699999999999918,wd
0.43100000000000094,-0.17900000000000205,-0.15899999999999892,-0.4200000000000017,wd
1.762995,0.6690690000000004,0.23119599999999885,0.1264219999999998,star
0.0779999999999994,0.1319999999999979,0.4540000000000006,-0.16900000000000048,qso
0.6199999999999974,0.15800000000000125,0.05099999999999838,-0.045999999999999375,wd
0.17800000000000082,0.11799999999999855,0.3390000000000022,-0.019000000000001904,qso
-0.39899999999999913,-0.5240000000000009,-0.37400000000000233,-0.3089999999999975,wd
1.3705770000000008,0.511410999999999,0.11468599999999896,0.10219000000000023,star
-0.2010000000000005,-0.33200000000000074,-0.2839999999999989,-0.18500000000000227,wd
-0.006000000000000227,0.02400000000000091,0.2339999999999982,0.245000000000001,qso
0.11400000000000077,0.3009999999999984,-0.09899999999999665,-0.015000000000000568,qso
1.211818000000001,0.491124000000001,0.21853299999999898,0.017758000000000607,star
1.3814700000000002,0.5929869999999973,0.22809200000000018,0.024204000000001002,star
0.7910000000000004,0.7510000000000012,0.6690000000000005,0.39199999999999946,wd
1.442501,0.5711990000000018,0.3511380000000006,-0.001225000000001586,star
0.254999999999999,0.05799999999999983,0.10999999999999943,-0.04299999999999926,qso
0.37400000000000233,-0.03400000000000247,-0.10099999999999909,-0.13599999999999923,wd
0.06899999999999906,0.24600000000000222,0.16999999999999815,0.3440000000000012,qso
0.46699999999999875,-0.09199999999999875,-0.08200000000000074,-0.23900000000000077,wd
1.407860000000003,0.5486729999999973,0.25266300000000186,0.06962899999999905,star
0.2129999999999974,-0.2560000000000002,-0.29999999999999716,-0.26000000000000156,wd
0.05700000000000216,0.31400000000000006,0.14000000000000057,-0.006000000000000227,qso
0.06700000000000017,0.11100000000000065,0.16799999999999926,0.2740000000000009,qso
0.2569999999999979,0.03200000000000003,0.7110000000000021,0.7330000000000005,wd
2.757931000000003,1.403648999999998,1.0026660000000014,0.5340699999999998,star
0.41999999999999815,0.0070000000000014495,0.1479999999999997,-0.013999999999999346,qso
1.0811789999999988,0.3766570000000016,0.11477000000000004,0.039042999999999495,star
0.4559999999999995,0.129999999999999,0.08999999999999986,0.2699999999999996,qso
2.469290000000001,1.1182250000000007,0.44323200000000007,0.20105399999999918,star
0.6030000000000015,0.15399999999999991,0.021999999999998465,-0.09299999999999997,wd
0.3269999999999982,-0.01699999999999946,0.14499999999999957,0.1670000000000016,qso
0.3180000000000014,-0.24099999999999966,-0.26699999999999946,-0.4920000000000009,wd
0.43100000000000094,0.04800000000000182,-0.022999999999999687,0.06700000000000017,wd
-0.030999999999998806,0.28200000000000003,0.0,-0.16300000000000026,qso
1.1753239999999998,0.4217809999999993,0.17085100000000253,0.07391199999999998,star
0.1529999999999987,-0.15200000000000102,-0.23899999999999721,-0.3620000000000019,wd
2.6258470000000003,1.2316939999999992,0.47466099999999933,0.3042940000000005,star
0.5899999999999999,0.1789999999999985,0.3420000000000023,0.029999999999997584,qso
2.496174,1.1163329999999991,0.41784400000000055,0.19534900000000022,star
0.3360000000000021,0.022999999999999687,0.013999999999999346,0.09700000000000131,qso
0.43599999999999994,0.01799999999999713,0.4190000000000005,0.370000000000001,qso
0.379999999999999,-0.03500000000000014,-0.09600000000000009,-0.053999999999998494,wd
-0.3960000000000008,-0.48499999999999943,-0.37099999999999866,-0.32700000000000173,wd
0.46999999999999886,-0.16600000000000037,-0.18299999999999983,0.027000000000001023,wd
1.4142229999999998,0.4747480000000017,0.18646099999999777,0.08108299999999957,star
0.41799999999999926,-0.21199999999999974,-0.27199999999999847,-0.20500000000000185,wd
0.45500000000000185,0.019999999999999574,0.30900000000000105,-0.04899999999999949,qso
0.120000000000001,0.28300000000000125,0.13599999999999923,0.04100000000000037,qso
0.3149999999999977,0.019000000000001904,-0.16000000000000014,0.16499999999999915,qso
0.22000000000000242,-0.2140000000000022,-0.29999999999999716,-0.10400000000000276,wd
0.2010000000000005,0.22500000000000142,0.2339999999999982,-0.04400000000000048,qso
-0.02499999999999858,-0.2530000000000001,-0.18900000000000006,-0.16400000000000148,wd
1.727447999999999,0.6969510000000021,0.29978499999999997,0.17043899999999823,star
0.4250000000000007,-0.11399999999999721,-0.17100000000000293,-0.20599999999999952,wd
0.2589999999999968,-0.18599999999999994,0.1509999999999998,0.0730000000000004,qso
0.28500000000000014,0.16199999999999903,0.004999999999999005,0.1960000000000015,qso
0.4940000000000033,0.03599999999999781,0.01699999999999946,-0.07099999999999795,wd
0.08699999999999974,0.18499999999999872,-0.1490000000000009,0.08600000000000207,qso
1.3552670000000013,0.4952900000000007,0.162901999999999,0.03235100000000024,star
0.2789999999999999,0.14000000000000057,0.14499999999999957,-0.1559999999999988,qso
0.28699999999999903,0.06400000000000006,-0.047999999999998266,-0.1460000000000008,wd
0.5779999999999994,0.05699999999999861,-0.053999999999998494,0.29299999999999926,qso
0.1509999999999998,-0.15700000000000003,-0.16499999999999915,-0.31299999999999883,wd
0.04400000000000048,0.36599999999999966,0.043000000000002814,-0.04800000000000182,qso
1.2510660000000016,0.4728490000000001,0.150033999999998,0.037107000000002444,star
0.23200000000000287,0.007999999999999119,-0.13899999999999935,0.06199999999999761,wd
0.13200000000000145,-0.3689999999999998,-0.31200000000000117,-0.4450000000000003,wd
0.2579999999999991,0.022999999999999687,0.16000000000000014,0.4299999999999997,qso
0.1769999999999996,0.125,0.2510000000000012,0.022999999999999687,qso
-0.015000000000000568,0.10300000000000153,0.2069999999999972,0.2010000000000005,qso
0.20500000000000185,-0.33999999999999986,-0.20800000000000196,-0.36499999999999844,wd
0.15899999999999892,0.13800000000000168,0.41600000000000037,-0.006000000000000227,qso
0.2289999999999992,0.5249999999999986,0.052000000000003155,-0.09100000000000108,qso
1.1323340000000002,0.4139330000000001,0.15450099999999978,0.05743400000000065,star
1.0097790000000018,0.37895599999999874,0.15723999999999805,0.006902000000000186,star
0.08899999999999864,0.08900000000000219,0.28200000000000003,0.012000000000000455,qso
0.1479999999999997,0.2829999999999977,0.15300000000000225,0.009000000000000341,qso
0.19000000000000128,0.03399999999999892,0.13100000000000023,-0.09499999999999886,qso
1.259767,0.5065899999999992,0.18260800000000188,0.032394000000000034,star
0.8722150000000006,0.47936400000000035,0.1258890000000008,0.05503299999999811,star
0.31899999999999906,0.0730000000000004,-0.13300000000000267,0.11600000000000321,qso
-0.16600000000000037,0.38200000000000145,-0.019999999999999574,-0.04100000000000037,qso
-0.06900000000000261,-0.30299999999999727,-0.21100000000000207,-0.3949999999999996,wd
1.116149,0.39558099999999996,0.15503999999999962,0.04764199999999974,star
0.3410000000000011,-0.22300000000000253,-0.2579999999999991,-0.19399999999999906,wd
-0.0019999999999988916,0.1039999999999992,0.3359999999999985,-0.012000000000000455,qso
1.1380000000000017,0.26899999999999835,0.3200000000000003,0.2220000000000013,qso
0.36400000000000077,0.006999999999997897,-0.0019999999999988916,-0.16300000000000026,wd
1.6142980000000016,0.5930079999999993,0.1977499999999992,0.10325199999999946,star
1.8136900000000011,0.6893770000000004,0.2548940000000002,0.10634299999999897,star
0.30799999999999983,0.48499999999999943,0.10800000000000054,0.04400000000000048,qso
0.41499999999999915,-0.12300000000000111,-0.14199999999999946,-0.129999999999999,wd
0.25099999999999767,-0.18099999999999739,0.15700000000000003,0.16600000000000037,qso
0.4349999999999987,-0.31799999999999784,-0.24899999999999878,-0.29900000000000304,wd
0.5139999999999993,0.06299999999999883,-0.02499999999999858,-0.027999999999998693,wd
-0.09799999999999898,-0.39199999999999946,-0.31200000000000117,-0.16400000000000148,wd
1.6195130000000013,0.5910449999999994,0.185651,0.08057300000000112,star
1.7594069999999995,0.6145700000000005,0.22972199999999887,0.10494800000000026,star
2.221869999999999,0.8752429999999976,0.2759990000000023,0.1723189999999981,star
0.28999999999999915,-0.14000000000000057,-0.1769999999999996,-0.24200000000000088,wd
1.2293170000000018,0.4837530000000001,0.16148899999999955,0.11514299999999977,star
0.13100000000000023,0.053000000000000824,0.1769999999999996,0.129999999999999,qso
0.44200000000000017,-0.21300000000000097,-0.23699999999999832,-0.16900000000000048,wd
0.4450000000000003,-0.04200000000000159,-0.16499999999999915,-0.1670000000000016,wd
1.2826459999999997,0.4529350000000001,0.1416170000000001,0.02309800000000095,star
0.16600000000000037,0.0259999999999998,0.1930000000000014,-0.013999999999999346,qso
0.34299999999999997,0.07199999999999918,-0.04100000000000037,0.16699999999999804,qso
0.5019999999999989,-0.06099999999999994,0.14000000000000057,0.23100000000000165,qso
1.8209009999999992,0.8131179999999993,0.33902500000000124,0.16784400000000055,star
-0.14300000000000068,-0.3509999999999991,-0.16300000000000026,-0.28000000000000114,wd
0.09500000000000242,-0.09500000000000242,0.3210000000000015,-0.03399999999999892,qso
0.23699999999999832,-0.3009999999999984,-0.32500000000000284,-0.04499999999999815,wd
1.532160000000001,0.6432739999999981,0.18046000000000006,0.1021099999999997,star
2.713909000000001,1.2022099999999991,0.4221269999999997,0.26809800000000017,star
0.4939999999999998,0.04899999999999949,-0.0070000000000014495,-0.07399999999999807,wd
2.2262109999999993,1.0399080000000005,0.43639000000000117,0.2393219999999996,star
1.1589899999999993,0.4461240000000011,0.1357670000000013,0.07470799999999755,star
0.4209999999999994,-0.08500000000000085,-0.13899999999999935,-0.6859999999999999,wd
-0.07000000000000028,-0.36599999999999966,-0.259999999999998,-0.2430000000000021,wd
-0.2339999999999982,-0.4380000000000024,-0.33899999999999864,-0.33300000000000196,wd
0.0990000000000002,0.26699999999999946,0.22100000000000009,0.18700000000000117,qso
1.0727139999999977,0.38527300000000153,0.09381999999999735,0.09172500000000028,star
1.252755999999998,0.486148,0.20504800000000145,0.052239000000000146,star
1.2872559999999993,0.5417500000000004,0.200762000000001,0.07606300000000132,star
0.39199999999999946,-0.24099999999999966,-0.1960000000000015,0.04800000000000182,wd
0.2530000000000001,-0.2960000000000029,-0.24499999999999744,-0.2660000000000018,wd
-0.1579999999999977,-0.3150000000000013,-0.2959999999999994,-0.28500000000000014,wd
0.09600000000000009,0.045000000000001705,0.28500000000000014,0.07900000000000063,qso
-0.05999999999999872,-0.38400000000000034,-0.2920000000000016,-0.44299999999999784,wd
0.3769999999999989,-0.013999999999999346,-0.0519999999999996,-0.17400000000000304,wd
1.4454650000000022,0.4869439999999976,0.19264300000000212,0.08329499999999967,star
0.23400000000000176,0.18999999999999773,0.04200000000000159,-0.045999999999999375,qso
2.6298299999999983,1.2872160000000008,0.7926690000000001,0.5005649999999999,star
1.4562360000000005,0.5319590000000005,0.15623399999999954,0.053641000000000716,star
1.4743190000000013,0.5690349999999995,0.21427699999999916,0.1208329999999993,star
0.007999999999999119,-0.3819999999999979,-0.24200000000000088,-0.21799999999999997,wd
0.41000000000000014,-0.23400000000000176,-0.13899999999999935,-0.26599999999999824,wd
0.40700000000000003,-0.08800000000000097,-0.1269999999999989,-0.1720000000000006,wd
-0.08900000000000219,-0.34199999999999875,-0.22500000000000142,-0.08099999999999952,wd
0.10500000000000043,0.19699999999999918,0.2259999999999991,0.022000000000002018,qso
0.11599999999999966,0.16999999999999815,0.2140000000000022,-0.06900000000000261,qso
-0.120000000000001,-0.28500000000000014,-0.23499999999999943,-0.3619999999999983,wd
1.2514119999999984,0.4873890000000003,0.16139599999999987,0.1022369999999988,star
1.2860249999999986,0.49661000000000044,0.1589400000000012,0.10916699999999935,star
0.44299999999999784,0.42900000000000205,0.7659999999999982,0.5360000000000014,wd
0.07399999999999807,0.23199999999999932,-0.08999999999999986,-0.014999999999997016,qso
1.9783380000000008,0.7785529999999987,0.2922210000000014,0.12443199999999877,star
0.1529999999999987,0.26699999999999946,0.20500000000000185,-0.09799999999999898,qso
1.3691150000000007,0.49098800000000153,0.20174199999999942,0.042453999999999326,star
0.3680000000000021,0.17299999999999827,-0.021999999999998465,-0.04899999999999949,qso
0.264999999999997,-0.21399999999999864,-0.11700000000000088,-0.04299999999999926,wd
0.2289999999999992,-0.2629999999999981,-0.25,-0.2840000000000025,wd
0.3319999999999972,-0.27199999999999847,-0.1490000000000009,-0.11899999999999977,wd
0.05100000000000193,-0.1039999999999992,-0.21000000000000085,-0.09199999999999875,wd
-0.1509999999999998,-0.48100000000000165,-0.3119999999999976,-0.28800000000000026,wd
0.19200000000000017,-0.34299999999999997,-0.23499999999999943,-0.11500000000000199,wd
0.2740000000000009,-0.16400000000000148,-0.259999999999998,0.038000000000000256,wd
1.2731180000000002,0.47885699999999787,0.17400400000000005,0.05075900000000111,star
1.722366000000001,0.6140309999999971,0.21787700000000143,0.11756300000000053,star
0.21099999999999852,0.3030000000000008,0.10699999999999932,-0.08599999999999852,qso
1.6974389999999993,0.6858039999999974,0.2547340000000027,0.15970300000000037,star
1.3138369999999995,0.5144520000000021,0.18115499999999862,0.08607600000000026,star
0.35300000000000153,-0.09700000000000131,0.13800000000000168,-0.009000000000000341,qso
0.38899999999999935,0.19500000000000028,0.038000000000000256,0.09999999999999787,qso
0.2940000000000005,0.3460000000000001,0.18799999999999883,0.08000000000000185,qso
1.8926559999999988,0.7011420000000008,0.2484749999999991,0.12282599999999988,star
0.42700000000000315,0.4659999999999975,0.10300000000000153,0.004999999999999005,qso
0.45700000000000074,0.07399999999999807,-0.12099999999999866,0.19599999999999795,qso
0.5350000000000001,-0.030000000000001137,-0.1529999999999987,-0.12300000000000111,wd
1.0502660000000006,0.39509499999999953,0.16389999999999993,0.0322849999999999,star
0.3760000000000012,0.26699999999999946,0.06599999999999895,0.3810000000000002,qso
0.9170699999999989,0.321276000000001,0.13433799999999962,0.013681999999999306,star
0.45700000000000074,0.1509999999999998,0.0990000000000002,0.09100000000000108,qso
0.15500000000000114,0.01799999999999713,0.3080000000000034,0.010999999999999233,qso
1.5696169999999992,0.5583460000000002,0.20017999999999958,0.08328799999999958,star
0.23999999999999844,-0.3299999999999983,-0.3290000000000006,-0.23700000000000188,wd
1.084507000000002,0.4274219999999982,0.19908400000000093,0.1081669999999999,star
1.010669,0.4279849999999996,-0.002886000000000166,0.11394999999999911,star
0.3279999999999994,0.25900000000000034,0.08200000000000074,0.028000000000002245,qso
0.3550000000000004,-0.0010000000000012221,-0.018000000000000682,-0.17599999999999838,wd
0.3979999999999997,-0.19599999999999795,-0.23300000000000054,-0.24200000000000088,wd
-0.08399999999999963,0.2959999999999994,0.05699999999999861,-0.01799999999999713,qso
1.9912830000000028,0.7696729999999974,0.2853960000000022,0.15826399999999907,star
0.0,-0.0470000000000006,0.22300000000000253,0.21599999999999753,qso
0.13299999999999912,0.1509999999999998,0.18700000000000117,0.08599999999999852,qso
0.6699999999999982,0.2270000000000003,-0.13100000000000023,0.26399999999999935,wd
0.5800000000000018,-0.1180000000000021,-0.3349999999999973,-0.31200000000000117,wd
0.37299999999999756,0.06500000000000128,-0.06800000000000139,-0.05699999999999861,wd
0.1880000000000024,-0.20500000000000185,-0.24200000000000088,-0.33899999999999864,wd
0.4339999999999975,0.1490000000000009,-0.04499999999999815,-0.1490000000000009,wd
-0.3410000000000011,-0.4809999999999981,-0.3569999999999993,-0.8420000000000023,wd
-0.08099999999999952,-0.272000000000002,-0.24799999999999756,-0.26200000000000045,wd
0.1739999999999995,-0.3819999999999979,-0.3290000000000006,-0.1930000000000014,wd
1.7276130000000016,0.6620359999999987,0.2651140000000005,0.12141100000000016,star
1.3890269999999987,0.6198779999999999,0.15608600000000195,0.14237799999999723,star
-0.018000000000000682,-0.39399999999999835,-0.31200000000000117,-0.3710000000000022,wd
1.2376219999999982,0.43674800000000147,0.12497899999999973,0.09350399999999937,star
0.10500000000000043,0.012000000000000455,0.2839999999999989,-0.2099999999999973,qso
0.29299999999999926,0.12900000000000134,0.10800000000000054,0.16499999999999915,qso
1.8356160000000017,0.7725429999999989,0.27342399999999856,0.12333600000000189,star
0.20700000000000074,0.09100000000000108,0.4089999999999989,0.35600000000000165,wd
0.11100000000000065,-0.3760000000000012,-0.3150000000000013,-0.10999999999999943,wd
2.0784260000000003,0.9462469999999996,0.33088100000000153,0.1874369999999992,star
0.2870000000000026,0.09399999999999764,0.0,0.04100000000000037,qso
1.5414600000000007,0.5315399999999997,0.21270399999999867,0.06904800000000044,star
0.22499999999999787,-0.11999999999999744,0.06199999999999761,0.08000000000000185,qso
0.05700000000000216,-0.30600000000000094,-0.33200000000000074,-0.34699999999999775,wd
0.3180000000000014,0.07700000000000173,-0.08400000000000318,0.3260000000000005,qso
1.2176639999999992,0.47032199999999946,0.1400160000000028,0.050004999999998745,star
0.20600000000000307,0.21999999999999886,0.6750000000000007,0.44599999999999795,wd
0.5599999999999987,0.01899999999999835,-0.022999999999999687,-0.013999999999999346,wd
-0.009000000000000341,-0.3089999999999975,-0.28100000000000236,-0.27199999999999847,wd
0.015000000000000568,-0.036999999999999034,0.2129999999999974,-0.045999999999999375,qso
0.28699999999999903,0.06700000000000017,0.24599999999999866,0.18000000000000327,qso
0.1059999999999981,0.04100000000000037,0.2759999999999998,-0.12300000000000111,qso
0.8817409999999981,0.3151260000000011,0.10354699999999895,0.034635000000001526,star
0.045999999999999375,0.14800000000000324,0.18299999999999983,0.22399999999999665,qso
-0.004000000000001336,-0.18299999999999983,0.41699999999999804,0.43700000000000117,wd
1.8453250000000025,0.670285999999999,0.2622739999999997,0.12199700000000036,star
1.1857340000000018,0.3859399999999997,0.09381799999999885,0.018721000000001098,star
0.17300000000000182,0.021000000000000796,-0.0660000000000025,-0.10799999999999699,wd
1.3524630000000002,0.6529749999999979,0.24592799999999926,0.18874700000000288,star
1.1110499999999988,0.4615210000000012,0.17140599999999928,0.06216299999999997,star
0.21599999999999753,-0.3249999999999993,-0.24200000000000088,-0.2729999999999997,wd
0.011000000000002785,0.24099999999999966,0.006000000000000227,-0.10800000000000054,qso
0.26399999999999935,0.23600000000000065,0.028999999999999915,0.19699999999999918,qso
0.4170000000000016,-0.027999999999998693,-0.1390000000000029,-0.10299999999999798,wd
0.10400000000000276,0.1999999999999993,0.0990000000000002,-0.013000000000001677,qso
1.531994000000001,0.5424849999999992,0.21765100000000004,0.07236699999999985,star
0.17299999999999827,-0.2759999999999998,-0.2309999999999981,-0.2710000000000008,wd
0.3880000000000017,-0.07499999999999929,-0.1670000000000016,-0.17299999999999827,wd
2.5094509999999985,1.3243030000000005,0.6698059999999995,0.3322200000000013,star
0.4120000000000026,0.0030000000000001137,-0.13300000000000267,-0.24499999999999744,wd
0.5580000000000034,0.22799999999999798,0.09299999999999997,0.20599999999999952,qso
0.3219999999999992,0.10400000000000276,0.07900000000000063,0.12099999999999866,qso
0.26399999999999935,-0.3309999999999995,-0.2560000000000002,-0.28600000000000136,wd
0.2079999999999984,0.3210000000000015,-0.16199999999999903,-0.04400000000000048,qso
0.06099999999999994,-0.3569999999999993,-0.2699999999999996,-0.0519999999999996,wd
0.44799999999999685,-0.04299999999999926,-0.0519999999999996,-0.1559999999999988,wd
0.36799999999999855,-0.14399999999999835,-0.20500000000000185,-0.129999999999999,wd
0.5479999999999983,-0.09699999999999775,-0.1479999999999997,-0.125,wd
0.05600000000000094,0.31599999999999895,-0.15899999999999892,0.7300000000000004,qso
1.8862440000000014,0.7362320000000011,0.26674699999999874,0.1391050000000007,star
-0.012000000000000455,-0.2699999999999996,-0.23600000000000065,-0.2740000000000009,wd
0.43700000000000117,-0.1819999999999986,-0.24600000000000222,-0.0730000000000004,wd
1.3151189999999993,0.5136600000000016,0.2028269999999992,0.1492679999999993,star
1.9795130000000007,0.7894020000000008,0.2521109999999993,0.14536499999999997,star
0.34999999999999787,0.0470000000000006,-0.03500000000000014,0.04800000000000182,wd
0.5100000000000016,0.19599999999999795,0.05999999999999872,-0.09799999999999898,wd
0.13500000000000156,0.07600000000000051,-0.04899999999999949,0.5539999999999985,qso
0.9109039999999986,0.27852800000000144,0.09548699999999855,0.05889000000000166,star
0.1960000000000015,0.15399999999999991,0.14499999999999957,0.07399999999999807,qso
0.38200000000000145,-0.26500000000000057,-0.2920000000000016,-0.19500000000000028,wd
2.4429869999999987,1.0060019999999987,0.35318800000000117,0.17170800000000064,star
0.2749999999999986,0.028000000000002245,-0.06300000000000239,-0.11700000000000088,wd
1.2571779999999997,0.48636399999999824,0.2006149999999991,0.052590000000002135,star
-0.07500000000000284,-0.44899999999999807,-0.34800000000000253,0.28800000000000026,wd
0.21499999999999986,0.11499999999999844,0.2510000000000012,0.010000000000001563,qso
0.36599999999999966,0.14700000000000202,-0.09700000000000131,0.21699999999999875,qso
2.4967059999999996,1.013100999999999,0.46968400000000265,0.21185999999999972,star
0.08800000000000097,-0.3680000000000021,-0.2569999999999979,-0.3019999999999996,wd
2.285236000000001,0.9609709999999989,0.2608859999999993,0.18239699999999992,star
0.07399999999999807,-0.3059999999999974,-0.31099999999999994,-0.2980000000000018,wd
0.9600000000000009,0.5189999999999984,0.22000000000000242,0.34299999999999997,qso
2.281735000000001,0.9480049999999984,0.3091700000000017,0.2112659999999984,star
0.0259999999999998,-0.357999999999997,-0.2970000000000006,0.08399999999999963,wd
1.913999999999998,1.0050000000000026,0.9549999999999983,0.7590000000000003,wd
0.5399999999999991,0.2010000000000005,0.01699999999999946,0.08200000000000074,wd
0.5449999999999982,0.036999999999999034,0.2630000000000017,-0.010999999999999233,qso
0.3639999999999972,-0.1529999999999987,0.23999999999999844,0.06700000000000017,qso
0.38400000000000034,0.1479999999999997,0.036000000000001364,-0.15000000000000213,wd
0.40700000000000003,0.2579999999999991,0.03500000000000014,0.21499999999999986,qso
-0.1509999999999998,-0.39099999999999824,-0.3150000000000013,-0.2839999999999989,wd
0.10300000000000153,0.40800000000000125,0.06400000000000006,-0.019000000000001904,qso
1.3248619999999995,0.4612230000000004,0.16290500000000208,-0.010128000000001691,star
-0.11499999999999844,-0.3359999999999985,-0.2840000000000025,-0.26899999999999835,wd
2.368314999999999,0.996258000000001,0.3405009999999997,0.2359379999999991,star
0.5040000000000013,0.13800000000000168,0.05699999999999861,-0.07199999999999918,wd
1.7959050000000012,0.7347459999999977,0.2879700000000014,0.15290999999999855,star
0.22100000000000009,-0.03400000000000247,-0.08999999999999986,-0.10200000000000031,wd
0.22100000000000009,0.2680000000000007,0.25,0.08299999999999841,qso
1.7898500000000013,0.6893779999999996,0.2692610000000002,0.12743400000000094,star
1.128425,0.3986010000000011,0.13780000000000037,0.03715099999999971,star
0.34199999999999875,-0.2630000000000017,-0.31299999999999883,-0.09299999999999997,wd
0.25900000000000034,0.259999999999998,0.23300000000000054,0.09100000000000108,qso
0.10300000000000153,0.28200000000000003,-0.09100000000000108,-0.11499999999999844,qso
2.6031689999999976,1.1855180000000018,0.5073469999999993,0.28132100000000015,star
1.1353660000000012,0.3088610000000003,0.097135999999999,0.10847800000000163,star
-0.31099999999999994,-0.3180000000000014,0.19200000000000017,0.245000000000001,wd
0.40700000000000003,0.33200000000000074,0.36499999999999844,-0.04400000000000048,qso
0.04100000000000037,-0.07399999999999807,-0.22300000000000253,-0.20599999999999952,wd
0.36299999999999955,-0.09600000000000009,0.10900000000000176,-0.012000000000000455,qso
0.03999999999999915,0.28100000000000236,0.06899999999999906,-0.019999999999999574,qso
2.341846999999998,1.1053099999999993,0.43401400000000123,0.18979500000000016,star
0.32200000000000273,-0.29900000000000304,-0.2889999999999979,-0.35300000000000153,wd
-0.0010000000000012221,0.05100000000000193,0.6519999999999975,0.6820000000000022,wd
0.16199999999999903,0.19500000000000028,0.28500000000000014,0.11100000000000065,qso
0.2079999999999984,0.1039999999999992,-0.17999999999999972,0.09299999999999997,qso
1.365038000000002,0.4479939999999978,0.18389400000000222,0.0675309999999989,star
0.14000000000000057,0.40500000000000114,0.010999999999999233,0.02499999999999858,qso
2.4070950000000018,0.9784969999999991,0.26116200000000056,0.1472010000000008,star
0.029000000000003467,0.15199999999999747,0.0070000000000014495,0.06400000000000006,qso
-0.06700000000000017,0.0259999999999998,0.19899999999999807,0.12900000000000134,qso
2.5214919999999985,1.2561360000000015,0.4241489999999981,0.33412299999999995,star
1.2706700000000009,0.4180849999999996,0.17327899999999907,0.02247400000000077,star
-0.495000000000001,-0.4869999999999983,-0.3730000000000011,-0.3509999999999991,wd
1.5710920000000002,0.6193029999999986,0.24909200000000098,0.10954699999999917,star
0.11700000000000088,0.03500000000000014,0.10200000000000031,0.03399999999999892,qso
-0.11499999999999844,0.13599999999999923,0.3099999999999987,0.29100000000000037,wd
1.7171099999999981,0.6080120000000022,0.25546199999999963,0.11240499999999898,star
0.12900000000000134,-0.35300000000000153,-0.3049999999999997,-0.3719999999999999,wd
0.1559999999999988,0.08099999999999952,0.18599999999999994,0.1650000000000027,qso
1.5126430000000006,0.5473680000000005,0.20289999999999964,0.061617999999999284,star
-0.02400000000000091,0.2950000000000017,-0.03100000000000236,-0.05699999999999861,qso
-0.3329999999999984,-0.4350000000000023,-0.31799999999999784,-0.29100000000000037,wd
1.0972709999999992,0.4682630000000003,0.19646099999999933,-0.0048789999999989675,star
0.4640000000000022,-0.1390000000000029,-0.29499999999999815,0.05999999999999872,wd
1.118041999999999,0.38892600000000144,0.16217200000000176,0.010629999999999029,star
0.3200000000000003,0.1579999999999977,-0.1109999999999971,0.11299999999999955,qso
-0.04099999999999682,0.21499999999999986,0.013999999999999346,-0.054999999999999716,qso
2.3241820000000004,0.988977000000002,0.336549999999999,0.15395399999999881,star
0.2569999999999979,0.0020000000000024443,-0.0779999999999994,-0.3500000000000014,wd
2.154883999999999,0.8905409999999989,0.32475700000000174,0.19400800000000018,star
0.48100000000000165,-0.09299999999999997,-0.05700000000000216,-0.26799999999999713,wd
0.09800000000000253,0.19500000000000028,-0.08800000000000097,-0.0779999999999994,qso
0.259999999999998,0.22100000000000009,0.1390000000000029,0.5329999999999977,qso
2.4091319999999996,1.3260439999999996,0.7937650000000005,0.4020279999999996,star
1.1656569999999995,0.476465000000001,0.19947299999999935,0.027129999999999654,star
0.11200000000000188,-0.40700000000000003,-0.22100000000000009,-0.16100000000000136,wd
2.105651999999999,0.857444000000001,0.2605599999999999,0.12857299999999938,star
1.5481090000000002,0.5996440000000014,0.24113299999999782,0.10001700000000113,star
0.47199999999999775,-0.23499999999999943,-0.16000000000000014,-0.2959999999999994,wd
0.2729999999999997,-0.2729999999999997,-0.28000000000000114,-0.4109999999999978,wd
0.472999999999999,0.15500000000000114,0.1670000000000016,0.28200000000000003,qso
-0.08199999999999719,-0.04800000000000182,0.030000000000001137,0.44399999999999906,qso
-0.1880000000000024,-0.5279999999999987,-0.3309999999999995,-0.3069999999999986,wd
1.5027219999999986,0.6411380000000015,0.23549299999999818,0.11691500000000232,star
0.4139999999999979,0.013999999999999346,-0.16199999999999903,-0.16300000000000026,wd
0.16499999999999915,0.04499999999999815,0.23500000000000298,0.055999999999997385,qso
0.07399999999999807,0.12300000000000111,0.15200000000000102,0.18499999999999872,qso
1.2841000000000022,0.42844899999999875,0.15666199999999897,0.07230900000000062,star
1.0900350000000003,0.3757610000000007,0.16204399999999985,0.01304300000000147,star
0.08800000000000097,0.07599999999999696,0.27500000000000213,0.027000000000001023,qso
0.5309999999999988,0.0020000000000024443,-0.01699999999999946,-0.05700000000000216,wd
1.2887149999999998,0.447376000000002,0.14482500000000087,0.11543299999999945,star
0.23799999999999955,-0.28600000000000136,-0.21399999999999864,0.0519999999999996,wd
2.5083780000000004,1.4077350000000024,0.8916439999999977,0.3871720000000014,star
1.8470340000000007,0.7388419999999982,0.28535300000000063,0.2535570000000007,star
0.2960000000000029,0.17299999999999827,0.20700000000000074,0.04199999999999804,qso
0.21300000000000097,0.125,0.2359999999999971,-0.014999999999997016,qso
0.29100000000000037,0.1609999999999978,0.028999999999999915,0.1620000000000026,qso
0.5649999999999977,0.19099999999999895,0.37400000000000233,-0.03500000000000014,qso
-0.2190000000000012,-0.4339999999999975,-0.3550000000000004,0.014999999999997016,wd
1.5816739999999996,0.5864350000000016,0.22548699999999755,0.11820200000000014,star
2.226056,0.8401180000000004,0.26477799999999974,0.1498299999999979,star
0.2859999999999978,-0.26099999999999923,0.1039999999999992,0.06500000000000128,qso
1.8204949999999975,0.6588090000000015,0.23805999999999905,0.13272800000000018,star
0.03599999999999781,0.3180000000000014,-0.0259999999999998,-0.07199999999999918,qso
1.4071840000000009,0.5480639999999983,0.12982200000000077,0.07729999999999926,star
0.6380000000000017,0.791999999999998,0.8230000000000004,0.5390000000000015,wd
0.384999999999998,0.0,-0.05099999999999838,-0.060000000000002274,wd
0.015999999999998238,-0.3249999999999993,-0.3099999999999987,-0.2890000000000015,wd
0.07400000000000162,-0.26500000000000057,-0.28999999999999915,-0.25900000000000034,wd
-0.08399999999999963,-0.40800000000000125,-0.29299999999999926,-0.2950000000000017,wd
1.2523710000000001,0.5892869999999988,0.1843590000000006,0.10181299999999993,star
0.07399999999999807,0.2380000000000031,0.007999999999999119,-0.045000000000001705,qso
1.2682890000000029,0.3971139999999984,0.19419300000000206,0.03163199999999833,star
-0.036999999999999034,0.03999999999999915,0.07000000000000028,0.14399999999999835,qso
-0.09299999999999997,-0.11500000000000199,0.5250000000000021,-0.35900000000000176,qso
0.745000000000001,0.33200000000000074,0.5030000000000001,0.09600000000000009,qso
1.0854339999999993,0.3197960000000002,0.1405220000000007,0.08535000000000181,star
1.2084499999999991,0.42126200000000047,0.1329279999999997,-0.0015699999999991832,star
0.4009999999999998,-0.060000000000002274,-0.08399999999999963,-0.13599999999999923,wd
1.3449880000000007,0.4810099999999977,0.12246900000000238,0.06165499999999824,star
0.509999999999998,-0.2519999999999989,-0.19200000000000017,-0.18499999999999872,wd
0.39800000000000324,-0.2640000000000029,-0.16000000000000014,-0.2539999999999978,wd
0.5019999999999989,0.15200000000000102,0.023999999999997357,-0.08699999999999974,wd
2.553922,1.1010469999999977,0.40412900000000107,0.20224499999999956,star
0.29399999999999693,0.15600000000000236,0.134999999999998,0.28600000000000136,qso
0.06199999999999761,-0.11799999999999855,-0.10900000000000176,-0.2029999999999994,wd
0.17799999999999727,-0.054999999999999716,0.0779999999999994,0.10100000000000264,qso
0.3009999999999984,0.06500000000000128,-0.004999999999999005,-0.06599999999999895,wd
0.13600000000000279,-0.30900000000000105,-0.254999999999999,-0.4640000000000022,wd
0.04399999999999693,0.054999999999999716,0.2900000000000027,0.05799999999999983,qso
0.3000000000000007,-0.2759999999999998,-0.26500000000000057,-0.28500000000000014,wd
-0.012999999999998124,0.26200000000000045,0.06099999999999994,-0.07400000000000162,qso
1.8081460000000007,0.6696409999999986,0.36356500000000125,0.18727499999999964,star
0.125,-0.4330000000000034,-0.27699999999999747,-0.26399999999999935,wd
0.44599999999999795,0.1750000000000007,-0.03200000000000003,0.26399999999999935,qso
2.6898729999999986,1.2135569999999998,0.44623099999999916,0.31537400000000027,star
0.12399999999999878,0.39399999999999835,-0.010999999999999233,-0.0259999999999998,qso
0.03400000000000247,0.04299999999999926,0.08599999999999852,0.18400000000000105,qso
1.2630649999999974,0.44670500000000146,0.144285,0.07315900000000042,star
2.1979700000000015,0.947499999999998,0.3629610000000021,0.21011899999999883,star
0.1460000000000008,0.28100000000000236,0.10499999999999687,0.03900000000000148,qso
1.3145939999999996,0.44981800000000227,0.14526599999999945,0.03525100000000059,star
0.34299999999999997,-0.22800000000000153,-0.17099999999999937,-0.23700000000000188,wd
0.9096009999999985,0.276014,0.06990599999999958,0.021149000000001195,star
2.3543780000000005,1.0099009999999993,0.32554199999999867,0.1982980000000012,star
0.036999999999999034,0.013999999999999346,0.23799999999999955,0.08900000000000219,qso
0.9396379999999986,0.32132000000000005,0.11245500000000064,0.07052099999999939,star
0.09600000000000009,0.22299999999999898,0.1039999999999992,-0.10800000000000054,qso
0.509999999999998,0.48799999999999955,0.24099999999999966,0.08900000000000219,qso
0.357999999999997,-0.08899999999999864,-0.3219999999999992,-0.2140000000000022,wd
0.1559999999999988,-0.41799999999999926,-0.12599999999999767,-0.5160000000000018,wd
0.34699999999999775,0.3049999999999997,-0.04199999999999804,0.10999999999999943,qso
2.5039879999999997,1.3150289999999991,0.5335540000000023,0.2784199999999988,star
0.5069999999999979,0.11500000000000199,0.045999999999999375,-0.12300000000000111,wd
0.4540000000000006,-0.16799999999999926,-0.2610000000000028,-0.3219999999999992,wd
0.2510000000000012,-0.03900000000000148,0.19900000000000162,0.01799999999999713,qso
1.8324870000000004,0.7489069999999991,0.29113900000000115,0.13527299999999975,star
1.1608320000000028,0.26542599999999794,0.10190199999999905,-0.013980000000000103,star
0.3359999999999985,-0.2029999999999994,-0.08999999999999986,-0.39000000000000057,wd
1.2896460000000012,0.5403500000000001,0.14116599999999835,0.08977700000000155,star
0.16799999999999926,-0.08899999999999864,-0.1280000000000001,-0.06800000000000139,wd
1.5403340000000014,0.6020069999999986,0.2771370000000015,0.0982189999999985,star
1.3285879999999999,0.4413410000000013,0.15108000000000033,0.04646799999999729,star
1.2410560000000022,0.46087200000000017,0.12302199999999885,0.028354999999999464,star
1.4395260000000007,0.5638599999999983,0.2116819999999997,0.004941000000000528,star
1.1278259999999989,0.3276090000000025,0.13680599999999998,0.016866999999997745,star
0.6639999999999979,0.5190000000000019,0.03500000000000014,0.045999999999999375,qso
-0.054000000000002046,0.07900000000000063,0.17800000000000082,0.16000000000000014,qso
2.1459689999999974,0.8325960000000023,0.3642620000000001,0.2027259999999984,star
0.0710000000000015,0.4609999999999985,0.019000000000001904,-0.08300000000000196,qso
1.6636659999999992,0.6203639999999986,0.21240700000000068,0.09343900000000005,star
0.22300000000000253,-0.30100000000000193,-0.21799999999999997,-0.5169999999999995,wd
-0.25400000000000134,-0.2569999999999979,0.17599999999999838,0.21600000000000108,wd
0.18499999999999872,-0.07700000000000173,0.0940000000000012,-0.11100000000000065,qso
0.9292580000000008,0.2487819999999985,0.11835200000000157,-0.03990500000000097,star
1.6584200000000031,0.690299999999997,0.21500600000000247,0.10700199999999782,star
0.2859999999999978,-0.055999999999997385,0.857999999999997,0.559000000000001,wd
0.25400000000000134,0.13099999999999667,0.022000000000002018,0.038999999999997925,qso
0.6099999999999994,0.19000000000000128,0.11499999999999844,-0.027999999999998693,wd
0.16400000000000148,0.24899999999999878,-0.0019999999999988916,-0.19699999999999918,qso
-0.043000000000002814,0.05700000000000216,0.31799999999999784,-0.14399999999999835,qso
0.4059999999999988,-0.30799999999999983,-0.2190000000000012,-0.12399999999999878,wd
0.16600000000000037,-0.053000000000000824,0.2259999999999991,-0.03500000000000014,qso
2.751341,1.243696,0.5611499999999978,0.2692040000000002,star
-0.01699999999999946,-0.3309999999999995,-0.2839999999999989,-0.38200000000000145,wd
0.4440000000000026,0.09099999999999753,0.036000000000001364,0.3829999999999991,qso
0.09100000000000108,0.0589999999999975,0.23400000000000176,0.1319999999999979,qso
-0.2150000000000034,-0.4569999999999972,-0.3210000000000015,-0.3960000000000008,wd
0.15700000000000003,-0.37900000000000134,-0.31599999999999895,-0.26399999999999935,wd
-0.053999999999998494,-0.20800000000000196,-0.20599999999999952,-0.16300000000000026,wd
1.486184999999999,0.669352,0.2469820000000027,0.15236299999999758,star
0.5069999999999979,0.1750000000000007,0.04100000000000037,-0.1039999999999992,wd
1.2629920000000006,0.5422939999999983,0.21626100000000292,0.16696299999999908,star
0.3409999999999975,0.03999999999999915,0.22900000000000276,-0.06300000000000239,qso
0.11699999999999733,0.2220000000000013,-0.0019999999999988916,-0.20400000000000063,qso
0.4690000000000012,-0.18000000000000327,-0.23699999999999832,0.125,wd
0.38700000000000045,0.10299999999999798,-0.003999999999997783,-0.1039999999999992,wd
0.2270000000000003,0.2480000000000011,-0.06900000000000261,0.08200000000000074,qso
-0.054999999999999716,-0.4700000000000024,-0.2889999999999979,-0.16300000000000026,wd
0.6649999999999991,0.5470000000000006,0.43799999999999883,0.3730000000000011,qso
0.9425000000000026,0.2638299999999987,0.2512219999999985,-0.08977900000000005,star
1.7036249999999988,0.6530100000000019,0.2453889999999994,0.15274299999999918,star
0.5409999999999968,-0.39899999999999736,-0.2510000000000012,-0.2259999999999991,wd
0.3279999999999994,-0.27399999999999736,-0.1980000000000004,-0.25900000000000034,wd
0.10900000000000176,0.1509999999999998,-0.06899999999999906,0.04999999999999716,qso
1.5916850000000018,0.6345309999999991,0.3529309999999999,-0.045852000000000004,star
1.2402770000000007,0.41244000000000014,0.18564500000000095,0.06382099999999902,star
1.0717290000000013,0.3302960000000006,0.0936559999999993,0.038662000000002195,star
0.46399999999999864,0.08200000000000074,0.06599999999999895,-0.05600000000000094,wd
-0.020999999999997243,-0.23500000000000298,-0.21099999999999852,-0.1739999999999995,wd
0.2870000000000026,0.46699999999999875,0.17800000000000082,0.3520000000000003,qso
0.4519999999999982,-0.2469999999999999,-0.26500000000000057,-0.26599999999999824,wd
0.1479999999999997,-0.0030000000000001137,0.2029999999999994,0.1750000000000007,qso
-0.08199999999999719,-0.402000000000001,-0.3359999999999985,-0.34299999999999997,wd
0.3299999999999983,-0.2569999999999979,0.16199999999999903,0.1980000000000004,qso
1.8607769999999988,0.7213349999999998,0.2518000000000029,0.18285599999999747,star
1.5344939999999987,0.5371209999999991,0.20900500000000122,0.12189100000000153,star
0.522000000000002,-0.22100000000000009,-0.11100000000000065,-0.2759999999999998,wd
0.2749999999999986,-0.24399999999999977,-0.24200000000000088,-0.2339999999999982,wd
0.1059999999999981,0.14800000000000324,-0.06400000000000006,-0.125,qso
0.33100000000000307,0.08099999999999952,0.12899999999999778,-0.08099999999999952,qso
0.3290000000000006,0.0259999999999998,-0.045999999999999375,-0.09100000000000108,wd
0.13599999999999923,-0.31599999999999895,-0.26399999999999935,-0.013000000000001677,wd
1.3565690000000004,0.481856999999998,0.11740700000000004,0.07937800000000017,star
0.4480000000000004,0.19299999999999784,0.15300000000000225,-0.004000000000001336,qso
2.2625899999999994,0.8982829999999993,0.2843600000000013,0.146293,star
0.3049999999999997,-0.08399999999999963,0.06099999999999994,-0.09299999999999997,qso
0.2699999999999996,-0.13599999999999923,-0.15300000000000225,-0.1559999999999988,wd
-0.02499999999999858,-0.39199999999999946,-0.28100000000000236,-0.33399999999999963,wd
0.13299999999999912,-0.2839999999999989,-0.22100000000000009,-0.35999999999999943,wd
0.3039999999999985,-0.05999999999999872,0.2560000000000002,0.03200000000000003,qso
0.3210000000000015,0.11199999999999832,0.35999999999999943,0.22300000000000253,qso
1.4585550000000005,0.4655079999999998,0.2119870000000006,0.12934599999999996,star
2.1912839999999996,0.8885840000000016,0.3978099999999998,0.2003649999999979,star
1.4569319999999983,0.561065000000001,0.18861500000000042,0.08187700000000042,star
0.43900000000000006,0.11299999999999955,0.01899999999999835,-0.10099999999999909,wd
-0.13400000000000034,-0.43100000000000094,-0.28999999999999915,-0.43700000000000117,wd
0.12399999999999878,0.2530000000000001,0.1410000000000018,0.18700000000000117,qso
0.1819999999999986,0.012000000000000455,-0.03999999999999915,0.6269999999999989,qso
0.14699999999999847,0.2630000000000017,-0.1739999999999995,0.013999999999999346,qso
0.26899999999999835,0.10999999999999943,0.19000000000000128,-0.06400000000000006,qso
-0.011000000000002785,-0.26899999999999835,-0.33399999999999963,-0.1700000000000017,wd
0.5150000000000006,0.053000000000000824,-0.05900000000000105,-0.14099999999999824,wd
0.9649380000000001,0.20599699999999999,0.11422699999999963,0.024986999999999426,star
0.402000000000001,-0.29100000000000037,-0.24499999999999744,-0.2610000000000028,wd
1.128104999999998,0.5453130000000002,0.20891200000000154,0.10252200000000045,star
0.46399999999999864,-0.19900000000000162,-0.20199999999999818,0.009000000000000341,wd
0.3979999999999997,-0.0070000000000014495,-0.129999999999999,-0.25900000000000034,wd
1.4290640000000003,0.5350060000000028,0.20251599999999925,0.09498999999999924,star
1.7023960000000002,0.6766739999999984,0.24883799999999923,0.1170320000000018,star
1.4867109999999997,0.6078060000000001,0.24446999999999974,0.1425459999999994,star
0.9140000000000015,0.11499999999999844,0.13100000000000023,0.3509999999999991,qso
2.4879809999999978,1.2438760000000002,0.4306830000000019,0.24376399999999876,star
1.3464569999999991,0.4849399999999999,0.21759199999999979,0.07767400000000002,star
1.1561209999999988,0.4491769999999988,0.11825800000000086,0.03486200000000039,star
-0.053000000000000824,0.28300000000000125,0.06700000000000017,-0.036999999999999034,qso
0.46499999999999986,-0.0710000000000015,0.1460000000000008,0.11899999999999977,qso
0.22100000000000009,-0.06899999999999906,-0.01600000000000179,0.41799999999999926,qso
0.5019999999999989,0.06300000000000239,-0.03200000000000003,0.07599999999999696,qso
1.3696190000000001,0.549475000000001,0.19313999999999965,0.10234499999999969,star
-0.054000000000002046,-0.21099999999999852,-0.11299999999999955,0.003999999999997783,wd
-0.07199999999999918,-0.3460000000000001,-0.30600000000000094,-0.32099999999999795,wd
0.4869999999999983,-0.2740000000000009,-0.14699999999999847,-0.10000000000000142,wd
1.4018730000000001,0.5362400000000012,0.1786329999999996,0.07310099999999942,star
1.4935150000000021,0.6300939999999997,0.24204399999999993,0.10132999999999903,star
1.165528000000002,0.41595200000000077,0.15029399999999882,0.04780500000000032,star
1.989453000000001,0.7373219999999989,0.25331999999999866,0.1389490000000002,star
0.02499999999999858,0.3880000000000017,0.030000000000001137,-0.03200000000000003,qso
0.2629999999999981,0.08500000000000085,0.2079999999999984,-0.10199999999999676,qso
0.3619999999999983,-0.0030000000000001137,-0.08999999999999986,-0.14599999999999724,wd
1.4999949999999984,0.5278390000000002,0.20471999999999824,0.0792900000000003,star
1.3791030000000006,0.5771329999999999,0.22241,0.07048699999999997,star
0.16900000000000048,0.33200000000000074,0.125,-0.0779999999999994,qso
0.20200000000000173,0.25400000000000134,0.10099999999999909,0.00999999999999801,qso
0.5090000000000003,-0.15399999999999991,-0.19899999999999807,-0.30500000000000327,wd
0.26099999999999923,0.20400000000000063,0.1999999999999993,0.07499999999999929,qso
1.1949680000000011,0.5035699999999999,0.20727800000000052,0.059981000000000506,star
-0.20800000000000196,-0.4259999999999984,-0.3219999999999992,-0.45000000000000284,wd
1.2036650000000009,0.5015220000000014,0.13963099999999784,0.0991730000000004,star
1.498000000000001,0.2010000000000005,-0.129999999999999,0.16900000000000048,qso
0.1700000000000017,-0.29299999999999926,-0.2900000000000027,-0.1999999999999993,wd
0.4960000000000022,0.08999999999999986,-0.1460000000000008,0.09299999999999997,qso
0.28999999999999915,0.06700000000000017,0.2920000000000016,0.1039999999999992,qso
1.3035119999999978,0.4911240000000028,0.1627989999999997,0.08567799999999792,star
0.2240000000000002,0.2510000000000012,0.0030000000000001137,-0.014000000000002899,qso
0.13400000000000034,0.054999999999999716,0.2029999999999994,-0.019999999999999574,qso
1.0679180000000006,0.407665999999999,0.10512699999999953,0.04607700000000037,star
0.39299999999999713,-0.16899999999999693,0.532,0.5960000000000001,wd
1.7486250000000005,0.6582519999999992,0.2489889999999999,0.06214399999999998,star
0.030000000000001137,0.20199999999999818,0.09500000000000242,-0.009000000000000341,qso
0.2959999999999994,-0.2519999999999989,-0.31899999999999906,-0.26200000000000045,wd
1.2892159999999997,0.49935299999999927,0.191279999999999,0.08298500000000075,star
0.8243249999999982,0.2892530000000022,0.1424929999999982,0.0065400000000011005,star
0.4510000000000005,-0.06900000000000261,-0.14300000000000068,-0.14999999999999858,wd
0.3180000000000014,-0.030000000000001137,0.24099999999999966,0.01699999999999946,qso
0.13200000000000145,-0.17999999999999972,-0.17999999999999972,-0.35800000000000054,wd
0.14199999999999946,0.010999999999999233,0.16000000000000014,-0.02699999999999747,qso
0.19500000000000028,0.14399999999999835,0.35800000000000054,0.370000000000001,qso
0.007999999999999119,-0.006000000000000227,0.1910000000000025,0.19799999999999685,qso
1.0893550000000012,0.35225499999999954,0.21992099999999937,-0.05111300000000085,star
0.3789999999999978,0.13800000000000168,-0.022000000000002018,0.24900000000000233,qso
-0.40700000000000003,-0.44099999999999895,-0.4089999999999989,-0.25500000000000256,wd
0.02500000000000213,0.028999999999999915,0.18499999999999872,0.013999999999999346,qso
-0.14000000000000057,-0.34299999999999997,-0.23199999999999932,-0.22800000000000153,wd
0.5359999999999978,0.16600000000000037,0.014000000000002899,0.003999999999997783,wd
0.379999999999999,-0.006999999999997897,-0.11899999999999977,-0.1680000000000028,wd
0.009000000000000341,-0.3550000000000004,-0.28500000000000014,-0.30100000000000193,wd
1.1508140000000004,0.4073810000000009,0.17087499999999878,-0.004372999999997518,star
0.8497249999999994,0.3061779999999992,0.15300099999999972,-0.01693300000000164,star
0.3099999999999987,0.2010000000000005,0.04899999999999949,-0.015000000000000568,qso
0.16199999999999903,0.08000000000000185,0.2809999999999988,-0.08099999999999952,qso
0.6009999999999991,-0.08699999999999974,-0.20899999999999963,-0.2140000000000022,wd
1.0812460000000002,0.3897970000000015,0.1541940000000004,0.03815999999999775,star
1.1794110000000018,0.4209999999999994,0.17706599999999995,0.014355000000001894,star
-0.10799999999999699,-0.4190000000000005,-0.18700000000000117,-0.25700000000000145,wd
0.20899999999999963,0.1509999999999998,0.04200000000000159,0.15200000000000102,qso
1.0915260000000018,0.3877360000000003,0.13975199999999965,0.0797239999999988,star
-0.28100000000000236,-0.3769999999999989,-0.2749999999999986,-0.15600000000000236,wd
0.10900000000000176,0.08200000000000074,0.11399999999999721,0.24400000000000333,qso
1.754652,0.7550489999999996,0.285302999999999,0.15106199999999959,star
2.417769,0.9511310000000002,0.34747600000000034,0.17852900000000105,star
0.0259999999999998,-0.2259999999999991,0.19500000000000028,0.2749999999999986,qso
-0.21600000000000108,-0.41300000000000026,-0.31299999999999883,-0.347999999999999,wd
-0.4770000000000003,-0.49099999999999966,-0.3219999999999992,-0.3360000000000021,wd
1.7699560000000005,0.7415109999999991,0.2614079999999994,0.13823499999999989,star
0.31200000000000117,-0.015000000000000568,-0.036000000000001364,-0.43799999999999883,wd
0.4770000000000003,0.03500000000000014,-0.03500000000000014,-0.0470000000000006,wd
0.3190000000000026,-0.16000000000000014,-0.15800000000000125,-0.053000000000000824,wd
1.2595799999999997,0.4609740000000002,0.16715200000000152,0.059478999999999616,star
0.14399999999999835,0.04400000000000048,-0.027999999999998693,-0.08000000000000185,qso
-0.07000000000000028,-0.43400000000000105,-0.29499999999999815,-0.3219999999999992,wd
0.9750580000000006,0.27835600000000227,0.08718700000000013,0.038091999999998905,star
0.3549999999999969,-0.1319999999999979,0.20400000000000063,0.06299999999999883,qso
1.3238990000000008,0.48120099999999866,0.11974700000000027,0.08711199999999764,star
0.44899999999999807,0.21000000000000085,0.21000000000000085,-0.07700000000000173,qso
0.44399999999999906,-0.0329999999999977,-0.08699999999999974,-0.15000000000000213,wd
0.21099999999999852,0.037000000000002586,0.13299999999999912,-0.02499999999999858,qso
1.3131710000000005,0.4801549999999999,0.21415700000000015,0.06838199999999972,star
0.3309999999999995,0.6340000000000003,0.7340000000000018,0.3999999999999986,wd
1.0574210000000015,0.3760809999999992,0.15444400000000158,0.06493000000000038,star
0.9914500000000004,0.290890000000001,0.10172599999999932,0.02081500000000247,star
0.4989999999999988,0.08999999999999986,-0.019999999999999574,-0.03399999999999892,wd
0.2759999999999998,0.23000000000000043,0.15700000000000003,-0.036000000000001364,qso
0.2619999999999969,0.03400000000000247,0.3819999999999979,-0.05299999999999727,qso
1.223789,0.44060699999999997,0.14224499999999907,0.02390800000000226,star
2.5019019999999976,1.1498890000000017,0.45886600000000044,0.30502899999999933,star
0.04200000000000159,-0.33300000000000196,-0.25,-0.18799999999999883,wd
1.135120999999998,0.36172300000000135,0.13320099999999968,-0.0281179999999992,star
0.41999999999999815,-0.013999999999999346,-0.047999999999998266,-0.08300000000000196,wd
-0.038000000000000256,0.2690000000000019,0.11299999999999955,-0.054999999999999716,qso
0.938998999999999,0.2920030000000011,0.08306400000000025,0.04060699999999784,star
1.1465140000000016,0.38136800000000015,0.14952100000000002,0.015378000000000114,star
0.517000000000003,0.5529999999999973,1.029,0.6700000000000017,wd
2.3392449999999982,1.1522690000000022,0.5313719999999993,0.31346899999999955,star
0.03399999999999892,0.07900000000000063,-0.012000000000000455,-0.07000000000000028,qso
0.28600000000000136,0.07399999999999807,0.20599999999999952,0.06800000000000139,qso
-0.4280000000000008,-0.5129999999999981,-0.365000000000002,-0.2759999999999998,wd
1.0124689999999976,0.4929290000000002,0.17957800000000113,-0.055490000000000705,star
0.5399999999999991,-0.19099999999999895,-0.21799999999999997,-0.23600000000000065,wd
1.2629020000000004,0.5099499999999999,0.20949999999999847,0.11820399999999864,star
0.45899999999999963,0.06499999999999773,0.04200000000000159,-0.11400000000000077,wd
1.5202850000000012,0.5909650000000006,0.21609899999999982,0.11604499999999973,star
0.6230000000000011,-0.013000000000001677,0.07800000000000296,0.31099999999999994,qso
0.4759999999999991,-0.14499999999999957,-0.25700000000000145,-0.2629999999999981,wd
0.18700000000000117,0.07099999999999795,0.10800000000000054,0.14000000000000057,qso
0.4319999999999986,-0.15899999999999892,-0.14300000000000068,-0.19699999999999918,wd
0.4450000000000003,0.21600000000000108,0.08299999999999841,-0.055999999999997385,wd
0.16000000000000014,0.08299999999999841,0.12600000000000122,-0.062000000000001165,qso
0.47800000000000153,-0.018000000000000682,-0.08399999999999963,-0.15700000000000003,wd
0.12300000000000111,-0.01899999999999835,0.03599999999999781,0.5340000000000025,qso
2.0458430000000014,0.8519709999999989,0.3134359999999994,0.18992300000000029,star
0.46699999999999875,-0.23499999999999943,-0.2579999999999991,-0.25400000000000134,wd
0.4519999999999982,-0.1999999999999993,-0.22299999999999898,-0.08000000000000185,wd
0.23799999999999955,-0.07699999999999818,0.19299999999999784,0.022999999999999687,qso
0.4440000000000026,-0.25,-0.1460000000000008,-0.04299999999999926,wd
1.2433620000000012,0.41913999999999874,0.13023199999999946,-0.012357999999998981,star
0.8850879999999997,0.22126599999999996,0.07884699999999967,0.04255900000000068,star
1.1132639999999974,0.38699300000000036,0.1386780000000023,0.1282989999999984,star
0.370000000000001,0.12199999999999989,0.054999999999999716,0.1930000000000014,qso
0.15399999999999991,0.16600000000000037,0.06400000000000006,0.19000000000000128,qso
0.1130000000000031,0.24399999999999977,-0.10200000000000031,0.09199999999999875,qso
0.5579999999999998,-0.21399999999999864,-0.19000000000000128,-0.15800000000000125,wd
2.5705709999999975,1.0592260000000024,0.3682509999999972,0.18494100000000202,star
0.4580000000000002,-0.30299999999999905,-0.20300000000000118,-0.27500000000000036,wd
0.13799999999999812,0.33800000000000097,-0.03200000000000003,-0.09600000000000009,qso
1.1891520000000018,0.4034089999999999,0.0766139999999993,0.00376700000000163,star
0.48999999999999844,0.13400000000000034,-0.03500000000000014,0.0990000000000002,qso
1.021806999999999,0.380827,0.11488899999999802,0.015095000000002301,star
0.015000000000000568,-0.3290000000000006,-0.3099999999999987,-0.375,wd
1.3854080000000017,0.5756149999999991,0.21931599999999918,0.08809200000000139,star
0.17199999999999704,0.16100000000000136,0.17300000000000182,-0.24200000000000088,qso
0.38000000000000256,-0.0400000000000027,-0.07599999999999696,-0.2190000000000012,wd
0.2759999999999998,0.10299999999999798,0.20000000000000284,0.31299999999999883,qso
0.38899999999999935,-0.07399999999999807,-0.09600000000000009,-0.7150000000000034,wd
1.0855669999999975,0.4111670000000025,0.11785799999999824,0.030779000000000778,star
0.46199999999999974,-0.07900000000000063,-0.10000000000000142,-0.28999999999999915,wd
-0.02699999999999747,-0.3880000000000017,-0.34199999999999875,-0.5459999999999994,wd
0.4969999999999999,-0.05700000000000216,-0.004999999999999005,0.045999999999999375,qso
1.4008079999999978,0.5244730000000004,0.18777899999999903,0.09990100000000268,star
2.3397499999999987,0.9044310000000007,0.3754589999999993,0.20440400000000025,star
1.561,0.22100000000000009,0.06500000000000128,-0.07000000000000028,qso
0.11299999999999955,0.2150000000000034,-0.029000000000003467,-0.06799999999999784,qso
2.501753000000001,1.3349170000000008,0.579979999999999,0.33226400000000034,star
0.47199999999999775,-0.009000000000000341,-0.10299999999999798,-0.3390000000000022,wd
0.4209999999999994,-0.04199999999999804,0.4269999999999996,0.5389999999999979,wd
1.7808589999999995,0.638910000000001,0.1939239999999991,0.04563600000000001,star
2.289638,0.9489649999999976,0.4095600000000026,0.21111099999999894,star
0.32200000000000273,0.2569999999999979,0.10900000000000176,0.23499999999999943,qso
0.20400000000000063,0.16999999999999815,0.2950000000000017,0.2259999999999991,qso
0.12799999999999656,-0.34599999999999653,-0.27800000000000225,-0.29799999999999827,wd
0.41100000000000136,0.054999999999999716,-0.07400000000000162,-0.07699999999999818,wd
2.2024740000000023,0.9831660000000007,0.3752059999999986,0.20362100000000183,star
2.2092469999999977,0.9147500000000015,0.33200199999999924,0.19029800000000208,star
0.24399999999999977,0.2519999999999989,-0.047999999999998266,0.19099999999999895,qso
0.3219999999999992,-0.1869999999999976,-0.20400000000000063,-0.13800000000000168,wd
0.4090000000000025,-0.17600000000000193,-0.22100000000000009,-0.26799999999999713,wd
0.09299999999999997,0.10600000000000165,0.0009999999999976694,-0.029999999999997584,qso
1.3800000000000026,0.16999999999999815,0.054999999999999716,-0.019999999999999574,qso
0.4740000000000002,-0.11799999999999855,-0.02400000000000091,-0.41600000000000037,wd
0.2729999999999997,0.2220000000000013,-0.004000000000001336,0.2970000000000006,qso
-0.3730000000000011,-0.46999999999999886,-0.125,0.04200000000000159,wd
1.3706439999999986,0.5145400000000002,0.20022799999999918,0.10031999999999996,star
0.2660000000000018,0.5509999999999984,0.8399999999999999,0.5280000000000022,wd
0.15500000000000114,0.2839999999999989,0.2530000000000001,0.08500000000000085,qso
0.35100000000000264,-0.054000000000002046,-0.14300000000000068,-0.11199999999999832,wd
0.31099999999999994,-0.1620000000000026,0.17600000000000193,-0.19400000000000261,qso
1.168444000000001,0.43062699999999765,0.12843600000000066,0.07088800000000006,star
0.1980000000000004,-0.3810000000000002,-0.2220000000000013,-0.29100000000000037,wd
0.08599999999999852,0.012000000000000455,0.07600000000000051,0.1479999999999997,qso
0.4549999999999983,-0.0259999999999998,-0.09299999999999997,-0.06299999999999883,wd
0.33200000000000074,0.2079999999999984,0.30600000000000094,0.06700000000000017,qso
0.018000000000000682,0.05600000000000094,-0.11100000000000065,-0.08399999999999963,qso
0.38899999999999935,0.0799999999999983,-0.007999999999999119,0.29100000000000037,qso
-0.030999999999998806,-0.41499999999999915,-0.3240000000000016,-0.23600000000000065,wd
1.61017,0.5714649999999999,0.2183470000000014,0.1020620000000001,star
0.5420000000000016,-0.1490000000000009,-0.1819999999999986,-0.3930000000000007,wd
1.001044000000002,0.3356899999999996,0.0962859999999992,0.039543000000000106,star
-0.02499999999999858,-0.2530000000000001,-0.18900000000000006,-0.16400000000000148,wd
0.8533919999999995,0.26900499999999994,0.0733499999999978,0.032256000000000284,star
0.05799999999999983,0.13299999999999912,0.045999999999999375,-0.07299999999999685,qso
-0.012999999999998124,0.007999999999999119,0.23100000000000165,-0.0519999999999996,qso
0.04400000000000048,-0.3219999999999992,-0.2970000000000006,-0.43299999999999983,wd
0.4759999999999991,0.009000000000000341,-0.09499999999999886,-0.21399999999999864,wd
0.053999999999998494,0.1720000000000006,0.40800000000000125,0.07199999999999918,qso
0.5459999999999994,-0.06299999999999883,-0.04100000000000037,-0.18900000000000006,wd
0.5619999999999976,0.33000000000000185,0.37299999999999756,0.053000000000000824,qso
0.48799999999999955,0.44200000000000017,0.12599999999999767,0.2010000000000005,qso
-0.13400000000000034,-0.3979999999999997,-0.3470000000000013,-0.28200000000000003,wd
0.2610000000000028,0.03499999999999659,0.20000000000000284,-0.07600000000000051,qso
0.30400000000000205,0.2010000000000005,0.5739999999999981,0.7929999999999993,wd
0.9376940000000005,0.3218350000000001,0.09728600000000043,0.04421299999999917,star
-0.27699999999999747,-0.4140000000000015,-0.3719999999999999,-0.18100000000000094,wd
0.2010000000000005,-0.30400000000000205,-0.19599999999999795,-0.37900000000000134,wd
0.13700000000000045,-0.1670000000000016,0.3150000000000013,0.2309999999999981,qso
0.3769999999999989,0.05099999999999838,0.04200000000000159,-0.06400000000000006,wd
0.4609999999999985,0.043000000000002814,-0.06800000000000139,-0.12399999999999878,wd
-0.06700000000000017,-0.11699999999999733,0.2809999999999988,-0.16499999999999915,qso
1.5910910000000023,0.604222,0.2343289999999989,0.10787200000000041,star
-0.07499999999999929,-0.26399999999999935,-0.25500000000000256,-0.22299999999999898,wd
-0.01899999999999835,0.13899999999999935,0.347999999999999,-0.15399999999999991,qso
1.9074269999999984,0.6598170000000021,0.2501850000000001,0.062389999999998835,star
0.015999999999998238,0.19700000000000273,0.0009999999999976694,-0.12299999999999756,qso
0.4150000000000027,-0.6540000000000035,0.11400000000000077,-0.03599999999999781,wd
0.29299999999999926,-0.2530000000000001,-0.22299999999999898,0.015000000000000568,wd
0.3019999999999996,-0.2530000000000001,-0.21699999999999875,-0.23000000000000043,wd
1.3303639999999994,0.4857219999999991,0.1588460000000005,0.06813199999999853,star
2.4342240000000004,1.1198189999999997,0.43068699999999893,0.2527940000000015,star
1.145789999999998,0.40726500000000243,0.1250549999999997,0.035602999999998275,star
0.12599999999999767,0.1650000000000027,0.04099999999999682,-0.16199999999999903,qso
0.3230000000000004,0.03200000000000003,-0.03200000000000003,-0.13100000000000023,wd
0.1109999999999971,-0.3069999999999986,-0.2970000000000006,0.3780000000000001,wd
0.43700000000000117,0.08599999999999852,0.010000000000001563,-0.007999999999999119,wd
0.038000000000000256,0.015999999999998238,0.10800000000000054,0.18599999999999994,qso
0.43299999999999983,0.12399999999999878,-0.030999999999998806,-0.07499999999999929,wd
0.006999999999997897,-0.3550000000000004,-0.2889999999999979,-0.4430000000000014,wd
-0.22100000000000009,-0.4230000000000018,-0.3349999999999973,-0.45800000000000196,wd
0.33399999999999963,0.05900000000000105,0.08999999999999986,0.14300000000000068,qso
0.08200000000000074,-0.3450000000000024,-0.2809999999999988,-0.21399999999999864,wd
0.22799999999999798,-0.21699999999999875,-0.14000000000000057,-0.21600000000000108,wd
0.27199999999999847,0.2510000000000012,0.20399999999999707,0.30500000000000327,qso
1.128938999999999,0.3891819999999999,0.10055600000000098,0.03722999999999921,star
0.33699999999999974,-0.08800000000000097,-0.1750000000000007,-0.23300000000000054,wd
2.231569999999998,0.8733760000000004,0.32127200000000045,0.15675500000000042,star
0.3100000000000023,-0.15900000000000247,-0.24299999999999855,-0.021999999999998465,wd
0.5279999999999987,0.12600000000000122,-0.019000000000001904,-0.0259999999999998,wd
-0.15899999999999892,0.8490000000000002,0.04899999999999949,0.11299999999999955,qso
0.357999999999997,-0.16000000000000014,-0.23199999999999932,-0.2339999999999982,wd
-0.23100000000000165,-0.4540000000000006,-0.31400000000000006,-0.33699999999999974,wd
1.0455480000000001,0.35094400000000014,0.1402279999999987,0.0446749999999998,star
2.5438919999999996,1.214307999999999,0.5740510000000008,0.2695930000000004,star
2.0792470000000023,0.7641059999999982,0.298407000000001,0.07274400000000014,star
2.5798699999999997,1.1479719999999993,0.4740510000000029,0.2430279999999989,star
0.3940000000000019,0.03200000000000003,-0.11100000000000065,-0.12300000000000111,wd
0.5229999999999997,-0.09399999999999764,0.1789999999999985,0.35800000000000054,wd
-0.018000000000000682,-0.36599999999999966,-0.3490000000000002,-0.03599999999999781,wd
1.0903939999999999,0.4532949999999971,0.11008999999999958,0.03470500000000243,star
-0.4280000000000008,-0.48799999999999955,-0.3309999999999995,-0.3829999999999991,wd
0.259999999999998,-0.2839999999999989,-0.2839999999999989,-0.036000000000001364,wd
2.2464779999999998,0.9391440000000006,0.3559979999999996,0.13375000000000092,star
-0.48499999999999943,-0.4800000000000004,-0.4029999999999987,-0.1479999999999997,wd
0.38899999999999935,0.4250000000000007,0.13799999999999812,0.1490000000000009,qso
0.5289999999999999,-0.20199999999999818,-0.18499999999999872,-0.33200000000000074,wd
0.3780000000000001,0.2220000000000013,0.347999999999999,-0.15700000000000003,qso
-0.2539999999999978,-0.4490000000000016,-0.28600000000000136,-0.11899999999999977,wd
0.5309999999999988,-0.054999999999999716,-0.08300000000000196,-0.16499999999999915,wd
0.24799999999999756,0.1930000000000014,0.18599999999999994,-0.01600000000000179,qso
0.14199999999999946,0.3309999999999995,-0.08199999999999719,-0.18299999999999983,qso
0.0730000000000004,-0.4299999999999997,-0.25400000000000134,0.043000000000002814,wd
1.2225090000000023,0.4963339999999974,0.21415700000000015,0.07545700000000011,star
0.04899999999999949,0.19399999999999906,0.28300000000000125,-0.07399999999999807,qso
1.1224209999999992,0.38322700000000154,0.1288499999999999,0.0062200000000007805,star
0.9151190000000007,0.28762100000000146,0.12041199999999819,0.015025999999998874,star
1.9746659999999991,0.7630100000000013,0.22808700000000037,0.1414029999999986,star
1.2070829999999972,0.43882500000000135,0.1472699999999989,0.03222300000000011,star
0.48900000000000077,0.14000000000000057,-0.004000000000001336,-0.03300000000000125,wd
0.3410000000000011,-0.0940000000000012,-0.23799999999999955,-0.4239999999999995,wd
0.5769999999999982,0.20200000000000173,0.07399999999999807,0.1980000000000004,qso
1.8728069999999981,0.6802250000000001,0.24226400000000226,0.09497599999999906,star
0.4920000000000009,-0.027000000000001023,-0.13299999999999912,-0.10099999999999909,wd
0.03599999999999781,0.03999999999999915,0.16300000000000026,0.20599999999999952,qso
2.341702999999999,1.230837000000001,0.5580059999999989,0.24327100000000002,star
0.23600000000000065,0.053999999999998494,0.3999999999999986,0.07000000000000028,qso
1.1181410000000014,0.3689189999999982,0.1902050000000024,-0.07513400000000203,star
2.552892,1.2896559999999972,0.557456000000002,0.3580389999999998,star
1.7644629999999992,0.674944,0.26716100000000154,0.15114600000000067,star
1.1695080000000004,0.3458659999999991,0.16609900000000088,0.028163999999998524,star
1.3344379999999987,0.454070999999999,0.17134300000000025,0.03740900000000025,star
0.46300000000000097,-0.05999999999999872,0.01699999999999946,-0.021000000000000796,qso
2.7184920000000012,1.335837999999999,0.6567360000000004,0.31083899999999964,star
2.139704000000002,0.8232499999999998,0.264208,0.14368299999999934,star
1.3786500000000004,0.5216910000000006,0.1628009999999982,0.06584000000000145,star
1.736065,0.7294809999999998,0.32510699999999915,0.12886299999999906,star
-0.022999999999999687,-0.41000000000000014,-0.29299999999999926,-0.4209999999999994,wd
0.4280000000000008,-0.2959999999999994,-0.18599999999999994,-0.4499999999999993,wd
0.053000000000000824,0.021999999999998465,0.2690000000000019,0.0,qso
1.4799410000000002,0.47011499999999984,0.2848120000000005,0.03439700000000023,star
1.0307910000000007,0.24074500000000043,0.285145,0.04401799999999767,star
1.1174949999999981,0.35989999999999966,0.13337700000000297,0.04665099999999711,star
1.3193829999999984,0.4513220000000011,0.24446299999999965,-0.07051500000000033,star
0.4450000000000003,0.05900000000000105,0.12599999999999767,0.24099999999999966,qso
0.5,0.053999999999998494,-0.0009999999999976694,-0.15700000000000003,wd
0.48900000000000077,0.21199999999999974,0.22499999999999787,0.0920000000000023,qso
0.1980000000000004,0.23699999999999832,-0.007999999999999119,0.062000000000001165,qso
0.2630000000000017,0.37599999999999767,0.21499999999999986,0.11500000000000199,qso
0.3689999999999998,-0.20500000000000185,-0.24199999999999733,-0.19000000000000128,wd
0.0990000000000002,-0.2809999999999988,-0.1720000000000006,-0.5249999999999986,wd
0.277000000000001,0.07499999999999929,0.11400000000000077,0.17999999999999972,qso
2.6221289999999975,1.2638700000000007,0.49635100000000065,0.34076299999999904,star
0.24200000000000088,-0.259999999999998,-0.25900000000000034,-0.2480000000000011,wd
0.5340000000000025,0.2569999999999979,0.06400000000000006,0.012000000000000455,wd
1.4634269999999994,0.5840029999999992,0.19435599999999909,0.08382000000000112,star
1.1653790000000015,0.4059179999999998,0.14298900000000003,0.016785000000000494,star
0.21499999999999986,0.4469999999999992,0.052000000000003155,0.03599999999999781,qso
1.9272980000000004,0.7112740000000013,0.21918400000000027,0.13222899999999882,star
0.2779999999999987,0.053000000000000824,0.14699999999999847,0.053000000000000824,qso
0.05699999999999861,-0.370000000000001,-0.2789999999999999,-0.3589999999999982,wd
2.0661609999999975,0.8598110000000005,0.3054830000000024,0.16703099999999793,star
1.8004110000000004,0.7289909999999971,0.26965900000000076,0.1311549999999997,star
1.6263269999999999,0.5906959999999977,0.19048400000000143,0.11923200000000023,star
0.21099999999999852,0.0470000000000006,0.13100000000000023,-0.18100000000000094,qso
0.4269999999999996,-0.23799999999999955,-0.23600000000000065,-0.3230000000000004,wd
1.735705000000003,0.6633029999999991,0.25349999999999895,0.13435400000000186,star
0.43400000000000105,0.13599999999999923,-0.01899999999999835,-0.019999999999999574,wd
1.2155190000000005,0.4522149999999989,0.18212500000000098,0.05839799999999862,star
0.9084360000000018,0.34702399999999756,0.13152700000000195,0.027497000000000327,star
0.4609999999999985,-0.12299999999999756,-0.18599999999999994,-0.3279999999999994,wd
0.3059999999999974,0.28300000000000125,0.26200000000000045,-0.19000000000000128,qso
0.36299999999999955,0.028999999999999915,-0.028999999999999915,-0.1280000000000001,wd
0.25700000000000145,0.06599999999999895,0.1440000000000019,-0.0730000000000004,qso
-0.36499999999999844,-0.4789999999999992,-0.3240000000000016,-0.31599999999999895,wd
0.9213050000000003,0.25082000000000093,0.10314699999999988,0.010041999999998552,star
-0.020999999999997243,-0.36599999999999966,-0.2560000000000002,-0.15300000000000225,wd
1.8992959999999997,0.7265560000000022,0.23255199999999832,0.18167500000000203,star
0.4559999999999995,-0.062000000000001165,0.5060000000000002,0.5380000000000003,wd
0.994389,0.38600600000000007,0.10077899999999929,-0.037882999999999,star
1.021062999999998,0.2088169999999998,0.07445500000000038,-0.029720999999998554,star
0.39099999999999824,0.06800000000000139,0.2289999999999992,0.0519999999999996,qso
1.3824229999999993,0.5132930000000009,0.17809299999999872,0.09306900000000162,star
0.3440000000000012,-0.12899999999999778,-0.2920000000000016,0.006000000000000227,wd
1.004847999999999,0.23073199999999972,0.06087300000000084,-0.009641000000002009,star
1.1915820000000004,0.5517770000000013,0.1592269999999978,0.040224000000002036,star
1.204701,0.4496589999999987,0.16999100000000134,0.0374099999999995,star
0.740000000000002,-0.20500000000000185,0.15600000000000236,0.5829999999999984,wd
0.08600000000000207,-0.054000000000002046,0.28500000000000014,0.10200000000000031,qso
0.2889999999999979,0.053000000000000824,0.23499999999999943,0.13100000000000023,qso
2.273997999999999,0.918921000000001,0.3316619999999997,0.16546000000000127,star
0.4559999999999995,0.14199999999999946,0.006000000000000227,-0.0730000000000004,wd
0.23799999999999955,0.19500000000000028,0.31599999999999895,-0.05099999999999838,qso
-0.2259999999999991,-0.4440000000000026,-0.35199999999999676,-0.20700000000000074,wd
-0.006000000000000227,-0.39399999999999835,-0.25900000000000034,-0.37400000000000233,wd
0.9412289999999999,0.3088659999999983,0.13905200000000306,0.017001999999997963,star
0.4299999999999997,-0.14699999999999847,-0.030999999999998806,-0.16300000000000026,wd
0.4569999999999972,-0.0009999999999976694,-0.10100000000000264,-0.1789999999999985,wd
0.5840000000000032,0.10299999999999798,0.10600000000000165,0.16799999999999926,qso
0.9108849999999968,0.14957100000000167,0.040700999999998544,-0.0042839999999984,star
0.10499999999999687,0.3940000000000019,0.19200000000000017,0.370000000000001,qso
0.2010000000000005,-0.0470000000000006,0.12700000000000244,0.17599999999999838,qso
1.5366560000000007,0.6319230000000005,0.24921099999999896,0.08304700000000054,star
0.46699999999999875,-0.027999999999998693,-0.1269999999999989,-0.12700000000000244,wd
0.31700000000000017,0.26399999999999935,0.06599999999999895,0.045000000000001705,qso
2.506011000000001,1.398423000000001,0.7964929999999981,0.2600549999999995,star
1.6701939999999986,0.6873320000000014,0.20460199999999773,0.16822400000000215,star
0.4540000000000006,0.1869999999999976,0.015000000000000568,-0.07499999999999929,wd
0.5310000000000024,0.593,0.9759999999999991,0.5539999999999985,wd
0.1680000000000028,0.0019999999999988916,0.0799999999999983,0.13200000000000145,qso
1.335843999999998,0.5300140000000013,0.16829099999999997,0.06609399999999965,star
0.4720000000000013,0.03999999999999915,-0.053000000000000824,-0.13799999999999812,wd
0.917075999999998,0.24443799999999882,0.09917599999999993,0.014698000000002764,star
0.004000000000001336,-0.272000000000002,-0.2749999999999986,-0.2469999999999999,wd
-0.021999999999998465,-0.3550000000000004,-0.32200000000000273,-0.232999999999997,wd
0.3190000000000026,-0.3019999999999996,-0.25,-0.18200000000000216,wd
1.3119659999999982,0.5046230000000005,0.21293000000000006,0.06768600000000013,star
0.2680000000000007,-0.2729999999999997,-0.41300000000000026,-0.1750000000000007,wd
0.26599999999999824,0.04400000000000048,0.27500000000000213,-0.03300000000000125,qso
0.3760000000000012,-0.04899999999999949,-0.0710000000000015,-0.19299999999999784,wd
0.2710000000000008,-0.027000000000001023,-0.11899999999999977,0.10300000000000153,qso
0.4280000000000008,-0.20599999999999952,-0.23400000000000176,-0.11499999999999844,wd
1.712720000000001,0.6889709999999987,0.2895050000000019,0.1599029999999999,star
-0.10800000000000054,-0.379999999999999,-0.3200000000000003,-0.38700000000000045,wd
0.9429090000000002,0.297936,0.034375999999998186,0.15845900000000057,star
1.117599000000002,0.3710169999999984,0.15601500000000001,0.04330500000000015,star
0.588000000000001,0.3260000000000005,0.29799999999999827,0.15700000000000003,qso
0.3019999999999996,-0.16100000000000136,-0.18400000000000105,-0.134999999999998,wd
-0.0519999999999996,0.18900000000000006,0.08000000000000185,-0.060000000000002274,qso
1.1687390000000022,0.4344329999999985,0.18864699999999957,0.026351000000000013,star
0.39000000000000057,-0.11899999999999977,-0.05700000000000216,-0.2129999999999974,wd
-0.03399999999999892,0.3539999999999992,0.0020000000000024443,-0.028000000000002245,qso
0.3440000000000012,-0.26399999999999935,-0.11599999999999966,-0.4490000000000016,wd
0.1490000000000009,-0.3230000000000004,-0.26000000000000156,0.08099999999999952,wd
0.1720000000000006,0.1769999999999996,0.08899999999999864,0.18700000000000117,qso
0.8962189999999985,0.30495400000000217,0.09827299999999894,0.05197499999999877,star
0.4319999999999986,-0.007999999999999119,-0.062000000000001165,-0.24899999999999878,wd
0.04299999999999926,0.375,0.054000000000002046,-0.16300000000000026,qso
0.4090000000000025,-0.045000000000001705,-0.07199999999999918,-0.26200000000000045,wd
0.7220000000000013,0.004000000000001336,0.23999999999999844,0.7049999999999983,wd
-0.10099999999999909,0.007999999999999119,0.20899999999999963,0.11200000000000188,qso
0.26099999999999923,-0.2779999999999987,-0.2630000000000017,-0.2530000000000001,wd
0.2980000000000018,-0.29100000000000037,-0.25,-0.1670000000000016,wd
1.2414549999999984,0.4527169999999998,0.1626890000000003,0.03789199999999937,star
1.4694459999999978,0.6287860000000016,0.2677499999999995,0.13502099999999828,star
0.3979999999999997,-0.11199999999999832,-0.17300000000000182,-0.007999999999999119,wd
1.5891090000000005,0.6167949999999998,0.20352300000000056,0.09261699999999884,star
0.5399999999999991,0.1280000000000001,0.03999999999999915,0.07000000000000028,wd
0.2530000000000001,-0.05699999999999861,0.2259999999999991,0.015000000000000568,qso
1.6110189999999989,0.6134890000000013,0.2307990000000011,0.1268229999999999,star
0.2660000000000018,0.18499999999999872,0.25,0.26099999999999923,qso
0.22000000000000242,0.14299999999999713,0.10200000000000031,0.08699999999999974,qso
0.5210000000000008,-0.23600000000000065,-0.21600000000000108,-0.3619999999999983,wd
0.5850000000000009,-0.07900000000000063,0.13799999999999812,0.09100000000000108,qso
0.11700000000000088,0.19899999999999807,-0.22199999999999775,0.0519999999999996,qso
1.1583249999999978,0.4500069999999994,0.13696700000000206,0.06325499999999806,star
0.3620000000000019,0.2759999999999998,0.006000000000000227,0.10500000000000043,qso
0.40500000000000114,-0.28300000000000125,-0.2749999999999986,0.08999999999999986,wd
0.5650000000000013,-0.0019999999999988916,-0.029000000000003467,0.43599999999999994,qso
0.4220000000000006,-0.10300000000000153,-0.1529999999999987,-0.10500000000000043,wd
0.06700000000000017,0.0010000000000012221,0.2839999999999989,-0.12299999999999756,qso
1.1519890000000004,0.5299759999999978,0.18199700000000263,0.13234299999999877,star
0.19900000000000162,0.0019999999999988916,0.2259999999999991,-0.05699999999999861,qso
0.4170000000000016,0.007999999999999119,-0.019000000000001904,-0.019999999999999574,wd
0.5060000000000002,-0.0920000000000023,-0.019999999999999574,-0.16499999999999915,wd
0.31200000000000117,-0.26500000000000057,-0.28000000000000114,-0.44099999999999895,wd
0.3609999999999971,-0.02699999999999747,-0.20700000000000074,0.04400000000000048,wd
0.40000000000000213,0.04100000000000037,-0.07400000000000162,-0.11700000000000088,wd
0.3879999999999981,-0.2779999999999987,-0.20899999999999963,-0.3440000000000012,wd
1.5021949999999968,0.5904390000000017,0.189762,0.07588999999999935,star
2.1211780000000005,0.7932989999999993,0.26428099999999866,0.1316839999999999,star
0.11899999999999977,0.2589999999999968,0.02400000000000091,-0.08500000000000085,qso
0.3240000000000016,0.09299999999999997,0.16400000000000148,-0.04200000000000159,qso
0.1280000000000001,0.06500000000000128,-0.12300000000000111,-0.03300000000000125,qso
1.237880999999998,0.455993000000003,0.16203099999999893,0.043862000000000734,star
0.16699999999999804,0.10200000000000031,-0.07699999999999818,0.02699999999999747,qso
0.25,0.0779999999999994,0.2970000000000006,-0.31200000000000117,qso
0.010000000000001563,0.39899999999999736,0.14499999999999957,0.0400000000000027,qso
1.0299830000000014,0.5149599999999985,0.255548000000001,0.07477799999999846,star
0.15800000000000125,-0.35400000000000276,-0.26699999999999946,-0.32099999999999795,wd
0.35999999999999943,0.16799999999999926,0.21000000000000085,-0.03200000000000003,qso
1.0486369999999994,0.34477199999999897,0.13218200000000202,0.02100499999999883,star
2.2208930000000002,0.937187999999999,0.3687940000000012,0.18393899999999874,star
0.35999999999999943,0.05900000000000105,0.17999999999999972,0.11199999999999832,qso
0.3359999999999985,-0.08999999999999986,-0.14499999999999957,-0.17999999999999972,wd
1.733357999999999,0.5376809999999992,0.22890299999999897,0.15055500000000066,star
0.4440000000000026,0.0009999999999976694,-0.08399999999999963,-0.06299999999999883,wd
0.07600000000000051,-0.07000000000000028,0.22299999999999898,0.12400000000000233,qso
0.3460000000000001,-0.25700000000000145,-0.23400000000000176,-0.3359999999999985,wd
0.9790320000000001,0.5293939999999999,0.1338809999999988,0.13522899999999893,star
1.8372059999999983,0.7722650000000009,0.3145869999999995,0.19097900000000045,star
0.13000000000000256,0.022999999999999687,0.11599999999999966,0.29100000000000037,qso
2.1999559999999967,0.9286880000000011,0.3539210000000015,0.1825309999999991,star
0.31099999999999994,0.04400000000000048,0.24299999999999855,-0.10299999999999798,qso
2.2997929999999975,1.0148849999999996,0.3733850000000025,0.18424199999999757,star
0.4349999999999987,-0.030000000000001137,-0.14999999999999858,-0.1670000000000016,wd
1.0952759999999984,0.4281250000000014,0.11364400000000074,0.09108699999999814,star
0.1479999999999997,0.28500000000000014,0.1460000000000008,0.04999999999999716,qso
